codice,file,w,h,keep,elementi,item,item_w,item_h,dcol,dedge,ink,item_rot
BD23023,BD23023__solo.webp,1528,943,0.996,7,BD23023__item.webp,860,675,,,,
CE1061IT-0A,CE1061IT-0A__solo.webp,624,973,0.873,1,CE1061IT-0A__item.webp,577,900,60.14,0.1128,,
CE1061IT-0B,CE1061IT-0B__solo.webp,622,972,0.877,1,CE1061IT-0B__item.webp,575,900,60.14,0.1128,,
CE1061IT-0C,CE1061IT-0C__solo.webp,618,972,0.884,1,CE1061IT-0C__item.webp,572,900,60.14,0.1128,,
CE1061IT-0Q,CE1061IT-0Q__solo.webp,621,972,0.858,1,CE1061IT-0Q__item.webp,575,900,60.14,0.1128,,
CE1061IT-10,CE1061IT-10__solo.webp,625,977,0.878,1,CE1061IT-10__item.webp,575,900,60.14,0.1128,,
CE1061IT-1R,CE1061IT-1R__solo.webp,622,973,0.891,1,CE1061IT-1R__item.webp,575,900,60.14,0.1128,,
CE1061IT-4F,CE1061IT-4F__solo.webp,624,972,0.87,1,CE1061IT-4F__item.webp,577,900,60.14,0.1128,,
CE1061IT-4M,CE1061IT-4M__solo.webp,622,976,0.85,1,CE1061IT-4M__item.webp,573,900,60.14,0.1128,,
CE1061IT-5M,CE1061IT-5M__solo.webp,625,977,0.865,1,CE1061IT-5M__item.webp,575,900,60.14,0.1128,,
CE1064IT-0A,CE1064IT-0A__solo.webp,1198,928,0.916,4,CE1064IT-0A__item.webp,564,795,60.14,0.1128,,
CE1064IT-0B,CE1064IT-0B__solo.webp,1198,928,0.916,4,CE1064IT-0B__item.webp,564,795,60.14,0.1128,,
CE1064IT-0C,CE1064IT-0C__solo.webp,1497,939,1.0,5,CE1064IT-0C__item.webp,564,795,60.14,0.1128,,
CE1064IT-0Q,CE1064IT-0Q__solo.webp,1198,928,0.904,4,CE1064IT-0Q__item.webp,564,795,60.14,0.1128,,
CE1064IT-10,CE1064IT-10__solo.webp,1198,928,0.917,4,CE1064IT-10__item.webp,564,795,60.14,0.1128,,
CE1064IT-1R,CE1064IT-1R__solo.webp,1198,928,0.927,4,CE1064IT-1R__item.webp,564,795,60.14,0.1128,,
CE1064IT-4M,CE1064IT-4M__solo.webp,1198,928,0.895,4,CE1064IT-4M__item.webp,564,795,60.14,0.1128,,
CE1064IT-5M,CE1064IT-5M__solo.webp,1198,928,0.904,4,CE1064IT-5M__item.webp,564,795,60.14,0.1128,,
EX032,EX032__solo.webp,1544,947,0.951,10,EX032__item.webp,458,562,,,,
EX167-100IT,EX167-100IT__solo.webp,721,948,0.948,1,EX167-100IT__item.webp,548,900,,,,
HK57009,HK57009__solo.webp,1568,986,0.997,9,HK57009__item.webp,454,534,,,,
HK57013,HK57013__solo.webp,1568,987,1.0,5,HK57013__item.webp,844,282,,,,
HK57014,HK57014__solo.webp,1568,987,1.0,4,HK57014__item.webp,900,793,,,,
HK57020,HK57020__solo.webp,1566,987,1.0,11,HK57020__item.webp,730,506,,,,
KU40004,KU40004__solo.webp,1552,992,0.994,5,KU40004__item.webp,551,789,14.34,0.1189,,
KU40005,KU40005__solo.webp,1552,992,0.987,4,KU40005__item.webp,525,755,14.34,0.1189,,
KU57009,KU57009__solo.webp,1552,992,0.997,10,KU57009__item.webp,900,524,,,,
KU57013,KU57013__solo.webp,1540,992,1.0,6,KU57013__item.webp,796,384,,,,
KU57014,KU57014__solo.webp,1098,958,0.851,4,KU57014__item.webp,699,900,,,,
KU57020,KU57020__solo.webp,1551,991,0.997,12,KU57020__item.webp,193,421,,,,
MO001,MO001__solo.webp,1511,941,0.99,4,MO001__item.webp,900,568,,,,
MO013,MO013__solo.webp,1506,941,0.99,4,MO013__item.webp,900,515,,,,
MO248IT-01,MO248IT-01__solo.webp,1551,899,0.989,7,MO248IT-01__item.webp,163,227,47.59,0.1631,,
MO248IT-02,MO248IT-02__solo.webp,1568,938,0.988,8,MO248IT-02__item.webp,551,233,47.59,0.1631,,
MO248IT-03,MO248IT-03__solo.webp,1568,933,0.987,8,MO248IT-03__item.webp,557,239,47.59,0.1631,,
MO248IT-04,MO248IT-04__solo.webp,1568,933,0.989,8,MO248IT-04__item.webp,578,251,47.59,0.1631,,
MO248IT-05,MO248IT-05__solo.webp,1568,940,0.989,6,MO248IT-05__item.webp,900,630,47.59,0.1631,,
MO506-2,MO506-2__solo.webp,1532,943,0.985,4,MO506-2__item.webp,564,813,71.65,0.1154,,
MO506-3,MO506-3__solo.webp,1537,943,0.985,6,MO506-3__item.webp,547,823,71.65,0.1154,,
MO506-5,MO506-5__solo.webp,1529,941,0.985,4,MO506-5__item.webp,575,813,71.65,0.1154,,
MO506-6,MO506-6__solo.webp,1496,942,0.985,4,MO506-6__item.webp,567,818,71.65,0.1154,,
MO507-2,MO507-2__solo.webp,1553,941,0.993,4,MO507-2__item.webp,645,710,73.55,0.1447,,
MO507-3,MO507-3__solo.webp,1568,961,0.993,4,MO507-3__item.webp,630,736,73.55,0.1447,,
MO507-5,MO507-5__solo.webp,1525,960,0.993,4,MO507-5__item.webp,577,734,73.55,0.1447,,
MO507-6,MO507-6__solo.webp,1525,954,0.993,4,MO507-6__item.webp,576,728,73.55,0.1447,,
MO508-1,MO508-1__solo.webp,1525,947,0.983,4,MO508-1__item.webp,502,648,54.1,0.1088,,
MO508-2,MO508-2__solo.webp,1526,951,0.984,4,MO508-2__item.webp,526,654,54.1,0.1088,,
MO508-3,MO508-3__solo.webp,1525,946,0.983,4,MO508-3__item.webp,505,649,54.1,0.1088,,
MO508-4,MO508-4__solo.webp,1525,947,0.983,4,MO508-4__item.webp,505,649,54.1,0.1088,,
MO509-2,MO509-2__solo.webp,1537,753,0.984,4,MO509-2__item.webp,806,678,82.08,0.1194,,
MO509-3,MO509-3__solo.webp,1567,883,0.982,5,MO509-3__item.webp,805,678,82.08,0.1194,,
MO509-5,MO509-5__solo.webp,1567,883,0.982,5,MO509-5__item.webp,805,679,82.08,0.1194,,
MO509-6,MO509-6__solo.webp,1538,753,0.984,4,MO509-6__item.webp,805,678,82.08,0.1194,,
PA001,PA001__solo.webp,965,845,0.966,3,PA001__item.webp,727,150,7.62,0.0995,,
PA002,PA002__solo.webp,1187,904,0.969,3,PA002__item.webp,900,142,7.62,0.0995,,
PA003,PA003__solo.webp,1376,966,0.97,3,PA003__item.webp,900,105,7.62,0.0995,,
PA003A,PA003A__solo.webp,1258,971,0.954,3,PA003A__item.webp,900,78,7.62,0.0995,,
PA004,PA004__solo.webp,1344,974,0.952,3,PA004__item.webp,900,64,7.62,0.0995,,
PA005,PA005__solo.webp,872,852,0.739,4,PA005__item.webp,563,67,13.61,0.1582,,
PA006,PA006__solo.webp,903,691,0.737,5,PA006__item.webp,669,80,13.61,0.1582,,
PA007,PA007__solo.webp,1151,872,0.753,5,PA007__item.webp,878,72,13.61,0.1582,,
PA008,PA008__solo.webp,1263,929,0.76,5,PA008__item.webp,900,49,13.61,0.1582,,
PA010,PA010__solo.webp,1527,950,0.989,5,PA010__item.webp,209,900,,,,
PA011,PA011__solo.webp,1450,954,0.991,4,PA011__item.webp,459,183,,,,
PA012-01,PA012-01__solo.webp,1533,851,0.991,3,PA012-01__item.webp,387,328,15.02,0.0972,,
PA012-02,PA012-02__solo.webp,940,849,0.779,2,PA012-02__item.webp,386,329,15.02,0.0972,,
PA012-06,PA012-06__solo.webp,1178,851,0.766,3,,,,15.02,0.0972,,
PA016,PA016__solo.webp,1530,965,0.991,1,PA016__item.webp,900,711,82.58,0.3015,,
PA017,PA017__solo.webp,1557,852,0.993,5,PA017__item.webp,900,772,,,,
PA102,PA102__solo.webp,1529,821,0.932,6,PA102__item.webp,403,805,,,,
PA103,PA103__solo.webp,1528,899,0.988,4,PA103__item.webp,794,374,,,,
PA104,PA104__solo.webp,1549,848,0.988,4,PA104__item.webp,610,515,,,,
PA105,PA105__solo.webp,1528,938,0.991,5,PA105__item.webp,878,853,,,,
PA106,PA106__solo.webp,1527,901,0.986,3,PA106__item.webp,686,369,,,,
PA107,PA107__solo.webp,1530,942,0.991,8,PA107__item.webp,609,326,7.85,0.1321,,
PA108,PA108__solo.webp,1528,940,0.992,9,PA108__item.webp,189,207,7.85,0.1321,,
PA109,PA109__solo.webp,1527,940,0.984,6,PA109__item.webp,199,900,,,,
PA110,PA110__solo.webp,1528,898,0.989,5,PA110__item.webp,394,511,,,,
PA1101-1,PA1101-1__solo.webp,1521,951,0.987,4,PA1101-1__item.webp,324,605,31.54,0.0242,,
PA1101-2,PA1101-2__solo.webp,1521,957,0.987,4,PA1101-2__item.webp,314,600,31.54,0.0242,,
PA1102,PA1102__solo.webp,1528,943,0.983,6,PA1102__item.webp,364,900,,,,
PA1104,PA1104__solo.webp,1528,939,0.957,5,PA1104__item.webp,900,181,82.58,0.3015,,
PA1105,PA1105__solo.webp,1531,950,0.989,3,PA1105__item.webp,714,307,,,,
PA112,PA112__solo.webp,1528,930,0.992,3,PA112__item.webp,704,355,,,,
PA117,PA117__solo.webp,578,944,0.917,2,PA117__item.webp,288,854,32.9,0.2446,,
PA117C,PA117C__solo.webp,641,757,0.946,4,PA117C__item.webp,164,757,32.9,0.2446,,
PA118-1,PA118-1__solo.webp,1083,773,0.92,3,PA118-1__item.webp,228,602,47.69,0.0184,,
PA118-2,PA118-2__solo.webp,1082,771,0.92,3,PA118-2__item.webp,228,599,47.69,0.0184,,
PA118-3,PA118-3__solo.webp,1082,771,0.92,3,PA118-3__item.webp,229,599,47.69,0.0184,,
PA119-1,PA119-1__solo.webp,1182,758,0.856,7,PA119-1__item.webp,255,700,22.57,0.0161,,
PA119-2,PA119-2__solo.webp,1185,758,0.852,6,PA119-2__item.webp,251,700,22.57,0.0161,,
PA120M,PA120M__solo.webp,1528,944,1.0,5,PA120M__item.webp,95,900,,,,
PA122,PA122__solo.webp,495,444,0.98,1,PA122__item.webp,468,450,1.97,0.1887,,
PA122L,PA122L__solo.webp,856,738,0.987,2,PA122L__p2.webp,352,738,1.97,0.1887,,
PA123B,PA123B__solo.webp,647,862,0.836,2,PA123B__item.webp,84,318,17.13,0.175,,
PA123D,PA123D__solo.webp,1534,943,0.982,4,PA123D__item.webp,288,852,17.13,0.175,,
PA124,PA124__solo.webp,1463,956,0.977,4,PA124__item.webp,297,886,38.02,0.0818,,
PA124C,PA124C__solo.webp,1456,947,0.984,4,PA124C__item.webp,246,900,38.02,0.0818,,
PA125,PA125__solo.webp,1101,915,0.945,5,PA125__item.webp,232,651,38.74,0.1893,,
PA125C,PA125C__solo.webp,1474,851,0.951,3,,,,38.74,0.1893,,
PA127,PA127__solo.webp,1478,956,0.954,7,PA127__item.webp,284,763,38.74,0.1893,,
PA130,PA130__solo.webp,1524,942,0.992,3,PA130__item.webp,683,453,,,,
PA131,PA131__solo.webp,1050,838,0.877,3,PA131__item.webp,662,242,37.47,0.0146,,
PA131P,PA131P__solo.webp,1066,844,0.879,3,PA131P__item.webp,662,243,37.47,0.0146,,
PA132,PA132__solo.webp,926,869,0.911,2,PA132__item.webp,538,799,,,,
PA133,PA133__solo.webp,913,830,0.909,2,PA133__item.webp,540,792,,,,
PA135,PA135__solo.webp,1531,893,0.993,3,PA135__item.webp,784,414,,,,
PA136,PA136__solo.webp,1319,891,0.963,5,PA136__item.webp,900,508,45.29,0.1833,,
PA136L,PA136L__solo.webp,1455,930,0.936,3,PA136L__item.webp,784,333,45.29,0.1833,,
PA137-3,PA137-3__solo.webp,909,808,0.874,4,PA137-3__item.webp,332,172,84.85,0.1793,,
PA137,PA137__solo.webp,1527,879,0.91,5,PA137__item.webp,425,239,84.85,0.1793,,
PA137M-3,PA137M-3__solo.webp,1086,850,0.88,2,PA137M-3__item.webp,498,678,84.85,0.1793,,
PA137M,PA137M__solo.webp,902,757,0.855,5,PA137M__item.webp,220,129,84.85,0.1793,,
PA138-3,PA138-3__solo.webp,1217,925,0.822,5,PA138-3__p1.webp,409,847,2.36,0.084,,
PA138,PA138__solo.webp,1077,921,0.915,3,PA138__item.webp,154,828,2.36,0.084,,
PA139,PA139__solo.webp,1103,815,0.89,2,PA139__item.webp,532,420,,,,
PA140,PA140__solo.webp,1140,820,0.823,3,PA140__item.webp,468,203,48.88,0.0337,,
PA140Q,PA140Q__solo.webp,1131,875,0.828,3,PA140Q__item.webp,306,134,48.88,0.0337,,
PA141,PA141__solo.webp,1049,809,0.797,3,PA141__item.webp,359,155,49.83,0.0139,,
PA141Q,PA141Q__solo.webp,1153,870,0.838,2,PA141Q__item.webp,360,155,49.83,0.0139,,
PA144,PA144__solo.webp,1565,916,0.988,3,,,,40.05,0.181,,
PA144C,PA144C__solo.webp,1541,909,0.993,9,PA144C__item.webp,900,537,40.05,0.181,,
PA144G,PA144G__solo.webp,1378,943,0.856,4,PA144G__item.webp,482,900,40.05,0.181,,
PA144P,PA144P__solo.webp,1250,914,0.881,4,PA144P__item.webp,461,900,40.05,0.181,,
PA146-1,PA146-1__solo.webp,1528,945,0.988,4,PA146-1__item.webp,623,367,0.17,0.0022,,
PA146-2,PA146-2__solo.webp,1528,943,0.987,4,PA146-2__item.webp,623,367,0.17,0.0022,,
PA146-3,PA146-3__solo.webp,1391,887,0.994,3,PA146-3__item.webp,749,441,0.17,0.0022,,
PA146,PA146__solo.webp,1529,949,0.937,4,PA146__item.webp,623,367,0.17,0.0022,,
PA147,PA147__solo.webp,1483,973,0.986,6,,,,40.05,0.181,,
PA147P,PA147P__solo.webp,1105,908,0.838,5,,,,40.05,0.181,,
PA148-A3,PA148-A3__solo.webp,1526,804,0.987,9,PA148-A3__item.webp,900,375,14.91,0.0737,,
PA148-A4,PA148-A4__solo.webp,1528,943,0.99,5,PA148-A4__item.webp,493,663,14.91,0.0737,,
PA148-A5,PA148-A5__solo.webp,1525,665,0.989,7,PA148-A5__item.webp,493,657,14.91,0.0737,,
PA159,PA159__solo.webp,1448,918,0.982,6,PA159__item.webp,716,92,13.67,0.2141,,
PA159P,PA159P__solo.webp,1528,874,0.986,6,PA159P__item.webp,431,75,13.67,0.2141,,
PA160G,PA160G__solo.webp,1529,943,0.987,6,PA160G__item.webp,632,289,,,,
PA165,PA165__solo.webp,963,819,0.847,4,PA165__item.webp,342,393,,,,
PA166,PA166__solo.webp,1528,726,0.992,3,PA166__item.webp,562,424,,,,
PA167,PA167__solo.webp,1526,725,0.992,3,PA167__item.webp,581,388,,,,
PA168,PA168__solo.webp,1530,863,0.933,5,PA168__item.webp,692,394,46.64,0.1727,,
PA168B,PA168B__solo.webp,1156,901,0.78,4,PA168B__item.webp,418,900,46.64,0.1727,,
PA168M,PA168M__solo.webp,835,604,0.976,2,PA168M__item.webp,760,564,46.64,0.1727,,
PA168P,PA168P__solo.webp,1528,944,0.992,6,PA168P__item.webp,417,900,46.64,0.1727,,
PA169,PA169__solo.webp,1527,944,0.992,6,PA169__item.webp,158,891,,,,
PA170,PA170__solo.webp,1528,900,0.985,3,PA170__item.webp,251,503,12.8,0.0989,,
PA171,PA171__solo.webp,1528,900,0.987,3,PA171__item.webp,288,571,12.8,0.0989,,
PA172,PA172__solo.webp,1527,899,0.977,3,PA172__item.webp,402,811,12.8,0.0989,,
PA173,PA173__solo.webp,1528,899,0.979,3,PA173__item.webp,440,887,12.8,0.0989,,
PA174,PA174__solo.webp,1528,898,0.985,4,PA174__item.webp,698,898,,,,
PA175,PA175__solo.webp,1528,899,0.972,3,PA175__item.webp,250,541,0.3,0.0085,,
PA176,PA176__solo.webp,1528,899,0.969,3,PA176__item.webp,321,695,0.3,0.0085,,
PA177,PA177__solo.webp,1528,898,0.975,3,PA177__item.webp,355,771,0.3,0.0085,,
PA178,PA178__solo.webp,1528,939,0.976,3,PA178__item.webp,414,900,0.3,0.0085,,
PA181,PA181__solo.webp,1477,917,0.99,4,PA181__item.webp,492,295,31.52,0.1504,,
PA181B,PA181B__solo.webp,1000,735,0.987,3,PA181B__item.webp,172,158,31.52,0.1504,,
PA183,PA183__solo.webp,1120,761,0.875,4,PA183__item.webp,341,394,,,,
PA189,PA189__solo.webp,902,884,0.894,3,PA189__item.webp,319,401,,,,
PA193,PA193__solo.webp,1080,970,0.992,3,PA193__item.webp,629,393,,,,
PA194,PA194__solo.webp,1528,905,0.989,4,PA194__item.webp,107,844,,,,
PA195,PA195__solo.webp,1528,899,0.989,4,PA195__item.webp,106,852,,,,
PA201,PA201__solo.webp,1159,829,0.744,6,PA201__item.webp,104,851,,,,
PA202,PA202__solo.webp,1542,823,0.992,4,PA202__item.webp,106,843,,,,
PA212,PA212__solo.webp,954,655,0.764,2,PA212__item.webp,437,655,7.55,0.0581,,
PA213,PA213__solo.webp,946,656,0.765,2,PA213__item.webp,439,656,7.55,0.0581,,
PA214-01,PA214-01__solo.webp,1463,958,0.977,4,PA214-01__item.webp,401,281,0.25,0.0099,,
PA214-02,PA214-02__solo.webp,1556,961,0.98,4,PA214-02__item.webp,402,281,0.25,0.0099,,
PA214-03,PA214-03__solo.webp,1471,965,0.982,4,PA214-03__item.webp,401,282,0.25,0.0099,,
PA215-01,PA215-01__solo.webp,1221,939,0.745,3,PA215-01__item.webp,654,839,0.1,0.022,,
PA215-S,PA215-S__solo.webp,1218,931,0.725,3,PA215-S__item.webp,651,841,0.1,0.022,,
PA216-01,PA216-01__solo.webp,1528,945,0.985,3,PA216-01__item.webp,628,327,,,,
PA220,PA220__solo.webp,858,628,0.983,3,PA220__item.webp,324,190,,,,
PA221-S,PA221-S__solo.webp,1207,904,0.719,5,PA221-S__item.webp,679,307,1.31,0.0188,,
PA221,PA221__solo.webp,1209,909,0.722,4,PA221__item.webp,617,279,1.31,0.0188,,
PA230,PA230__solo.webp,1532,909,0.994,10,PA230__item.webp,900,832,,,,
PA261,PA261__solo.webp,1542,818,0.987,4,PA261__item.webp,900,145,30.29,0.1802,,
PA262,PA262__solo.webp,1524,830,0.981,4,PA262__item.webp,841,289,,,,
PA263,PA263__solo.webp,1524,830,0.982,4,PA263__item.webp,900,304,,,,
PA265,PA265__solo.webp,1527,828,0.99,4,PA265__p1.webp,900,324,30.29,0.1802,,
PA273,PA273__solo.webp,1568,733,0.98,4,PA273__item.webp,769,374,,,,
PA337-1,PA337-1__solo.webp,1507,956,0.988,4,PA337-1__item.webp,333,251,,,,
PA341-1,PA341-1__solo.webp,1028,743,0.916,3,PA341-1__item.webp,220,273,58.66,0.1506,,
PA341-2,PA341-2__solo.webp,1042,736,0.918,3,PA341-2__item.webp,228,273,58.66,0.1506,,
PA341-3,PA341-3__solo.webp,1139,821,0.931,2,PA341-3__item.webp,357,233,58.66,0.1506,,
PA341-4,PA341-4__solo.webp,991,737,0.925,2,PA341-4__item.webp,257,169,58.66,0.1506,,
PA341-5,PA341-5__solo.webp,1202,721,0.928,2,PA341-5__p2.webp,492,165,58.66,0.1506,,
PA341-6,PA341-6__solo.webp,1042,716,0.955,3,PA341-6__p2.webp,496,165,58.66,0.1506,,
PA341-7,PA341-7__solo.webp,1108,735,0.955,3,PA341-7__p2.webp,410,161,58.66,0.1506,,
PA342-1,PA342-1__solo.webp,1153,737,0.915,2,PA342-1__p2.webp,470,199,10.96,0.1784,,
PA342-2,PA342-2__solo.webp,1190,796,0.928,5,PA342-2__item.webp,497,381,10.96,0.1784,,
PA342-4,PA342-4__solo.webp,1360,802,0.94,2,PA342-4__p2.webp,725,304,10.96,0.1784,,
PA342-5,PA342-5__solo.webp,1282,794,0.936,3,PA342-5__p2.webp,501,244,10.96,0.1784,,
PA342-6,PA342-6__solo.webp,1231,785,0.926,2,PA342-6__item.webp,516,273,10.96,0.1784,,
PA342-7,PA342-7__solo.webp,1404,792,0.93,8,PA342-7__item.webp,683,476,10.96,0.1784,,
PA342-8,PA342-8__solo.webp,1359,801,0.915,2,PA342-8__p3.webp,725,307,10.96,0.1784,,
PA342-9,PA342-9__solo.webp,1240,869,0.914,3,PA342-9__item.webp,624,302,10.96,0.1784,,
PA343-1,PA343-1__solo.webp,929,753,0.95,2,PA343-1__item.webp,360,234,8.41,0.1726,,
PA343-2,PA343-2__solo.webp,1098,753,0.935,2,PA343-2__item.webp,360,234,8.41,0.1726,,
PA343-3,PA343-3__solo.webp,1120,712,0.936,2,PA343-3__item.webp,465,199,8.41,0.1726,,
PA343-4,PA343-4__solo.webp,1074,784,0.932,2,PA343-4__item.webp,412,201,8.41,0.1726,,
PA343-5,PA343-5__solo.webp,1005,712,0.94,1,PA343-5__item.webp,382,595,8.41,0.1726,,
PA344-1,PA344-1__solo.webp,981,732,0.942,4,PA344-1__item.webp,150,307,51.32,0.1644,,
PA344-2,PA344-2__solo.webp,1216,708,0.948,5,PA344-2__item.webp,139,253,51.32,0.1644,,
PA344-3,PA344-3__solo.webp,931,711,0.945,4,,,,51.32,0.1644,,
PA345-1,PA345-1__solo.webp,1064,770,0.928,4,PA345-1__item.webp,250,143,34.28,0.1468,,
PA345-2,PA345-2__solo.webp,725,710,0.871,2,PA345-2__item.webp,124,57,34.28,0.1468,,
PA346-1,PA346-1__solo.webp,992,717,0.932,6,,,,41.27,0.1862,,
PA346-2,PA346-2__solo.webp,1035,712,0.918,5,PA346-2__item.webp,373,172,41.27,0.1862,,
PA346-3,PA346-3__solo.webp,504,717,0.906,1,PA346-3__item.webp,504,717,41.27,0.1862,,
PA346-4,PA346-4__solo.webp,1062,708,0.929,2,PA346-4__p2.webp,459,294,41.27,0.1862,,
PA347-1,PA347-1__solo.webp,1001,796,0.927,4,PA347-1__item.webp,212,223,32.95,0.1758,,
PA347-2,PA347-2__solo.webp,1055,720,0.934,2,PA347-2__item.webp,348,143,32.95,0.1758,,
PA348-1,PA348-1__solo.webp,960,818,0.939,3,PA348-1__p1.webp,500,711,11.75,0.0934,,
PA348-2,PA348-2__solo.webp,960,818,0.937,3,PA348-2__p1.webp,500,711,11.75,0.0934,,
PA348-3,PA348-3__solo.webp,923,837,0.957,2,PA348-3__p1.webp,705,837,11.75,0.0934,,
PA348-4,PA348-4__solo.webp,1014,711,0.941,5,PA348-4__p1.webp,498,711,11.75,0.0934,,
PA348-5,PA348-5__solo.webp,1265,856,0.948,4,PA348-5__p1.webp,498,706,11.75,0.0934,,
PA348-6,PA348-6__solo.webp,1309,896,0.949,4,PA348-6__p1.webp,501,708,11.75,0.0934,,
PA348-7,PA348-7__solo.webp,1332,712,0.946,4,PA348-7__p1.webp,499,712,11.75,0.0934,,
PA350-1,PA350-1__solo.webp,946,832,0.947,2,,,,48.99,0.16,,
PA350-2,PA350-2__solo.webp,935,804,0.95,4,PA350-2__item.webp,297,186,48.99,0.16,,
PA350-3,PA350-3__solo.webp,1171,727,0.932,2,,,,48.99,0.16,,
PA351-1,PA351-1__solo.webp,1107,780,0.942,2,PA351-1__item.webp,201,92,40.55,0.1213,,
PA351-2,PA351-2__solo.webp,1087,823,0.952,4,PA351-2__item.webp,280,114,40.55,0.1213,,
PA352-1,PA352-1__solo.webp,858,712,0.93,5,PA352-1__p4.webp,93,148,30.06,0.1419,,
PA352-2,PA352-2__solo.webp,934,710,0.925,3,PA352-2__p2.webp,134,94,30.06,0.1419,,
PA352-3,PA352-3__solo.webp,942,710,0.919,5,PA352-3__p3.webp,244,77,30.06,0.1419,,
PA352-4,PA352-4__solo.webp,873,710,0.919,3,PA352-4__p2.webp,160,50,30.06,0.1419,,
PA352-5,PA352-5__solo.webp,930,715,0.92,4,PA352-5__item.webp,900,726,30.06,0.1419,,
PA352-6,PA352-6__solo.webp,893,710,0.918,4,PA352-6__item.webp,287,210,30.06,0.1419,,
PA352-7,PA352-7__solo.webp,893,718,0.925,4,PA352-7__p3.webp,244,76,30.06,0.1419,,
PA352-8,PA352-8__solo.webp,925,709,0.925,4,PA352-8__p4.webp,243,75,30.06,0.1419,,
PA354-1,PA354-1__solo.webp,1007,814,0.881,2,PA354-1__item.webp,314,167,34.28,0.1468,,
PA354-2,PA354-2__solo.webp,947,817,0.915,2,PA354-2__item.webp,314,167,34.28,0.1468,,
PA354-3,PA354-3__solo.webp,1018,789,0.953,2,PA354-3__item.webp,321,321,34.28,0.1468,,
PA355-1,PA355-1__solo.webp,979,705,0.937,2,PA355-1__item.webp,344,189,56.15,0.1175,,
PA355-2,PA355-2__solo.webp,995,762,0.95,2,PA355-2__item.webp,326,329,56.15,0.1175,,
PA355-3,PA355-3__solo.webp,997,802,0.953,2,PA355-3__item.webp,326,329,56.15,0.1175,,
PA356-1,PA356-1__solo.webp,1375,836,0.935,3,PA356-1__item.webp,390,339,63.63,0.1748,,
PA356-2,PA356-2__solo.webp,1359,757,0.915,9,PA356-2__item.webp,505,717,63.63,0.1748,,
PA357-1,PA357-1__solo.webp,943,714,0.913,3,PA357-1__item.webp,350,226,,,,
PA358-1,PA358-1__solo.webp,836,813,0.908,3,PA358-1__item.webp,207,52,24.77,0.1393,,
PA358-2,PA358-2__solo.webp,896,835,0.923,3,PA358-2__item.webp,257,57,24.77,0.1393,,
PA358-3,PA358-3__solo.webp,501,707,0.884,1,PA358-3__item.webp,501,707,24.77,0.1393,,
PA358-4,PA358-4__solo.webp,1008,856,0.948,2,PA358-4__item.webp,310,68,24.77,0.1393,,
PA358-5,PA358-5__solo.webp,1021,851,0.937,2,PA358-5__item.webp,356,76,24.77,0.1393,,
PA358-6,PA358-6__solo.webp,498,713,0.872,1,PA358-6__item.webp,498,713,24.77,0.1393,,
PA359-1,PA359-1__solo.webp,1238,699,0.926,2,PA359-1__item.webp,331,112,27.85,0.0851,,
PA359-2,PA359-2__solo.webp,1267,713,0.927,2,PA359-2__item.webp,323,83,27.85,0.0851,,
PA359-3,PA359-3__solo.webp,1228,705,0.926,3,PA359-3__item.webp,331,112,27.85,0.0851,,
PA359-4,PA359-4__solo.webp,1238,717,0.947,2,PA359-4__item.webp,319,79,27.85,0.0851,,
PA359-5,PA359-5__solo.webp,1234,714,0.942,2,PA359-5__item.webp,332,113,27.85,0.0851,,
PA359-6,PA359-6__solo.webp,1234,712,0.942,2,PA359-6__item.webp,319,80,27.85,0.0851,,
PA364,PA364__solo.webp,1328,709,0.88,2,PA364__item.webp,900,480,57.98,0.1169,,
PA364P,PA364P__solo.webp,1305,673,0.877,4,PA364P__item.webp,900,464,57.98,0.1169,,
PA365,PA365__solo.webp,1452,830,0.978,4,PA365__item.webp,835,274,,,,
PA375,PA375__solo.webp,944,770,0.973,4,PA375__item.webp,270,588,,,,
PA376,PA376__solo.webp,1523,869,0.981,6,PA376__item.webp,566,840,,,,
PA381,PA381__solo.webp,1416,834,0.943,4,PA381__item.webp,407,416,54.24,0.1509,,
PA382,PA382__solo.webp,805,894,0.914,2,PA382__item.webp,310,406,54.24,0.1509,,
PA383,PA383__solo.webp,1402,855,0.945,4,PA383__item.webp,407,416,54.24,0.1509,,
PA384,PA384__solo.webp,732,827,0.902,2,PA384__p2.webp,310,406,54.24,0.1509,,
PA385,PA385__solo.webp,786,890,0.9,2,PA385__item.webp,310,406,54.24,0.1509,,
PA386,PA386__solo.webp,1040,904,0.911,3,PA386__item.webp,304,263,54.24,0.1509,,
PA387,PA387__solo.webp,851,893,0.928,2,PA387__item.webp,434,434,54.24,0.1509,,
PA388,PA388__solo.webp,1049,856,0.927,2,PA388__p2.webp,497,264,54.24,0.1509,,
PA389,PA389__solo.webp,928,910,0.938,2,PA389__item.webp,517,322,54.24,0.1509,,
PA390,PA390__solo.webp,1222,927,0.929,2,PA390__p3.webp,670,365,54.24,0.1509,,
PA391,PA391__solo.webp,896,819,0.868,3,PA391__item.webp,382,333,32.02,0.1197,,
PA392,PA392__solo.webp,907,848,0.888,3,PA392__item.webp,382,333,32.02,0.1197,,
PA393,PA393__solo.webp,877,817,0.873,3,PA393__item.webp,382,333,32.02,0.1197,,
PA394,PA394__solo.webp,1208,821,0.914,2,PA394__item.webp,716,342,32.02,0.1197,,
PA395,PA395__solo.webp,1499,899,0.988,5,PA395__item.webp,561,359,32.02,0.1197,,
PA396,PA396__solo.webp,1528,901,0.99,6,PA396__item.webp,643,412,32.02,0.1197,,
PA397,PA397__solo.webp,1179,940,0.92,5,PA397__item.webp,597,416,32.02,0.1197,,
PA403,PA403__solo.webp,1435,877,0.994,5,PA403__item.webp,417,430,,,,
PA404,PA404__solo.webp,1076,827,0.905,3,PA404__item.webp,558,466,,,,
PA415,PA415__solo.webp,959,787,0.886,2,PA415__p1.webp,427,787,84.85,0.1793,,
PA419,PA419__solo.webp,840,884,0.797,5,PA419__item.webp,114,728,,,,
PA420,PA420__solo.webp,1527,943,0.993,4,PA420__item.webp,161,890,62.59,0.0764,,
PA420P,PA420P__solo.webp,1429,840,0.995,6,PA420P__item.webp,117,762,62.59,0.0764,,
PA422-3,PA422-3__solo.webp,1014,768,0.876,2,PA422-3__item.webp,344,563,23.24,0.1584,,
PA423-3,PA423-3__solo.webp,903,770,0.848,6,PA423-3__item.webp,308,503,23.24,0.1584,,
PA425,PA425__solo.webp,1216,907,0.914,4,PA425__item.webp,646,900,,,,
PA426-1,PA426-1__solo.webp,1527,908,0.99,4,PA426-1__item.webp,366,176,50.44,0.0876,,
PA426,PA426__solo.webp,1528,909,0.991,4,PA426__item.webp,376,177,50.44,0.0876,,
PA429-01,PA429-01__solo.webp,1528,934,0.991,6,PA429-01__item.webp,628,289,,,,
PA431,PA431__solo.webp,923,865,0.879,2,PA431__item.webp,111,639,26.08,0.1753,,
PA432,PA432__solo.webp,1497,916,0.983,7,PA432__item.webp,681,162,38.49,0.1426,,
PA433,PA433__solo.webp,1053,775,0.889,6,PA433__item.webp,146,240,,,,
PA434,PA434__solo.webp,798,868,0.889,2,PA434__item.webp,89,652,26.08,0.1753,,
PA435,PA435__solo.webp,786,869,0.877,2,PA435__item.webp,255,638,38.49,0.1426,,
PA440,PA440__solo.webp,960,816,0.945,3,PA440__item.webp,900,765,,,,
PA441,PA441__solo.webp,985,816,0.952,4,PA441__item.webp,900,745,,,,
PA442-1,PA442-1__solo.webp,1532,941,0.982,5,PA442-1__item.webp,386,211,0.13,0.0212,,
PA442-2,PA442-2__solo.webp,1527,946,0.983,5,PA442-2__item.webp,384,211,0.13,0.0212,,
PA442-3,PA442-3__solo.webp,1531,944,0.983,5,PA442-3__item.webp,384,211,0.13,0.0212,,
PA442-4,PA442-4__solo.webp,1527,942,0.983,5,PA442-4__item.webp,384,211,0.13,0.0212,,
PA443,PA443__solo.webp,1500,975,0.978,4,PA443__p3.webp,339,406,54.24,0.1509,,
PA444,PA444__solo.webp,1502,975,0.98,4,PA444__p2.webp,287,343,54.24,0.1509,,
PA445,PA445__solo.webp,1506,977,0.987,5,PA445__p2.webp,240,287,54.24,0.1509,,
PA446,PA446__solo.webp,1468,961,0.984,4,PA446__p2.webp,203,242,54.24,0.1509,,
PA447,PA447__solo.webp,1473,988,0.983,4,PA447__p2.webp,161,191,54.24,0.1509,,
PA452-01,PA452-01__solo.webp,1432,901,0.985,6,PA452-01__p1.webp,196,863,84.85,0.1793,,
PA453-3,PA453-3__solo.webp,1131,819,0.912,5,PA453-3__item.webp,325,187,65.35,0.1416,,
PA454-3,PA454-3__solo.webp,1120,820,0.889,3,PA454-3__item.webp,486,727,23.24,0.1584,,
PA455-1,PA455-1__solo.webp,1477,911,0.877,9,PA455-1__item.webp,900,347,24.38,0.1897,,
PA455-2,PA455-2__solo.webp,1477,911,0.986,8,PA455-2__item.webp,350,188,24.38,0.1897,,
PA457-01,PA457-01__solo.webp,1523,944,0.938,3,PA457-01__item.webp,520,865,23.24,0.1584,,
PA457-02,PA457-02__solo.webp,1526,939,0.937,6,PA457-02__item.webp,514,861,23.24,0.1584,,
PA457-03,PA457-03__solo.webp,1526,944,0.934,4,PA457-03__item.webp,522,865,23.24,0.1584,,
PA457-04,PA457-04__solo.webp,1163,871,0.848,3,PA457-04__p1.webp,417,855,23.24,0.1584,,
PA457-05,PA457-05__solo.webp,1187,918,0.858,5,PA457-05__p1.webp,430,866,23.24,0.1584,,
PA457S,PA457S__solo.webp,1220,915,0.86,4,PA457S__p1.webp,566,627,23.24,0.1584,,
PA464-01,PA464-01__solo.webp,1529,943,0.993,5,PA464-01__item.webp,320,186,65.35,0.1416,,
PA464-02,PA464-02__solo.webp,1529,945,0.993,5,PA464-02__p3.webp,339,194,65.35,0.1416,,
PA465-01,PA465-01__solo.webp,1529,943,0.992,5,PA465-01__item.webp,542,123,77.03,0.1654,,
PA465-02,PA465-02__solo.webp,1529,943,0.992,5,PA465-02__item.webp,542,124,77.03,0.1654,,
PA466-01,PA466-01__solo.webp,1528,943,0.994,7,PA466-01__item.webp,437,128,77.03,0.1654,,
PA466-02,PA466-02__solo.webp,1527,945,0.993,7,PA466-02__item.webp,420,124,77.03,0.1654,,
PA467-1,PA467-1__solo.webp,911,772,0.852,5,PA467-1__item.webp,331,162,83.15,0.1484,,
PA467-2,PA467-2__solo.webp,1037,781,0.856,2,PA467-2__item.webp,362,191,83.15,0.1484,,
PA468-1,PA468-1__solo.webp,910,770,0.847,5,PA468-1__item.webp,333,156,83.15,0.1484,,
PA468-2,PA468-2__solo.webp,905,770,0.844,5,PA468-2__item.webp,342,160,83.15,0.1484,,
PA500,PA500__solo.webp,1172,902,0.926,3,PA500__item.webp,599,607,,,,
PA501,PA501__solo.webp,1170,902,0.92,3,PA501__item.webp,686,314,,,,
PA502,PA502__solo.webp,1170,848,0.878,3,PA502__item.webp,599,607,,,,
PA503,PA503__solo.webp,1524,715,0.991,3,PA503__item.webp,518,322,12.39,0.1587,,
PA503R,PA503R__solo.webp,1529,718,0.99,3,PA503R__item.webp,315,310,12.39,0.1587,,
PA503T,PA503T__solo.webp,1532,776,0.991,5,PA503T__item.webp,465,353,12.39,0.1587,,
PA504,PA504__solo.webp,1207,757,0.932,3,PA504__item.webp,737,760,,,,
PA505,PA505__solo.webp,1206,757,0.931,3,PA505__item.webp,737,759,,,,
PA506-01,PA506-01__solo.webp,1131,939,0.919,2,PA506-01__item.webp,748,451,0.25,0.0071,,
PA506-02,PA506-02__solo.webp,1131,940,0.918,2,PA506-02__item.webp,748,451,0.25,0.0071,,
PA506-03,PA506-03__solo.webp,1131,940,0.918,2,PA506-03__item.webp,748,451,0.25,0.0071,,
PA506-05,PA506-05__solo.webp,1094,928,0.935,3,PA506-05__item.webp,657,396,0.25,0.0071,,
PA507-01,PA507-01__solo.webp,1163,940,0.923,2,PA507-01__item.webp,815,476,0.18,0.0111,,
PA507-02,PA507-02__solo.webp,1163,940,0.923,2,PA507-02__item.webp,815,476,0.18,0.0111,,
PA507-03,PA507-03__solo.webp,1163,940,0.923,2,PA507-03__item.webp,815,476,0.18,0.0111,,
PA507-05,PA507-05__solo.webp,1010,782,0.914,3,PA507-05__item.webp,506,297,0.18,0.0111,,
PA508-01,PA508-01__solo.webp,1528,940,0.991,3,PA508-01__item.webp,748,415,0.02,0.0076,,
PA508-03,PA508-03__solo.webp,1528,859,0.993,4,PA508-03__item.webp,570,317,0.02,0.0076,,
PA509-01,PA509-01__solo.webp,1097,778,0.87,2,PA509-01__item.webp,684,315,4.24,0.0857,,
PA509-02,PA509-02__solo.webp,1152,782,0.89,2,PA509-02__item.webp,824,407,4.24,0.0857,,
PA511-01,PA511-01__solo.webp,1528,942,0.988,4,PA511-01__item.webp,814,340,3.54,0.106,,
PA511-02,PA511-02__solo.webp,1528,942,0.992,2,PA511-02__item.webp,806,413,3.54,0.106,,
PA512-01,PA512-01__solo.webp,1528,942,0.99,2,PA512-01__item.webp,899,528,6.86,0.1951,,
PA512-02,PA512-02__solo.webp,1528,942,0.991,2,PA512-02__item.webp,808,414,6.86,0.1951,,
PA514,PA514__solo.webp,1528,942,0.99,3,PA514__item.webp,900,419,,,,
PA515,PA515__solo.webp,1528,956,0.989,3,PA515__item.webp,854,402,,,,
PA516-1,PA516-1__solo.webp,1528,943,0.992,5,PA516-1__item.webp,537,323,,,,
PA517-01,PA517-01__solo.webp,1157,897,0.885,2,PA517-01__item.webp,398,296,5.29,0.0614,,
PA517-02,PA517-02__solo.webp,1185,910,0.879,2,PA517-02__item.webp,426,282,5.29,0.0614,,
PA517-03,PA517-03__solo.webp,1200,844,0.859,2,PA517-03__item.webp,425,282,5.29,0.0614,,
PA517-04,PA517-04__solo.webp,1203,910,0.884,2,PA517-04__item.webp,494,296,5.29,0.0614,,
PA518-01,PA518-01__solo.webp,1142,899,0.868,2,PA518-01__item.webp,325,241,3.15,0.0745,,
PA518-02,PA518-02__solo.webp,1173,919,0.898,2,PA518-02__item.webp,390,257,3.15,0.0745,,
PA518-03,PA518-03__solo.webp,1173,911,0.896,2,PA518-03__item.webp,390,256,3.15,0.0745,,
PA518-04,PA518-04__solo.webp,1184,885,0.902,2,PA518-04__item.webp,407,242,3.15,0.0745,,
PA520,PA520__solo.webp,1538,921,0.993,5,PA520__item.webp,900,658,,,,
PA524-01,PA524-01__solo.webp,1529,943,0.994,2,PA524-01__item.webp,900,601,18.86,0.1924,,
PA524-02,PA524-02__solo.webp,1528,943,0.994,1,PA524-02__item.webp,899,540,18.86,0.1924,,
PA525,PA525__solo.webp,1529,951,0.987,5,PA525__item.webp,472,676,,,,
PA528,PA528__solo.webp,1529,944,0.987,6,PA528__item.webp,642,430,138.53,0.136,,
PA528P,PA528P__solo.webp,1512,919,0.987,6,PA528P__item.webp,685,390,138.53,0.136,,
PA531-1,PA531-1__solo.webp,1528,946,0.994,4,PA531-1__item.webp,515,408,13.54,0.1204,,
PA532-1,PA532-1__solo.webp,1528,943,0.994,5,PA532-1__item.webp,524,274,13.54,0.1204,,
PA533,PA533__solo.webp,1541,873,0.992,5,PA533__item.webp,788,797,,,,
PA535,PA535__solo.webp,1029,812,0.945,5,PA535__item.webp,423,703,,,,
PA537,PA537__solo.webp,1527,831,0.992,5,PA537__item.webp,564,548,,,,
PA538,PA538__solo.webp,1166,937,0.77,4,PA538__item.webp,498,800,,,,
PA540,PA540__solo.webp,1527,855,0.99,2,PA540__item.webp,766,701,,,,
PA541,PA541__solo.webp,909,907,0.837,4,PA541__item.webp,680,618,,,,
PA552,PA552__solo.webp,1528,830,0.988,6,PA552__item.webp,413,553,,,,
PA553,PA553__solo.webp,1529,819,0.98,4,PA553__item.webp,598,250,,,,
PA600IT,PA600IT__solo.webp,979,809,0.772,4,PA600IT__item.webp,418,539,,,,
PA601,PA601__solo.webp,998,899,0.842,6,PA601__item.webp,575,713,,,,
PA602,PA602__solo.webp,1111,903,0.835,4,PA602__item.webp,536,452,,,,
PA603,PA603__solo.webp,1499,931,0.991,6,PA603__item.webp,523,351,,,,
PA604,PA604__solo.webp,1528,942,0.99,7,PA604__item.webp,559,534,,,,
PA606,PA606__solo.webp,1529,937,0.989,4,PA606__item.webp,797,388,,,,
PA607,PA607__solo.webp,1526,941,0.99,3,PA607__item.webp,900,698,,,,
PA609,PA609__solo.webp,1151,896,0.822,2,PA609__item.webp,751,295,40.16,0.1462,,
PA611,PA611__solo.webp,1190,899,0.856,3,PA611__item.webp,628,276,40.16,0.1462,,
PA612,PA612__solo.webp,1210,899,0.844,6,PA612__item.webp,448,314,37.05,0.1718,,
PA613,PA613__solo.webp,1102,905,0.823,3,,,,37.05,0.1718,,
PA615,PA615__solo.webp,1199,896,0.835,2,PA615__item.webp,735,359,8.84,0.176,,
PA616,PA616__solo.webp,1418,933,0.983,3,PA616__item.webp,513,260,8.84,0.176,,
PA620,PA620__solo.webp,1010,901,0.806,3,,,,37.05,0.1718,,
PA621,PA621__solo.webp,1536,949,0.989,4,PA621__item.webp,483,317,,,,
PA622,PA622__solo.webp,1207,902,0.849,4,PA622__item.webp,850,561,,,,
PA623,PA623__solo.webp,1528,938,0.993,4,PA623__item.webp,745,767,,,,
PA624,PA624__solo.webp,1527,419,0.936,3,PA624__item.webp,877,236,108,0.2009,,
PA625,PA625__solo.webp,1527,862,0.991,3,PA625__item.webp,900,247,108,0.2009,,
PA627,PA627__solo.webp,1191,834,0.913,4,PA627__item.webp,527,265,71.26,0.0786,,
PA627C,PA627C__solo.webp,1196,844,0.928,7,PA627C__item.webp,504,283,71.26,0.0786,,
PA628,PA628__solo.webp,1456,845,0.94,4,PA628__item.webp,587,279,46.61,0.0981,,
PA628C,PA628C__solo.webp,1456,845,0.949,5,PA628C__item.webp,567,292,46.61,0.0981,,
PA629,PA629__solo.webp,1456,907,0.976,6,PA629__item.webp,643,355,51.53,0.0547,,
PA629C,PA629C__solo.webp,1142,848,0.861,5,PA629C__item.webp,656,365,51.53,0.0547,,
PA630,PA630__solo.webp,1455,907,0.97,5,PA630__item.webp,650,289,61.7,0.0505,,
PA630C,PA630C__solo.webp,1455,910,0.981,6,PA630C__item.webp,657,297,61.7,0.0505,,
PA631,PA631__solo.webp,1143,939,0.819,4,PA631__item.webp,770,793,,,,
PA632,PA632__solo.webp,1166,826,0.826,5,PA632__item.webp,649,366,,,,
PA633,PA633__solo.webp,1527,943,0.982,4,PA633__item.webp,458,387,,,,
PA636,PA636__solo.webp,1097,795,0.803,3,,,,37.05,0.1718,,
PA636P,PA636P__solo.webp,1105,811,0.811,3,,,,37.05,0.1718,,
PA638,PA638__solo.webp,1195,903,0.821,3,PA638__item.webp,647,384,,,,
PA640,PA640__solo.webp,1532,942,0.993,6,PA640__item.webp,398,65,,,,
PA641-01,PA641-01__solo.webp,1528,938,0.991,5,PA641-01__item.webp,588,319,2.35,0.178,,
PA642-01,PA642-01__solo.webp,1528,938,0.988,4,PA642-01__item.webp,773,309,2.35,0.178,,
PA643,PA643__solo.webp,1528,941,0.987,6,PA643__item.webp,349,405,61.88,0.1689,,
PA650,PA650__solo.webp,1548,879,0.97,2,PA650__item.webp,900,815,,,,
PA651,PA651__solo.webp,1567,928,0.965,2,PA651__item.webp,349,497,61.88,0.1689,,
PA652,PA652__solo.webp,926,900,0.923,3,PA652__item.webp,280,278,,,,
PA653,PA653__solo.webp,921,907,0.892,5,PA653__item.webp,341,512,,,,
PA667,PA667__solo.webp,1131,928,0.905,4,PA667__item.webp,261,896,27.36,0.1212,,
PA668,PA668__solo.webp,1132,930,0.902,4,PA668__p1.webp,262,899,27.36,0.1212,,
PA669,PA669__solo.webp,1150,935,0.888,6,PA669__p1.webp,262,899,27.36,0.1212,,
PA670,PA670__solo.webp,1177,922,0.909,6,PA670__p1.webp,262,900,27.36,0.1212,,
PA751,PA751__solo.webp,1532,867,0.99,6,PA751__item.webp,900,446,,,,
PA809,PA809__solo.webp,1021,841,0.75,5,PA809__item.webp,493,502,,,,
PA811,PA811__solo.webp,1011,913,0.917,5,PA811__item.webp,325,420,,,,
PA816,PA816__solo.webp,1528,904,0.984,7,PA816__item.webp,431,693,,,,
PA818,PA818__solo.webp,1527,903,0.988,8,PA818__item.webp,260,360,60.72,0.1631,,
PA829,PA829__solo.webp,1527,919,0.989,7,PA829__item.webp,278,448,60.72,0.1631,,
PA831,PA831__solo.webp,1528,903,0.986,7,PA831__item.webp,394,257,60.72,0.1631,,
PA832,PA832__solo.webp,1528,905,0.976,8,PA832__item.webp,373,774,,,,
PA833,PA833__solo.webp,1527,905,0.991,9,PA833__item.webp,480,174,51.82,0.146,,
PA834,PA834__solo.webp,1526,938,0.985,9,PA834__item.webp,900,452,51.82,0.146,,
PA835,PA835__solo.webp,1527,849,0.985,8,PA835__item.webp,596,835,,,,
PA838,PA838__solo.webp,1526,952,0.992,10,PA838__item.webp,465,140,51.82,0.146,,
PA840,PA840__solo.webp,1526,908,0.977,9,PA840__item.webp,699,550,60.72,0.1631,,
PA841,PA841__solo.webp,1526,904,0.978,8,PA841__item.webp,367,769,,,,
PA842,PA842__solo.webp,1526,905,0.972,7,PA842__item.webp,312,763,,,,
PA843,PA843__solo.webp,1526,905,0.98,7,PA843__item.webp,433,554,,,,
PA844,PA844__solo.webp,1526,902,0.981,7,PA844__item.webp,370,770,,,,
PA845,PA845__solo.webp,1519,900,0.986,4,PA845__item.webp,506,442,,,,
PA846,PA846__solo.webp,1525,900,0.983,7,PA846__item.webp,293,280,60.72,0.1631,,
PA847,PA847__solo.webp,1522,724,0.981,6,PA847__item.webp,142,212,,,,
PA848,PA848__solo.webp,872,688,0.869,5,PA848__item.webp,568,616,,,,
PA855,PA855__solo.webp,1059,967,0.805,6,PA855__item.webp,900,752,68.57,0.1792,,
PA856,PA856__solo.webp,1530,897,0.984,6,PA856__item.webp,439,897,68.57,0.1792,,
PA858,PA858__solo.webp,1526,951,0.993,10,PA858__item.webp,900,744,,,,
PA859,PA859__solo.webp,1128,898,0.914,6,PA859__item.webp,588,346,,,,
PA860,PA860__solo.webp,1528,943,0.993,6,PA860__item.webp,437,860,,,,
PA861,PA861__solo.webp,1528,942,0.984,9,PA861__item.webp,540,855,,,,
PA863,PA863__solo.webp,1528,904,0.984,11,PA863__item.webp,900,358,,,,
PA865,PA865__solo.webp,1528,905,0.982,7,PA865__item.webp,644,328,,,,
PA900,PA900__solo.webp,1040,787,0.928,2,PA900__item.webp,433,542,37.98,0.1414,,
PA900C,PA900C__solo.webp,1218,800,0.933,3,PA900C__item.webp,422,524,37.98,0.1414,,
PA900P,PA900P__solo.webp,684,816,0.674,2,PA900P__item.webp,426,542,37.98,0.1414,,
PA900PL,PA900PL__solo.webp,930,782,0.925,2,PA900PL__item.webp,438,529,37.98,0.1414,,
PA901,PA901__solo.webp,1331,857,0.982,3,PA901__item.webp,597,658,42.81,0.1505,,
PA901C,PA901C__solo.webp,1386,817,0.984,6,PA901C__item.webp,560,668,42.81,0.1505,,
PA901P,PA901P__solo.webp,1400,798,0.985,4,PA901P__item.webp,446,547,42.81,0.1505,,
PA901PL,PA901PL__solo.webp,1364,918,0.985,3,PA901PL__item.webp,607,716,42.81,0.1505,,
PA902,PA902__solo.webp,1116,677,0.979,2,PA902__item.webp,900,547,71.48,0.1344,,
PA902P,PA902P__solo.webp,1524,944,0.991,5,PA902P__item.webp,857,514,71.48,0.1344,,
PA902PL,PA902PL__solo.webp,1116,676,0.977,2,PA902PL__item.webp,900,549,71.48,0.1344,,
PA903,PA903__solo.webp,762,635,0.947,3,,,,90.34,0.092,,
PA903P,PA903P__solo.webp,1524,908,0.968,4,PA903P__item.webp,752,575,90.34,0.092,,
PA903PL,PA903PL__solo.webp,1525,870,0.962,4,PA903PL__item.webp,753,565,90.34,0.092,,
PA904,PA904__solo.webp,1070,662,0.981,2,PA904__item.webp,900,541,71.48,0.1344,,
PA904P,PA904P__solo.webp,1525,907,0.992,4,PA904P__item.webp,899,528,71.48,0.1344,,
PA904PL,PA904PL__solo.webp,1473,902,0.992,4,PA904PL__item.webp,900,544,71.48,0.1344,,
PA905,PA905__solo.webp,654,537,0.96,1,PA905__item.webp,638,520,,,,
PA906,PA906__solo.webp,906,673,0.9,1,PA906__item.webp,895,629,25.09,0.1626,,
PA907,PA907__solo.webp,804,747,0.895,1,PA907__item.webp,809,739,,,,
PA908,PA908__solo.webp,1176,832,0.97,2,PA908__item.webp,661,814,25.09,0.1626,,
PA909,PA909__solo.webp,646,778,0.975,1,PA909__item.webp,630,723,,,,
PA914,PA914__solo.webp,1288,891,0.957,2,PA914__item.webp,608,735,,,,
PA915,PA915__solo.webp,1000,709,0.915,4,PA915__item.webp,900,470,,,,
PA916,PA916__solo.webp,1524,960,0.821,3,PA916__item.webp,900,808,,,,
PA919,PA919__solo.webp,470,577,0.888,1,PA919__item.webp,453,577,31.89,0.08,,
PA919C,PA919C__solo.webp,1303,763,0.987,2,PA919C__item.webp,453,576,31.89,0.08,,
PA920,PA920__solo.webp,470,577,0.886,1,PA920__item.webp,453,577,31.89,0.08,,
PA920C,PA920C__solo.webp,1308,814,1.0,4,PA920C__item.webp,636,833,31.89,0.08,,
PA921,PA921__solo.webp,470,577,0.887,1,PA921__item.webp,453,577,31.89,0.08,,
PA922,PA922__solo.webp,1195,1007,0.97,5,PA922__item.webp,487,900,,,,
PA924B,PA924B__solo.webp,1533,940,0.921,2,PA924B__item.webp,900,594,181.17,0.0454,,
PA924N,PA924N__solo.webp,1537,940,1.0,3,PA924N__item.webp,900,592,181.17,0.0454,,
PA925B,PA925B__solo.webp,1526,939,1.0,4,PA925B__item.webp,817,479,193.09,0.0869,,
PA925N,PA925N__solo.webp,1526,941,1.0,4,PA925N__item.webp,827,482,193.09,0.0869,,
PA926B,PA926B__solo.webp,1379,943,0.99,5,PA926B__item.webp,778,617,180.82,0.1135,,
PA926N,PA926N__solo.webp,1393,938,0.991,4,PA926N__item.webp,790,597,180.82,0.1135,,
PA927B,PA927B__solo.webp,1250,955,0.99,2,PA927B__item.webp,523,646,165.01,0.1035,,
PA927N,PA927N__solo.webp,1263,955,0.992,2,PA927N__item.webp,539,649,165.01,0.1035,,
PA930,PA930__solo.webp,1528,945,0.99,4,PA930__item.webp,370,900,,,,
PA933,PA933__solo.webp,1301,730,0.985,4,PA933__item.webp,900,591,,,,
PA934,PA934__solo.webp,1424,693,0.987,4,PA934__item.webp,482,539,,,,
PA939,PA939__solo.webp,1156,899,0.944,2,PA939__item.webp,446,645,,,,
PA945B,PA945B__solo.webp,1523,939,0.946,2,PA945B__item.webp,385,810,,,,
PA946B,PA946B__solo.webp,1540,959,0.95,2,PA946B__item.webp,845,464,,,,
PA948B,PA948B__solo.webp,1523,968,0.96,2,PA948B__item.webp,601,594,,,,
PA949B,PA949B__solo.webp,1523,946,0.936,5,PA949B__item.webp,761,216,,,,
PA952-6035,PA952-6035__solo.webp,1526,952,0.995,5,PA952-6035__item.webp,336,400,0.02,0.0028,,
PA952-8040,PA952-8040__solo.webp,1528,952,0.995,5,PA952-8040__item.webp,336,400,0.02,0.0028,,
PA952-9043,PA952-9043__solo.webp,1529,952,0.995,5,PA952-9043__item.webp,336,400,0.02,0.0028,,
PA954-0913,PA954-0913__solo.webp,1520,939,0.945,3,PA954-0913__item.webp,383,590,4.23,0.0747,,
PA954-1015,PA954-1015__solo.webp,1527,937,0.943,3,PA954-1015__item.webp,405,627,4.23,0.0747,,
PA954-1318,PA954-1318__solo.webp,1528,943,0.946,4,PA954-1318__item.webp,434,686,4.23,0.0747,,
PA954-2130,PA954-2130__solo.webp,1527,940,0.957,5,PA954-2130__item.webp,583,899,4.23,0.0747,,
PA957,PA957__solo.webp,1477,852,0.991,3,PA957__item.webp,886,462,,,,
PA963N,PA963N__solo.webp,1529,809,0.982,4,PA963N__item.webp,658,728,123.46,0.097,,
PA964N,PA964N__solo.webp,1538,864,0.982,3,PA964N__item.webp,656,739,123.46,0.097,,
PA965B,PA965B__solo.webp,1119,773,0.849,2,PA965B__item.webp,622,716,123.46,0.097,,
PA966-01,PA966-01__solo.webp,1522,941,0.987,5,PA966-01__item.webp,435,301,76.8,0.1415,,
PA966-05,PA966-05__solo.webp,1523,914,0.987,4,PA966-05__item.webp,241,170,76.8,0.1415,,
PA966-07,PA966-07__solo.webp,1524,946,0.983,4,PA966-07__item.webp,518,313,76.8,0.1415,,
PA966-09,PA966-09__solo.webp,1523,915,0.98,4,PA966-09__item.webp,529,319,76.8,0.1415,,
PA967,PA967__solo.webp,1527,943,0.989,9,PA967__item.webp,718,761,20.2,0.2014,,
PA972,PA972__solo.webp,1527,942,0.983,10,PA972__item.webp,900,773,20.2,0.2014,,
PA990,PA990__solo.webp,1477,791,0.992,5,PA990__item.webp,634,268,72.81,0.1807,,
PA991,PA991__solo.webp,1476,757,0.99,4,PA991__item.webp,543,232,,,,
PA992,PA992__solo.webp,1337,705,0.99,5,PA992__item.webp,530,207,72.81,0.1807,,
PB1000IT,PB1000IT__solo.webp,1268,1001,0.935,2,PB1000IT__item.webp,562,900,,,,
PB1001IT,PB1001IT__solo.webp,1268,1001,0.919,2,PB1001IT__item.webp,562,900,0.13,0.0012,,
PB1002IT,PB1002IT__solo.webp,1268,1001,0.939,2,PB1002IT__item.webp,562,900,0.13,0.0012,,
PB1003IT,PB1003IT__solo.webp,1268,1001,0.931,2,PB1003IT__item.webp,562,900,0.13,0.0012,,
PB1004IT,PB1004IT__solo.webp,1268,1001,0.924,2,PB1004IT__item.webp,562,900,0.13,0.0012,,
PB1005IT,PB1005IT__solo.webp,1268,1001,0.91,2,PB1005IT__item.webp,562,900,0.13,0.0012,,
PB1006IT,PB1006IT__solo.webp,1268,1001,0.92,2,PB1006IT__item.webp,562,900,0.13,0.0012,,
PB1007IT,PB1007IT__solo.webp,1268,1001,0.928,2,PB1007IT__item.webp,562,900,0.13,0.0012,,
PB1008IT,PB1008IT__solo.webp,1268,1001,0.93,2,PB1008IT__item.webp,562,900,0.13,0.0012,,
PB1009IT,PB1009IT__solo.webp,982,971,0.92,4,PB1009IT__item.webp,492,699,0,0,,
PB1010IT,PB1010IT__solo.webp,982,970,0.901,4,PB1010IT__item.webp,492,699,0,0,,
PB1012IT,PB1012IT__solo.webp,982,970,0.925,4,PB1012IT__item.webp,492,699,0,0,,
PB1014IT,PB1014IT__solo.webp,982,970,0.891,4,PB1014IT__item.webp,492,699,0,0,,
PB1015IT,PB1015IT__solo.webp,981,970,0.903,4,PB1015IT__item.webp,492,699,0,0,,
PB1019IT,PB1019IT__solo.webp,1268,1001,0.95,2,PB1019IT__item.webp,562,900,0.13,0.0012,,
PB1021IT,PB1021IT__solo.webp,630,972,0.855,1,PB1021IT__item.webp,583,900,51.41,0.0337,,
PB1022IT,PB1022IT__solo.webp,623,972,0.829,1,PB1022IT__item.webp,576,900,51.41,0.0337,,
PB1023IT,PB1023IT__solo.webp,619,976,0.805,2,PB1023IT__item.webp,570,900,51.41,0.0337,,
PB1024IT,PB1024IT__solo.webp,624,976,0.823,2,PB1024IT__item.webp,575,900,51.41,0.0337,,
PB1025IT,PB1025IT__solo.webp,622,970,0.83,2,PB1025IT__item.webp,577,900,51.41,0.0337,,
PB1026IT,PB1026IT__solo.webp,620,969,0.835,1,PB1026IT__item.webp,575,900,51.41,0.0337,,
PB1027IT,PB1027IT__solo.webp,618,972,0.845,1,PB1027IT__item.webp,572,900,51.41,0.0337,,
PB1028IT,PB1028IT__solo.webp,1120,973,0.889,3,PB1028IT__item.webp,650,900,0.09,0.0005,,
PB1029IT,PB1029IT__solo.webp,1120,973,0.884,3,PB1029IT__item.webp,641,900,0.09,0.0005,,
PB1030IT,PB1030IT__solo.webp,1125,973,0.926,3,PB1030IT__item.webp,651,900,0.11,0,,
PB1031IT,PB1031IT__solo.webp,694,973,0.918,2,PB1031IT__item.webp,641,900,0.11,0,,
PB1032IT,PB1032IT__solo.webp,1213,725,0.862,4,PB1032IT__item.webp,900,660,,,,
PB1033IT,PB1033IT__solo.webp,1218,728,0.864,5,PB1033IT__item.webp,900,659,,,,
PB1034IT,PB1034IT__solo.webp,989,724,0.855,3,PB1034IT__item.webp,900,658,,,,
PB1035IT,PB1035IT__solo.webp,1214,724,0.862,7,PB1035IT__item.webp,900,658,2.99,0.0002,,
PB1036IT,PB1036IT__solo.webp,989,724,0.85,4,PB1036IT__item.webp,900,658,2.64,0,,
PB1037IT,PB1037IT__solo.webp,1217,728,0.865,3,PB1037IT__item.webp,900,660,2.14,0.0005,,
PB1038IT,PB1038IT__solo.webp,989,724,0.882,2,PB1038IT__item.webp,900,658,,,,
PB1039IT,PB1039IT__solo.webp,1025,725,0.848,6,PB1039IT__item.webp,900,636,2.99,0.0002,,
PB1040IT,PB1040IT__solo.webp,1025,724,0.847,6,PB1040IT__item.webp,900,635,2.64,0,,
PB1041IT,PB1041IT__solo.webp,1025,724,0.852,5,PB1041IT__item.webp,900,635,2.14,0.0005,,
PB1050IT-1R,PB1050IT-1R__solo.webp,1568,983,0.995,2,PB1050IT-1R__item.webp,900,564,40.34,0.1458,,
PB1050IT-4M,PB1050IT-4M__solo.webp,1568,983,0.995,2,PB1050IT-4M__item.webp,900,564,40.34,0.1458,,
PB1050IT-5M,PB1050IT-5M__solo.webp,1568,983,0.995,2,PB1050IT-5M__item.webp,900,564,40.34,0.1458,,
PB1051IT-1R,PB1051IT-1R__solo.webp,1568,983,0.995,2,PB1051IT-1R__item.webp,614,900,40.34,0.1458,,
PB1051IT-4M,PB1051IT-4M__solo.webp,1568,983,0.995,2,PB1051IT-4M__item.webp,900,698,40.34,0.1458,,
PB1051IT-5M,PB1051IT-5M__solo.webp,1568,983,0.995,2,PB1051IT-5M__item.webp,616,900,40.34,0.1458,,
PB1052IT-1R,PB1052IT-1R__solo.webp,1568,983,0.995,3,PB1052IT-1R__item.webp,900,393,40.34,0.1458,,
PB1052IT-4M,PB1052IT-4M__solo.webp,1568,983,0.995,3,PB1052IT-4M__item.webp,900,583,40.34,0.1458,,
PB1052IT-5M,PB1052IT-5M__solo.webp,1568,983,0.995,3,PB1052IT-5M__item.webp,900,588,40.34,0.1458,,
PB1053IT-1R,PB1053IT-1R__solo.webp,1261,983,0.939,3,PB1053IT-1R__item.webp,694,612,40.34,0.1458,,
PB1053IT-4M,PB1053IT-4M__solo.webp,1261,983,0.912,3,PB1053IT-4M__item.webp,900,492,40.34,0.1458,,
PB1053IT-5M,PB1053IT-5M__solo.webp,1261,983,0.921,3,PB1053IT-5M__item.webp,694,612,40.34,0.1458,,
PB1054IT-1R,PB1054IT-1R__solo.webp,1555,978,1.0,3,PB1054IT-1R__item.webp,595,900,0.01,0,,
PB1054IT-4M,PB1054IT-4M__solo.webp,1555,978,1.0,3,PB1054IT-4M__item.webp,595,900,0.01,0,,
PB1054IT-5M,PB1054IT-5M__solo.webp,1555,978,1.0,3,PB1054IT-5M__item.webp,595,900,0.01,0,,
PB1055IT-1R,PB1055IT-1R__solo.webp,1556,978,1.0,6,PB1055IT-1R__item.webp,511,694,0.28,0.0007,,
PB1055IT-4M,PB1055IT-4M__solo.webp,1556,978,1.0,6,PB1055IT-4M__item.webp,511,694,0.28,0.0007,,
PB1055IT-5M,PB1055IT-5M__solo.webp,1556,978,1.0,6,PB1055IT-5M__item.webp,511,694,0.28,0.0007,,
PB1056IT-0A,PB1056IT-0A__solo.webp,1568,994,1.0,3,PB1056IT-0A__item.webp,568,900,0.02,0.0002,,
PB1056IT-0B,PB1056IT-0B__solo.webp,1568,994,1.0,3,PB1056IT-0B__item.webp,568,900,0.02,0.0002,,
PB1056IT-0C,PB1056IT-0C__solo.webp,1568,994,1.0,3,PB1056IT-0C__item.webp,568,900,0.02,0.0002,,
PB1056IT-0Q,PB1056IT-0Q__solo.webp,1568,994,1.0,3,PB1056IT-0Q__item.webp,568,900,0.02,0.0002,,
PB1056IT-10,PB1056IT-10__solo.webp,1568,994,1.0,3,PB1056IT-10__item.webp,568,900,0.02,0.0002,,
PB1056IT-1R,PB1056IT-1R__solo.webp,1568,994,1.0,3,PB1056IT-1R__item.webp,568,900,0.02,0.0002,,
PB1056IT-4F,PB1056IT-4F__solo.webp,1568,994,1.0,3,PB1056IT-4F__item.webp,568,900,0.02,0.0002,,
PB1056IT-4M,PB1056IT-4M__solo.webp,1568,994,1.0,3,PB1056IT-4M__item.webp,568,900,0.02,0.0002,,
PB1056IT-5M,PB1056IT-5M__solo.webp,1568,994,1.0,3,PB1056IT-5M__item.webp,568,900,0.02,0.0002,,
PB1057IT-1R,PB1057IT-1R__solo.webp,1568,976,1.0,4,PB1057IT-1R__item.webp,573,900,0,0,,
PB1057IT-4M,PB1057IT-4M__solo.webp,1568,976,1.0,4,PB1057IT-4M__item.webp,573,900,0,0,,
PB1057IT-5M,PB1057IT-5M__solo.webp,1568,976,1.0,4,PB1057IT-5M__item.webp,573,900,0,0,,
PB1057IT-BI,PB1057IT-BI__solo.webp,1568,976,1.0,4,PB1057IT-BI__item.webp,573,900,0,0,,
PB1058IT,PB1058IT__solo.webp,621,972,0.815,2,PB1058IT__item.webp,575,900,51.41,0.0337,,
PB1059IT,PB1059IT__solo.webp,625,975,0.837,2,PB1059IT__item.webp,576,900,51.41,0.0337,,
PB1060IT,PB1060IT__solo.webp,609,973,0.875,1,PB1060IT__item.webp,563,900,51.41,0.0337,,
PB1062IT-1R,PB1062IT-1R__solo.webp,1568,976,1.0,5,PB1062IT-1R__item.webp,460,604,0.02,0.0002,,
PB1062IT-4M,PB1062IT-4M__solo.webp,1568,976,1.0,5,PB1062IT-4M__item.webp,460,604,0.02,0.0002,,
PB1062IT-5M,PB1062IT-5M__solo.webp,1569,976,1.0,5,PB1062IT-5M__item.webp,460,604,0.02,0.0002,,
PB184IT,PB184IT__solo.webp,1085,944,0.898,5,PB184IT__item.webp,382,538,83.7,0.0593,,
PB185IT,PB185IT__solo.webp,1100,945,0.905,5,PB185IT__item.webp,411,579,83.7,0.0593,,
PB186IT-01,PB186IT-01__solo.webp,1101,944,0.939,4,PB186IT-01__item.webp,468,658,83.7,0.0593,,
PB186IT-02,PB186IT-02__solo.webp,1100,944,0.916,4,PB186IT-02__item.webp,468,658,83.7,0.0593,,
PB186IT-03,PB186IT-03__solo.webp,1100,944,0.954,4,PB186IT-03__item.webp,467,658,83.7,0.0593,,
PB187IT-01,PB187IT-01__solo.webp,1102,945,0.953,2,PB187IT-01__item.webp,593,836,83.7,0.0593,,
PB187IT-02,PB187IT-02__solo.webp,1102,945,0.934,2,PB187IT-02__item.webp,593,836,83.7,0.0593,,
PB187IT-03,PB187IT-03__solo.webp,1101,945,0.964,2,PB187IT-03__item.webp,592,836,83.7,0.0593,,
PB188IT,PB188IT__solo.webp,996,946,0.878,5,PB188IT__item.webp,900,594,28.93,0.1075,,
PB189IT,PB189IT__solo.webp,1001,947,0.897,5,PB189IT__item.webp,900,591,28.93,0.1075,,
PB190IT-01,PB190IT-01__solo.webp,1026,943,0.922,4,PB190IT-01__item.webp,900,581,28.93,0.1075,,
PB190IT-02,PB190IT-02__solo.webp,1026,944,0.9,4,PB190IT-02__item.webp,900,583,28.93,0.1075,,
PB190IT-03,PB190IT-03__solo.webp,1026,943,0.936,4,PB190IT-03__item.webp,900,582,28.93,0.1075,,
PB191IT-01,PB191IT-01__solo.webp,1119,943,0.938,4,PB191IT-01__item.webp,900,664,28.93,0.1075,,
PB191IT-02,PB191IT-02__solo.webp,1107,933,0.917,7,PB191IT-02__item.webp,870,816,28.93,0.1075,,
PB191IT-03,PB191IT-03__solo.webp,1118,944,0.949,4,PB191IT-03__item.webp,900,666,28.93,0.1075,,
PB205IT-0A,PB205IT-0A__solo.webp,1231,956,0.92,2,PB205IT-0A__item.webp,900,642,0,0,,
PB205IT-0B,PB205IT-0B__solo.webp,1231,956,0.922,2,PB205IT-0B__item.webp,900,642,0,0,,
PB205IT-0C,PB205IT-0C__solo.webp,1231,956,0.927,2,PB205IT-0C__item.webp,900,642,0,0,,
PB205IT-0Q,PB205IT-0Q__solo.webp,1231,956,0.91,2,PB205IT-0Q__item.webp,900,642,0,0,,
PB205IT-10,PB205IT-10__solo.webp,1231,956,0.923,2,PB205IT-10__item.webp,900,642,0,0,,
PB205IT-1F,PB205IT-1F__solo.webp,1231,956,0.928,2,PB205IT-1F__item.webp,900,642,0,0,,
PB205IT-1R,PB205IT-1R__solo.webp,1231,956,0.931,2,PB205IT-1R__item.webp,900,642,0,0,,
PB205IT-4F,PB205IT-4F__solo.webp,1231,956,0.916,2,PB205IT-4F__item.webp,900,642,0,0,,
PB205IT-4M,PB205IT-4M__solo.webp,1231,956,0.902,2,PB205IT-4M__item.webp,900,642,0,0,,
PB205IT-5M,PB205IT-5M__solo.webp,1231,956,0.912,2,PB205IT-5M__item.webp,900,642,0,0,,
PB303,PB303__solo.webp,1528,950,0.993,7,PB303__item.webp,715,509,17.4,0.1445,,
PB311,PB311__solo.webp,1529,954,0.994,9,PB311__item.webp,630,435,,,,
PB321,PB321__solo.webp,1474,924,0.953,3,PB321__item.webp,900,882,,,,
PB345,PB345__solo.webp,1527,945,0.967,5,PB345__item.webp,759,509,0.18,0.0156,,
PB346,PB346__solo.webp,1528,944,0.971,4,PB346__item.webp,826,553,0.18,0.0156,,
PB363,PB363__solo.webp,1528,961,1.0,5,PB363__item.webp,900,721,,,,
PB364IT,PB364IT__solo.webp,1221,956,0.954,3,PB364IT__item.webp,900,619,,,,
PB365IT,PB365IT__solo.webp,1177,930,0.95,3,PB365IT__item.webp,900,623,,,,
PB370IT-0C,PB370IT-0C__solo.webp,621,981,0.892,1,PB370IT-0C__item.webp,569,900,82.66,0.0472,,
PB370IT-0Q,PB370IT-0Q__solo.webp,625,984,0.869,1,PB370IT-0Q__item.webp,571,900,82.66,0.0472,,
PB370IT-1R,PB370IT-1R__solo.webp,621,979,0.899,1,PB370IT-1R__item.webp,570,900,82.66,0.0472,,
PB370IT-4F,PB370IT-4F__solo.webp,625,983,0.878,1,PB370IT-4F__item.webp,572,900,82.66,0.0472,,
PB370IT-4M,PB370IT-4M__solo.webp,621,982,0.857,1,PB370IT-4M__item.webp,569,900,82.66,0.0472,,
PB370IT-5M,PB370IT-5M__solo.webp,616,976,0.869,1,PB370IT-5M__item.webp,568,900,82.66,0.0472,,
PB370IT-UB,PB370IT-UB__solo.webp,618,979,0.893,1,PB370IT-UB__item.webp,568,900,82.66,0.0472,,
PB384,PB384__solo.webp,1529,956,0.992,7,PB384__item.webp,739,520,17.4,0.1445,,
PB388,PB388__solo.webp,811,737,0.816,3,PB388__item.webp,446,604,,,,
PB420IT-01,PB420IT-01__solo.webp,1544,962,0.999,8,PB420IT-01__item.webp,608,845,6.38,0.0099,,
PB420IT-02,PB420IT-02__solo.webp,1544,962,0.999,8,PB420IT-02__item.webp,608,845,6.38,0.0099,,
PB420IT-03,PB420IT-03__solo.webp,1544,962,0.999,8,PB420IT-03__item.webp,608,845,6.38,0.0099,,
PB568-1IT,PB568-1IT__solo.webp,1089,886,0.916,5,PB568-1IT__item.webp,518,723,0.86,0.0447,,
PB568-2IT,PB568-2IT__solo.webp,1087,889,0.885,6,PB568-2IT__item.webp,394,555,0.86,0.0447,,
PB970IT,PB970IT__solo.webp,1212,836,0.913,1,PB970IT__item.webp,900,620,,,,
PB971IT,PB971IT__solo.webp,640,894,0.827,4,PB971IT__item.webp,640,894,,,,
PB972IT,PB972IT__solo.webp,617,867,0.82,2,PB972IT__item.webp,617,442,3,0.0706,,
PB973IT,PB973IT__solo.webp,1131,803,0.882,4,PB973IT__item.webp,570,803,3,0.0706,,
PB974IT,PB974IT__solo.webp,1133,802,0.896,2,PB974IT__item.webp,571,802,,,,
PB975IT,PB975IT__solo.webp,753,896,0.846,2,PB975IT__item.webp,753,444,,,,
PB976IT,PB976IT__solo.webp,927,780,0.86,1,PB976IT__item.webp,473,780,2.79,0.0354,,
PB977IT,PB977IT__solo.webp,936,782,0.854,2,PB977IT__item.webp,471,782,2.79,0.0354,,
PB978IT,PB978IT__solo.webp,1228,682,0.674,3,PB978IT__item.webp,900,499,,,,
PB979IT,PB979IT__solo.webp,578,811,0.875,1,PB979IT__item.webp,578,811,,,,
PB980IT,PB980IT__solo.webp,753,900,0.843,7,PB980IT__item.webp,753,448,,,,
PC005-01,PC005-01__solo.webp,1528,946,0.995,4,PC005-01__item.webp,859,644,85.82,0.075,,
PC005-02,PC005-02__solo.webp,1526,947,0.995,4,PC005-02__item.webp,859,644,85.82,0.075,,
PC005-03,PC005-03__solo.webp,1530,937,0.995,4,PC005-03__item.webp,772,576,85.82,0.075,,
PC005-P,PC005-P__solo.webp,1522,936,0.994,5,PC005-P__item.webp,888,614,94.9,0.0479,,
PC005,PC005__solo.webp,1517,935,0.995,3,PC005__item.webp,885,609,94.9,0.0479,,
PC006,PC006__solo.webp,1524,933,0.992,4,PC006__item.webp,667,472,94.9,0.0479,,
PC007,PC007__solo.webp,1526,937,0.988,4,PC007__item.webp,900,567,,,,
PC010,PC010__solo.webp,1527,938,0.994,3,PC010__item.webp,900,555,,,,
PC011,PC011__solo.webp,1527,922,0.978,4,PC011__item.webp,871,585,67.22,0.0356,,
PC012,PC012__solo.webp,1525,925,0.973,4,PC012__item.webp,900,574,,,,
PC013,PC013__solo.webp,1528,944,0.995,4,PC013__item.webp,898,622,117.17,0.0619,,
PC014,PC014__solo.webp,1525,933,0.992,4,PC014__item.webp,667,477,117.17,0.0619,,
PC015,PC015__solo.webp,1526,929,0.989,4,PC015__item.webp,900,480,,,,
PC016,PC016__solo.webp,1528,939,0.994,4,PC016__item.webp,900,553,,,,
PC017,PC017__solo.webp,1443,920,0.877,3,PC017__item.webp,871,612,52.2,0.031,,
PC018,PC018__solo.webp,1470,927,0.854,2,PC018__item.webp,900,567,,,,
PC019,PC019__solo.webp,1522,949,0.993,3,PC019__item.webp,890,627,15.39,0.0501,,
PC020,PC020__solo.webp,580,939,0.811,2,PC020__item.webp,580,750,,,,
PC021,PC021__solo.webp,871,921,0.871,2,PC021__item.webp,871,612,,,,
PC022,PC022__solo.webp,548,929,0.84,2,PC022__item.webp,548,714,,,,
PC023,PC023__solo.webp,1248,922,0.784,5,PC023__item.webp,513,361,67.22,0.0356,,
PC024,PC024__solo.webp,1525,910,0.958,4,PC024__item.webp,456,333,67.22,0.0356,,
PC025,PC025__solo.webp,1527,938,0.995,4,PC025__item.webp,859,622,42.14,0.0266,,
PC026,PC026__solo.webp,1531,939,0.995,4,PC026__item.webp,885,622,42.14,0.0266,,
PC027,PC027__solo.webp,1532,942,0.996,3,PC027__item.webp,900,626,117.17,0.0619,,
PC027C,PC027C__solo.webp,1535,936,0.996,4,PC027C__item.webp,900,626,117.17,0.0619,,
PC027T,PC027T__solo.webp,1033,939,0.881,2,PC027T__item.webp,900,642,117.17,0.0619,,
PC028,PC028__solo.webp,1532,916,0.95,6,PC028__item.webp,900,486,,,,
PC029,PC029__solo.webp,892,933,0.844,2,PC029__item.webp,892,639,126.32,0.1155,,
PC029T,PC029T__solo.webp,1528,943,0.995,3,PC029T__item.webp,900,631,126.32,0.1155,,
PC030,PC030__solo.webp,1525,934,0.99,3,PC030__item.webp,668,480,15.39,0.0501,,
PC031,PC031__solo.webp,1533,946,0.973,4,PC031__item.webp,751,424,,,,
PC035,PC035__solo.webp,1523,929,0.969,4,PC035__item.webp,899,625,,,,
PC038,PC038__solo.webp,1530,936,0.977,5,PC038__item.webp,900,653,,,,
PC039,PC039__solo.webp,1202,934,0.862,3,PC039__item.webp,900,587,,,,
PC040,PC040__solo.webp,1207,923,0.783,5,PC040__item.webp,506,363,94.9,0.0479,,
PC041,PC041__solo.webp,1060,925,0.788,3,PC041__item.webp,509,381,15.39,0.0501,,
PC042,PC042__solo.webp,1232,922,0.779,3,PC042__item.webp,458,335,52.2,0.031,,
PC043,PC043__solo.webp,1056,922,0.798,3,PC043__item.webp,900,680,,,,
PC044,PC044__solo.webp,1525,921,0.951,6,PC044__item.webp,900,500,34.5,0.0852,,
PC045,PC045__solo.webp,1075,917,0.743,3,PC045__item.webp,900,513,34.5,0.0852,,
PC048,PC048__solo.webp,1526,943,0.922,5,PC048__item.webp,900,673,,,,
PC059,PC059__solo.webp,1435,936,0.978,3,PC059__item.webp,900,518,,,,
PC074,PC074__solo.webp,1526,938,0.975,4,PC074__item.webp,900,688,,,,
PC075,PC075__solo.webp,1526,934,0.974,4,PC075__item.webp,900,657,,,,
PC076,PC076__solo.webp,1526,934,0.732,3,PC076__item.webp,855,573,,,,
PC092,PC092__solo.webp,1167,937,0.914,3,PC092__item.webp,900,599,,,,
PC101,PC101__solo.webp,1484,937,0.979,4,PC101__item.webp,615,815,103.96,0.0199,,
PC101IT-01,PC101IT-01__solo.webp,1532,964,0.993,5,PC101IT-01__item.webp,528,724,103.96,0.0199,,
PC101IT-02,PC101IT-02__solo.webp,1532,964,0.993,5,PC101IT-02__item.webp,527,723,103.96,0.0199,,
PC101IT-03,PC101IT-03__solo.webp,1532,964,0.993,5,PC101IT-03__item.webp,527,724,103.96,0.0199,,
PC101IT-04,PC101IT-04__solo.webp,1532,964,0.993,5,PC101IT-04__item.webp,527,724,103.96,0.0199,,
PC101IT-05,PC101IT-05__solo.webp,1532,964,0.993,5,PC101IT-05__item.webp,527,723,103.96,0.0199,,
PC101IT-06,PC101IT-06__solo.webp,1532,964,0.993,5,PC101IT-06__item.webp,527,723,103.96,0.0199,,
PC101IT-07,PC101IT-07__solo.webp,1113,964,0.874,4,PC101IT-07__item.webp,527,724,103.96,0.0199,,
PC101IT-08,PC101IT-08__solo.webp,1532,964,0.993,5,PC101IT-08__item.webp,527,724,103.96,0.0199,,
PC101IT-09,PC101IT-09__solo.webp,1532,964,0.993,5,PC101IT-09__item.webp,527,723,103.96,0.0199,,
PC101IT-F,PC101IT-F__solo.webp,1522,923,0.991,4,PC101IT-F__item.webp,509,676,103.96,0.0199,,
PC101IT-P,PC101IT-P__solo.webp,1505,922,0.928,4,PC101IT-P__item.webp,509,675,103.96,0.0199,,
PC101IT,PC101IT__solo.webp,1210,925,0.925,3,PC101IT__item.webp,531,694,103.96,0.0199,,
PC101P,PC101P__solo.webp,1503,941,0.98,4,PC101P__item.webp,615,824,103.96,0.0199,,
PC102,PC102__solo.webp,1501,932,0.96,3,PC102__item.webp,453,628,103.96,0.0199,,
PC102IT-F,PC102IT-F__solo.webp,1536,937,0.99,4,PC102IT-F__item.webp,471,827,66.29,0.0022,,
PC102IT-P,PC102IT-P__solo.webp,1535,942,0.99,4,PC102IT-P__item.webp,470,826,66.29,0.0022,,
PC102IT-PL,PC102IT-PL__solo.webp,1536,943,0.991,5,PC102IT-PL__item.webp,471,826,66.29,0.0022,,
PC102IT,PC102IT__solo.webp,1533,931,0.991,5,PC102IT__item.webp,464,817,66.29,0.0022,,
PC103,PC103__solo.webp,1440,928,0.97,3,PC103__item.webp,872,550,144.45,0.0237,,
PC103IT-01,PC103IT-01__solo.webp,1201,948,0.822,4,PC103IT-01__item.webp,471,800,101.91,0.0428,,
PC103IT-02,PC103IT-02__solo.webp,1192,918,0.824,4,PC103IT-02__item.webp,467,794,101.91,0.0428,,
PC103IT-03,PC103IT-03__solo.webp,1197,927,0.825,4,PC103IT-03__item.webp,483,770,101.91,0.0428,,
PC103IT-04,PC103IT-04__solo.webp,1196,935,0.819,4,PC103IT-04__item.webp,452,779,101.91,0.0428,,
PC103IT-05,PC103IT-05__solo.webp,1198,917,0.821,4,PC103IT-05__item.webp,460,770,101.91,0.0428,,
PC103IT-06,PC103IT-06__solo.webp,1189,896,0.821,4,PC103IT-06__item.webp,472,751,101.91,0.0428,,
PC103IT-07,PC103IT-07__solo.webp,1195,903,0.823,4,PC103IT-07__item.webp,492,746,101.91,0.0428,,
PC103IT-08,PC103IT-08__solo.webp,1182,894,0.818,4,PC103IT-08__item.webp,478,737,101.91,0.0428,,
PC104,PC104__solo.webp,1419,937,0.959,3,PC104__item.webp,685,432,144.45,0.0237,,
PC105,PC105__solo.webp,1326,939,0.957,3,PC105__item.webp,900,558,,,,
PC105IT-01,PC105IT-01__solo.webp,1206,933,0.821,4,PC105IT-01__item.webp,495,802,101.51,0.0366,,
PC105IT-02,PC105IT-02__solo.webp,1209,923,0.825,4,PC105IT-02__item.webp,509,788,101.51,0.0366,,
PC105IT-03,PC105IT-03__solo.webp,1207,920,0.825,4,PC105IT-03__item.webp,516,772,101.51,0.0366,,
PC105IT-04,PC105IT-04__solo.webp,1202,910,0.82,4,PC105IT-04__item.webp,490,776,101.51,0.0366,,
PC105IT-05,PC105IT-05__solo.webp,1203,908,0.821,4,PC105IT-05__item.webp,499,770,101.51,0.0366,,
PC105IT-06,PC105IT-06__solo.webp,1206,899,0.82,4,PC105IT-06__item.webp,497,752,101.51,0.0366,,
PC105IT-07,PC105IT-07__solo.webp,1193,905,0.822,4,PC105IT-07__item.webp,504,757,101.51,0.0366,,
PC105IT-08,PC105IT-08__solo.webp,1194,898,0.82,4,PC105IT-08__item.webp,499,745,101.51,0.0366,,
PC107IT-01,PC107IT-01__solo.webp,1202,931,0.815,4,PC107IT-01__item.webp,595,427,111.11,0.0225,,
PC107IT-02,PC107IT-02__solo.webp,1198,921,0.822,4,PC107IT-02__item.webp,593,427,111.11,0.0225,,
PC107IT-03,PC107IT-03__solo.webp,1198,915,0.798,3,PC107IT-03__item.webp,595,427,111.11,0.0225,,
PC107IT-04,PC107IT-04__solo.webp,1199,909,0.811,4,PC107IT-04__item.webp,593,427,111.11,0.0225,,
PC107IT-05,PC107IT-05__solo.webp,1200,909,0.795,3,PC107IT-05__item.webp,593,427,111.11,0.0225,,
PC107IT-06,PC107IT-06__solo.webp,1201,899,0.794,3,PC107IT-06__item.webp,593,427,111.11,0.0225,,
PC107IT-07,PC107IT-07__solo.webp,1209,903,0.796,3,PC107IT-07__item.webp,595,427,111.11,0.0225,,
PC107IT-08,PC107IT-08__solo.webp,1198,897,0.809,4,PC107IT-08__item.webp,595,427,111.11,0.0225,,
PC109IT-F,PC109IT-F__solo.webp,1568,1004,0.993,6,PC109IT-F__item.webp,502,900,72.95,0.0179,,
PC109IT-P,PC109IT-P__solo.webp,1568,1004,0.992,4,PC109IT-P__item.webp,537,900,72.95,0.0179,,
PC109IT-PL,PC109IT-PL__solo.webp,1568,1004,0.993,5,PC109IT-PL__item.webp,537,900,72.95,0.0179,,
PC109IT,PC109IT__solo.webp,1568,1004,0.993,5,PC109IT__item.webp,537,900,72.95,0.0179,,
PC110IT-P,PC110IT-P__solo.webp,1568,939,0.99,5,PC110IT-P__item.webp,467,663,79.09,0.0125,,
PC110IT-PL,PC110IT-PL__solo.webp,1568,940,0.991,4,PC110IT-PL__item.webp,468,664,79.09,0.0125,,
PC110IT,PC110IT__solo.webp,1568,939,0.991,4,PC110IT__item.webp,468,664,79.09,0.0125,,
PC111IT-01,PC111IT-01__solo.webp,1244,986,0.826,4,PC111IT-01__item.webp,574,823,103.83,0.0254,,
PC111IT-03,PC111IT-03__solo.webp,1244,986,0.809,3,PC111IT-03__item.webp,574,823,103.83,0.0254,,
PC111IT-05,PC111IT-05__solo.webp,1243,985,0.809,3,PC111IT-05__item.webp,574,823,103.83,0.0254,,
PC111IT-07,PC111IT-07__solo.webp,1244,986,0.809,3,PC111IT-07__item.webp,574,823,103.83,0.0254,,
PC111IT-08,PC111IT-08__solo.webp,1244,986,0.822,4,PC111IT-08__item.webp,574,823,103.83,0.0254,,
PC113-A4,PC113-A4__solo.webp,1527,939,0.969,4,PC113-A4__item.webp,875,599,24.54,0.1299,,
PC113-A5,PC113-A5__solo.webp,1539,945,0.956,4,PC113-A5__item.webp,622,509,24.54,0.1299,,
PC113-A6,PC113-A6__solo.webp,1529,952,0.943,4,PC113-A6__item.webp,532,466,24.54,0.1299,,
PC113-A7,PC113-A7__solo.webp,1529,947,0.94,4,PC113-A7__item.webp,481,440,24.54,0.1299,,
PC113-B5,PC113-B5__solo.webp,1535,942,0.953,4,PC113-B5__item.webp,658,554,24.54,0.1299,,
PC113-B6,PC113-B6__solo.webp,1525,952,0.938,4,PC113-B6__item.webp,559,472,24.54,0.1299,,
PC113-B7,PC113-B7__solo.webp,1526,956,0.941,4,PC113-B7__item.webp,456,430,24.54,0.1299,,
PC118-12,PC118-12__solo.webp,1199,768,0.892,7,PC118-12__item.webp,900,388,22.83,0.1179,,
PC118C,PC118C__solo.webp,1198,949,0.85,6,PC118C__item.webp,579,791,22.83,0.1179,,
PC119-12,PC119-12__solo.webp,1171,768,0.877,7,PC119-12__item.webp,900,435,17.94,0.1599,,
PC119,PC119__solo.webp,1187,944,0.842,7,PC119__item.webp,560,760,17.94,0.1599,,
PC119A,PC119A__solo.webp,1233,944,0.916,8,PC119A__item.webp,609,841,17.94,0.1599,,
PC119C,PC119C__solo.webp,1192,943,0.855,6,PC119C__item.webp,585,799,17.94,0.1599,,
PC119CP,PC119CP__solo.webp,1527,948,0.87,6,PC119CP__item.webp,900,582,17.94,0.1599,,
PC119G,PC119G__solo.webp,1201,945,0.898,5,PC119G__item.webp,622,791,17.94,0.1599,,
PC119P,PC119P__solo.webp,1526,943,0.862,6,PC119P__item.webp,587,786,17.94,0.1599,,
PC120,PC120__solo.webp,1175,939,0.856,4,PC120__item.webp,550,747,,,,
PC121,PC121__solo.webp,1175,938,0.812,16,PC121__item.webp,579,276,26.76,0.2588,,
PC122,PC122__solo.webp,1184,934,0.905,3,PC122__item.webp,567,742,26.76,0.2588,,
PC125,PC125__solo.webp,1530,936,0.979,3,PC125__item.webp,563,812,95.51,0.02,,
PC125S,PC125S__solo.webp,1479,938,0.98,4,PC125S__item.webp,561,812,95.51,0.02,,
PC126,PC126__solo.webp,1453,931,0.978,6,PC126__item.webp,563,813,4.83,0.0183,,
PC126S,PC126S__solo.webp,1480,939,0.98,4,PC126S__item.webp,561,812,4.83,0.0183,,
PC134,PC134__solo.webp,1141,934,0.861,3,PC134__item.webp,597,781,,,,
PC142,PC142__solo.webp,1168,939,0.939,5,PC142__item.webp,344,43,,,,
PC146,PC146__solo.webp,1201,939,0.971,4,PC146__item.webp,501,513,,,,
PC146B,PC146B__solo.webp,1144,934,0.937,3,PC146B__item.webp,157,73,,,,
PC148-P,PC148-P__solo.webp,1528,942,0.995,4,PC148-P__item.webp,900,616,50.12,0.0227,,
PC148,PC148__solo.webp,1529,938,0.995,4,PC148__item.webp,900,616,50.12,0.0227,,
PC149T,PC149T__solo.webp,925,942,0.854,2,PC149T__item.webp,900,618,,,,
PC150IT-01,PC150IT-01__solo.webp,1518,902,0.988,4,PC150IT-01__item.webp,236,749,28.61,0.059,,
PC150IT-02,PC150IT-02__solo.webp,1518,921,0.989,4,PC150IT-02__item.webp,279,764,28.61,0.059,,
PC150IT-03,PC150IT-03__solo.webp,1518,920,0.989,4,PC150IT-03__item.webp,260,770,28.61,0.059,,
PC150IT-04,PC150IT-04__solo.webp,1518,900,0.989,4,PC150IT-04__item.webp,259,731,28.61,0.059,,
PC150IT-05,PC150IT-05__solo.webp,1518,891,0.988,4,PC150IT-05__item.webp,252,729,28.61,0.059,,
PC150IT-06,PC150IT-06__solo.webp,1518,921,0.99,4,PC150IT-06__item.webp,279,754,28.61,0.059,,
PC150IT-07,PC150IT-07__solo.webp,1518,917,0.99,4,PC150IT-07__item.webp,279,767,28.61,0.059,,
PC150IT-08,PC150IT-08__solo.webp,1518,907,0.989,4,PC150IT-08__item.webp,257,761,28.61,0.059,,
PC150IT-09,PC150IT-09__solo.webp,1518,895,0.988,4,PC150IT-09__item.webp,255,749,28.61,0.059,,
PC165,PC165__solo.webp,1158,933,0.764,3,PC165__item.webp,429,770,,,,
PC180IT-01,PC180IT-01__solo.webp,1518,890,0.99,4,PC180IT-01__item.webp,315,725,31.35,0.0379,,
PC180IT-02,PC180IT-02__solo.webp,1518,896,0.99,4,PC180IT-02__item.webp,319,741,31.35,0.0379,,
PC180IT-03,PC180IT-03__solo.webp,1518,919,0.99,4,PC180IT-03__item.webp,305,778,31.35,0.0379,,
PC180IT-04,PC180IT-04__solo.webp,1519,932,0.991,4,PC180IT-04__item.webp,365,789,31.35,0.0379,,
PC180IT-05,PC180IT-05__solo.webp,1518,904,0.99,4,PC180IT-05__item.webp,310,749,31.35,0.0379,,
PC180IT-06,PC180IT-06__solo.webp,1518,896,0.99,4,PC180IT-06__item.webp,328,749,31.35,0.0379,,
PC180IT-07,PC180IT-07__solo.webp,1518,894,0.991,4,PC180IT-07__item.webp,318,734,31.35,0.0379,,
PC180IT-08,PC180IT-08__solo.webp,1518,901,0.991,4,PC180IT-08__item.webp,319,738,31.35,0.0379,,
PC180IT-09,PC180IT-09__solo.webp,1518,908,0.991,4,PC180IT-09__item.webp,322,744,31.35,0.0379,,
PC202,PC202__solo.webp,1532,939,0.979,5,PC202__item.webp,640,844,71.09,0.0249,,
PC203,PC203__solo.webp,1163,932,0.974,3,PC203__item.webp,568,795,71.09,0.0249,,
PC204,PC204__solo.webp,1525,933,0.978,4,PC204__item.webp,605,823,,,,
PC211,PC211__solo.webp,1536,941,0.995,4,PC211__item.webp,900,618,94.9,0.0479,,
PC212,PC212__solo.webp,1523,947,0.995,4,PC212__item.webp,887,638,,,,
PC213,PC213__solo.webp,1527,942,0.994,3,PC213__item.webp,900,610,15.39,0.0501,,
PC220,PC220__solo.webp,1520,941,0.995,4,PC220__item.webp,900,634,,,,
PC221,PC221__solo.webp,1534,950,0.995,4,PC221__item.webp,900,636,50.3,0.0847,,
PC222,PC222__solo.webp,1520,939,0.994,3,PC222__item.webp,900,610,,,,
PC223,PC223__solo.webp,1527,939,0.993,4,PC223__item.webp,652,459,,,,
PC224,PC224__solo.webp,1525,940,0.994,4,PC224__item.webp,679,473,50.3,0.0847,,
PC225,PC225__solo.webp,1527,940,0.991,3,PC225__item.webp,679,473,,,,
PC226,PC226__solo.webp,1531,939,0.994,4,PC226__item.webp,836,436,,,,
PC227,PC227__solo.webp,1528,953,0.994,4,PC227__item.webp,831,458,,,,
PC228,PC228__solo.webp,1529,949,0.988,3,PC228__item.webp,829,454,,,,
PC230,PC230__solo.webp,889,932,0.871,2,PC230__item.webp,888,610,69.78,0.1099,,
PC230T,PC230T__solo.webp,1525,921,0.978,4,PC230T__item.webp,871,627,69.78,0.1099,,
PC301,PC301__solo.webp,1461,931,0.976,4,PC301__item.webp,774,561,103.96,0.0199,,
PC302,PC302__solo.webp,1456,926,0.971,4,PC302__item.webp,600,445,103.96,0.0199,,
PC303,PC303__solo.webp,1459,925,0.977,4,PC303__item.webp,802,594,81.28,0.0945,,
PC303IT,PC303IT__solo.webp,1230,960,0.957,3,PC303IT__item.webp,616,900,81.28,0.0945,,
PC305,PC305__solo.webp,1539,935,0.994,5,PC305__item.webp,745,539,65.04,0.091,,
PC305A,PC305A__solo.webp,1525,928,0.967,5,,,,65.04,0.091,,
PC305AF-P,PC305AF-P__solo.webp,1538,944,0.98,4,PC305AF-P__item.webp,770,687,65.04,0.091,,
PC305AF,PC305AF__solo.webp,1539,932,0.98,5,PC305AF__item.webp,751,671,65.04,0.091,,
PC305F-P,PC305F-P__solo.webp,1530,970,0.976,4,PC305F-P__item.webp,770,597,65.04,0.091,,
PC305F,PC305F__solo.webp,1525,936,0.975,5,PC305F__item.webp,803,584,65.04,0.091,,
PC306,PC306__solo.webp,1527,925,0.995,4,PC306__item.webp,900,406,,,,
PC307,PC307__solo.webp,1527,924,0.993,4,PC307__item.webp,900,661,,,,
PC308,PC308__solo.webp,1342,926,0.971,3,PC308__item.webp,811,611,81.28,0.0945,,
PC311,PC311__solo.webp,1207,940,0.944,4,PC311__item.webp,570,810,70.14,0.0786,,
PC311F,PC311F__solo.webp,1210,936,0.84,11,PC311F__item.webp,900,584,70.14,0.0786,,
PC311FIT,PC311FIT__solo.webp,390,925,0.782,2,PC311FIT__item.webp,390,795,11.45,0.076,,
PC311IT,PC311IT__solo.webp,1180,941,0.911,3,PC311IT__item.webp,366,805,63.25,0.0279,,
PC311P,PC311P__solo.webp,1203,927,0.88,4,PC311P__item.webp,530,803,70.14,0.0786,,
PC312,PC312__solo.webp,1254,947,0.936,4,PC312__item.webp,547,829,70.14,0.0786,,
PC312F,PC312F__solo.webp,1210,936,0.84,9,PC312F__item.webp,900,735,70.14,0.0786,,
PC312FIT,PC312FIT__solo.webp,378,930,0.777,2,PC312FIT__item.webp,378,797,11.45,0.076,,
PC312IT,PC312IT__solo.webp,1180,935,0.903,3,PC312IT__item.webp,369,804,63.25,0.0279,,
PC312P,PC312P__solo.webp,1215,931,0.885,4,PC312P__item.webp,531,804,70.14,0.0786,,
PC313,PC313__solo.webp,1254,947,0.936,4,PC313__item.webp,547,829,70.14,0.0786,,
PC313F,PC313F__solo.webp,1210,936,0.838,9,PC313F__item.webp,900,588,70.14,0.0786,,
PC313FIT,PC313FIT__solo.webp,377,928,0.776,2,PC313FIT__item.webp,377,792,11.45,0.076,,
PC313IT,PC313IT__solo.webp,1161,940,0.899,3,PC313IT__item.webp,368,808,63.25,0.0279,,
PC313P,PC313P__solo.webp,1215,931,0.885,4,PC313P__item.webp,531,804,70.14,0.0786,,
PC314,PC314__solo.webp,1169,941,0.935,4,PC314__item.webp,496,836,70.14,0.0786,,
PC314F,PC314F__solo.webp,1158,945,0.828,9,PC314F__item.webp,738,458,70.14,0.0786,,
PC314FIT,PC314FIT__solo.webp,378,919,0.775,2,PC314FIT__item.webp,378,791,11.45,0.076,,
PC314IT,PC314IT__solo.webp,1151,938,0.901,3,PC314IT__item.webp,381,808,63.25,0.0279,,
PC315,PC315__solo.webp,1155,931,0.929,4,PC315__item.webp,521,827,70.14,0.0786,,
PC315F,PC315F__solo.webp,1118,950,0.833,10,PC315F__item.webp,744,420,70.14,0.0786,,
PC315FIT,PC315FIT__solo.webp,374,926,0.774,2,PC315FIT__item.webp,374,800,11.45,0.076,,
PC315IT,PC315IT__solo.webp,1149,942,0.899,3,PC315IT__item.webp,369,807,63.25,0.0279,,
PC316,PC316__solo.webp,1144,931,0.932,4,PC316__item.webp,551,817,70.14,0.0786,,
PC316F,PC316F__solo.webp,1118,950,0.836,8,PC316F__item.webp,504,848,70.14,0.0786,,
PC316FIT,PC316FIT__solo.webp,383,928,0.778,2,PC316FIT__item.webp,383,795,11.45,0.076,,
PC316IT,PC316IT__solo.webp,1180,919,0.905,3,PC316IT__item.webp,364,794,63.25,0.0279,,
PC317,PC317__solo.webp,1144,931,0.937,4,PC317__item.webp,551,817,70.14,0.0786,,
PC317F,PC317F__solo.webp,1186,929,0.847,9,PC317F__item.webp,609,263,70.14,0.0786,,
PC317FIT,PC317FIT__solo.webp,387,932,0.777,2,PC317FIT__item.webp,387,795,11.45,0.076,,
PC317IT,PC317IT__solo.webp,1198,937,0.906,3,PC317IT__item.webp,384,807,63.25,0.0279,,
PC331,PC331__solo.webp,1461,921,0.971,4,PC331__item.webp,667,484,65.44,0.0205,,
PC332,PC332__solo.webp,1536,925,0.969,4,PC332__item.webp,608,442,65.44,0.0205,,
PC333,PC333__solo.webp,1474,941,0.978,6,PC333__item.webp,893,610,65.44,0.0205,,
PC335,PC335__solo.webp,1527,934,0.994,5,PC335__item.webp,731,528,50.57,0.0805,,
PC335A,PC335A__solo.webp,1531,939,0.975,7,PC335A__item.webp,753,623,50.57,0.0805,,
PC335AF,PC335AF__solo.webp,1536,934,0.977,5,PC335AF__item.webp,755,652,50.57,0.0805,,
PC335F,PC335F__solo.webp,1538,947,0.978,5,PC335F__item.webp,799,576,50.57,0.0805,,
PC341,PC341__solo.webp,1410,929,0.977,4,PC341__item.webp,802,607,0.32,0.009,,
PC342,PC342__solo.webp,1460,921,0.971,4,PC342__item.webp,599,445,0.32,0.009,,
PC345AF,PC345AF__solo.webp,1537,934,0.976,5,PC345AF__item.webp,773,648,10.18,0.0771,,
PC345F,PC345F__solo.webp,1530,954,0.994,5,PC345F__item.webp,735,561,10.18,0.0771,,
PC346,PC346__solo.webp,1531,927,0.97,5,PC346__item.webp,899,394,,,,
PC348,PC348__solo.webp,1529,933,0.97,5,PC348__item.webp,900,399,,,,
PC349,PC349__solo.webp,1524,924,0.992,5,PC349__item.webp,900,446,,,,
PC350,PC350__solo.webp,1497,932,0.976,4,PC350__item.webp,816,548,81.28,0.0945,,
PC385,PC385__solo.webp,1533,903,0.991,5,PC385__item.webp,900,534,,,,
PC392,PC392__solo.webp,1529,932,0.979,5,PC392__item.webp,900,448,,,,
PC452,PC452__solo.webp,1460,934,0.97,4,PC452__item.webp,900,598,,,,
PC453,PC453__solo.webp,1257,929,0.938,4,PC453__item.webp,900,444,,,,
PC454,PC454__solo.webp,1533,961,0.994,5,PC454__item.webp,900,417,,,,
PC461-P,PC461-P__solo.webp,1524,945,0.993,5,PC461-P__item.webp,900,566,,,,
PC470,PC470__solo.webp,1253,939,0.947,4,PC470__item.webp,760,592,2.37,0.0225,,
PC471,PC471__solo.webp,1141,937,0.922,4,PC471__item.webp,533,415,2.37,0.0225,,
PC476-1,PC476-1__solo.webp,1350,934,0.978,4,PC476-1__item.webp,610,835,121.23,0.0371,,
PC476,PC476__solo.webp,1331,936,0.978,4,PC476__item.webp,620,858,121.23,0.0371,,
PC496,PC496__solo.webp,1162,939,0.971,3,PC496__item.webp,900,621,,,,
PC501,PC501__solo.webp,1523,854,0.994,4,PC501__item.webp,578,715,54.36,0.1441,,
PC501F,PC501F__solo.webp,1538,848,0.992,4,PC501F__item.webp,900,683,54.36,0.1441,,
PC502,PC502__solo.webp,1526,849,0.994,5,PC502__item.webp,580,746,54.36,0.1441,,
PC502F,PC502F__solo.webp,1523,854,0.991,5,PC502F__item.webp,503,762,54.36,0.1441,,
PC503,PC503__solo.webp,1528,848,0.994,5,PC503__item.webp,573,737,54.36,0.1441,,
PC503F,PC503F__solo.webp,1526,848,0.992,3,PC503F__item.webp,590,735,54.36,0.1441,,
PC539-01,PC539-01__solo.webp,1529,944,0.988,3,PC539-01__item.webp,593,424,104.65,0.0401,,
PC539-02,PC539-02__solo.webp,1527,940,0.988,3,PC539-02__item.webp,603,420,104.65,0.0401,,
PC539-03,PC539-03__solo.webp,1529,938,0.988,3,PC539-03__item.webp,604,421,104.65,0.0401,,
PC539-04,PC539-04__solo.webp,1528,940,0.988,3,PC539-04__item.webp,606,423,104.65,0.0401,,
PC539-05,PC539-05__solo.webp,1529,938,0.988,3,PC539-05__item.webp,607,424,104.65,0.0401,,
PC539-06,PC539-06__solo.webp,1529,937,0.988,3,PC539-06__item.webp,605,423,104.65,0.0401,,
PC539-07,PC539-07__solo.webp,1529,937,0.988,3,PC539-07__item.webp,609,425,104.65,0.0401,,
PC539-09,PC539-09__solo.webp,1529,939,0.988,3,PC539-09__item.webp,613,429,104.65,0.0401,,
PC539-10,PC539-10__solo.webp,1529,939,0.988,3,PC539-10__item.webp,614,430,104.65,0.0401,,
PC539-11,PC539-11__solo.webp,1529,939,0.988,3,PC539-11__item.webp,618,432,104.65,0.0401,,
PC539-12,PC539-12__solo.webp,1529,938,0.988,3,PC539-12__item.webp,619,432,104.65,0.0401,,
PC539-13,PC539-13__solo.webp,1528,944,0.962,5,,,,104.65,0.0401,,
PC540-01,PC540-01__solo.webp,1523,938,0.985,3,PC540-01__item.webp,510,359,104.65,0.0401,,
PC540-02,PC540-02__solo.webp,1523,937,0.985,3,PC540-02__item.webp,515,363,104.65,0.0401,,
PC540-03,PC540-03__solo.webp,1523,937,0.985,3,PC540-03__item.webp,516,363,104.65,0.0401,,
PC540-04,PC540-04__solo.webp,1522,938,0.985,3,PC540-04__item.webp,514,363,104.65,0.0401,,
PC540-06,PC540-06__solo.webp,1527,935,0.985,3,PC540-06__item.webp,521,366,104.65,0.0401,,
PC540-08,PC540-08__solo.webp,1530,937,0.985,3,PC540-08__item.webp,524,368,104.65,0.0401,,
PC540-09,PC540-09__solo.webp,1530,939,0.985,3,PC540-09__item.webp,526,370,104.65,0.0401,,
PC540-13,PC540-13__solo.webp,1532,938,0.963,4,,,,104.65,0.0401,,
PC541-01,PC541-01__solo.webp,1528,936,0.982,3,PC541-01__item.webp,496,282,104.65,0.0401,,
PC541-02,PC541-02__solo.webp,1527,936,0.982,3,PC541-02__item.webp,502,282,104.65,0.0401,,
PC541-03,PC541-03__solo.webp,1525,934,0.982,3,PC541-03__item.webp,497,280,104.65,0.0401,,
PC541-04,PC541-04__solo.webp,1529,937,0.982,3,PC541-04__item.webp,503,284,104.65,0.0401,,
PC541-06,PC541-06__solo.webp,1527,941,0.982,3,PC541-06__item.webp,514,290,104.65,0.0401,,
PC541-09,PC541-09__solo.webp,1525,932,0.982,3,PC541-09__item.webp,511,288,104.65,0.0401,,
PC541-13,PC541-13__solo.webp,1529,939,0.963,4,,,,104.65,0.0401,,
PC549,PC549__solo.webp,1524,934,0.947,5,PC549__item.webp,569,774,,,,
PC550,PC550__solo.webp,1133,941,0.939,4,PC550__item.webp,492,373,,,,
PC551,PC551__solo.webp,1254,930,0.963,4,PC551__item.webp,900,614,,,,
PC552,PC552__solo.webp,1514,927,0.976,3,PC552__item.webp,810,617,88.79,0.1067,,
PC553,PC553__solo.webp,1486,918,0.967,14,PC553__item.webp,900,544,,,,
PC554,PC554__solo.webp,1483,922,0.968,14,PC554__item.webp,900,542,88.79,0.1067,,
PC555,PC555__solo.webp,1528,934,0.976,4,PC555__item.webp,735,541,,,,
PC556,PC556__solo.webp,1528,934,0.975,4,PC556__item.webp,734,541,,,,
PC611,PC611__solo.webp,1524,928,0.993,4,PC611__item.webp,735,519,68.9,0.1045,,
PC612,PC612__solo.webp,1525,933,0.962,4,PC612__item.webp,900,620,,,,
PC613,PC613__solo.webp,1526,929,0.99,4,PC613__item.webp,900,551,,,,
PC614,PC614__solo.webp,1530,934,0.971,5,PC614__item.webp,899,374,,,,
PC616,PC616__solo.webp,1525,948,0.992,7,PC616__item.webp,580,361,68.9,0.1045,,
PC619,PC619__solo.webp,1527,907,0.993,4,PC619__item.webp,900,619,,,,
PC811,PC811__solo.webp,1528,944,0.993,4,PC811__item.webp,474,820,18.39,0.1065,,
PC812,PC812__solo.webp,1528,944,0.993,4,PC812__item.webp,474,821,18.39,0.1065,,
PC813,PC813__solo.webp,1526,937,0.993,4,PC813__item.webp,470,811,18.39,0.1065,,
PC814,PC814__solo.webp,1522,931,0.992,4,PC814__item.webp,466,800,18.39,0.1065,,
PC815,PC815__solo.webp,1521,927,0.992,4,PC815__item.webp,465,787,18.39,0.1065,,
PC823,PC823__solo.webp,1523,936,0.993,4,PC823__item.webp,458,784,18.39,0.1065,,
PC824,PC824__solo.webp,1522,939,0.993,4,PC824__item.webp,457,787,18.39,0.1065,,
PC882F,PC882F__solo.webp,1528,937,0.967,8,PC882F__item.webp,443,707,,,,
PC883F,PC883F__solo.webp,1528,937,0.968,10,PC883F__item.webp,900,749,,,,
PC884IT,PC884IT__solo.webp,1515,913,0.988,3,PC884IT__item.webp,362,687,52.41,0.0636,,
PC885IT,PC885IT__solo.webp,1518,859,0.987,3,PC885IT__item.webp,347,601,52.41,0.0636,,
PC886IT,PC886IT__solo.webp,1531,943,0.993,4,PC886IT__item.webp,389,737,56.7,0.0428,,
PC887IT,PC887IT__solo.webp,1528,936,0.993,4,PC887IT__item.webp,370,739,52.41,0.0636,,
PC888IT,PC888IT__solo.webp,1535,945,0.994,4,PC888IT__item.webp,415,727,56.7,0.0428,,
PC889IT,PC889IT__solo.webp,1518,945,0.993,4,PC889IT__item.webp,397,727,56.7,0.0428,,
PC901-100IT,PC901-100IT__solo.webp,557,939,0.866,3,PC901-100IT__item.webp,557,784,21.69,0.1383,,
PC901-50,PC901-50__solo.webp,1182,935,0.919,4,PC901-50__item.webp,537,760,21.69,0.1383,,
PC901,PC901__solo.webp,1182,935,0.92,5,PC901__item.webp,537,760,21.69,0.1383,,
PC901A5-50,PC901A5-50__solo.webp,609,904,0.876,2,PC901A5-50__item.webp,609,716,21.69,0.1383,,
PC902-100IT,PC902-100IT__solo.webp,557,939,0.864,3,PC902-100IT__item.webp,557,784,0.1,0.0024,,
PC902-50IT,PC902-50IT__solo.webp,557,939,0.867,3,PC902-50IT__item.webp,557,784,0.1,0.0024,,
PC902IT,PC902IT__solo.webp,557,939,0.867,3,PC902IT__item.webp,557,784,0.1,0.0024,,
PC903-100IT,PC903-100IT__solo.webp,557,939,0.876,4,PC903-100IT__item.webp,248,43,19.05,0.0771,,
PC903-50,PC903-50__solo.webp,1182,935,0.928,5,PC903-50__item.webp,899,711,19.05,0.0771,,
PC903,PC903__solo.webp,1182,935,0.93,4,PC903__item.webp,899,711,19.05,0.0771,,
PC905-50,PC905-50__solo.webp,1182,935,0.928,4,PC905-50__item.webp,899,711,,,,
PC911,PC911__solo.webp,1223,688,0.988,5,PC911__item.webp,232,369,68.01,0.0308,,
PC911A,PC911A__solo.webp,1242,688,0.991,6,PC911A__item.webp,220,351,68.01,0.0308,,
PC912,PC912__solo.webp,1128,936,0.939,4,PC912__item.webp,417,526,1.77,0.1816,,
PC913,PC913__solo.webp,1065,935,0.924,4,PC913__item.webp,629,448,0.87,0.0547,,
PC915,PC915__solo.webp,996,935,0.889,3,PC915__item.webp,330,486,1.77,0.1816,,
PC916,PC916__solo.webp,967,936,0.885,3,PC916__item.webp,566,403,0.87,0.0547,,
PC919,PC919__solo.webp,1533,942,0.992,5,PC919__item.webp,900,607,,,,
PC920,PC920__solo.webp,1463,877,0.978,2,PC920__item.webp,900,539,,,,
PD034-37,PD034-37__solo.webp,1533,931,0.992,3,PD034-37__item.webp,409,900,6.98,0.1397,,
PD034-38,PD034-38__solo.webp,1535,932,0.991,3,PD034-38__item.webp,408,900,6.98,0.1397,,
PD034-39,PD034-39__solo.webp,1535,929,0.991,3,PD034-39__item.webp,410,900,6.98,0.1397,,
PD034-40,PD034-40__solo.webp,1534,932,0.992,3,PD034-40__item.webp,409,900,6.98,0.1397,,
PD034-41,PD034-41__solo.webp,1532,931,0.992,3,PD034-41__item.webp,406,900,6.98,0.1397,,
PD034-42,PD034-42__solo.webp,1535,930,0.992,3,PD034-42__item.webp,412,900,6.98,0.1397,,
PD034-43,PD034-43__solo.webp,1534,932,0.992,3,PD034-43__item.webp,407,900,6.98,0.1397,,
PD034-44,PD034-44__solo.webp,1534,932,0.992,3,PD034-44__item.webp,409,900,6.98,0.1397,,
PD034-45,PD034-45__solo.webp,1534,929,0.992,3,PD034-45__item.webp,409,900,6.98,0.1397,,
PD034-46,PD034-46__solo.webp,1534,931,0.992,3,PD034-46__item.webp,417,815,6.98,0.1397,,
PD034-48,PD034-48__solo.webp,1534,931,0.991,3,PD034-48__item.webp,408,900,6.98,0.1397,,
PD034-49,PD034-49__solo.webp,1531,931,0.992,3,PD034-49__item.webp,406,900,6.98,0.1397,,
PD034-50,PD034-50__solo.webp,1532,930,0.992,3,PD034-50__item.webp,407,900,6.98,0.1397,,
PD034-51,PD034-51__solo.webp,1534,933,0.992,3,PD034-51__item.webp,407,900,6.98,0.1397,,
PD140-01,PD140-01__solo.webp,848,646,0.874,3,PD140-01__item.webp,596,562,69.95,0.0568,,
PD140-02,PD140-02__solo.webp,851,650,0.874,3,PD140-02__item.webp,596,561,69.95,0.0568,,
PD140-03,PD140-03__solo.webp,677,740,0.89,2,PD140-03__item.webp,677,647,69.95,0.0568,,
PD140-04,PD140-04__solo.webp,928,740,0.909,1,PD140-04__item.webp,687,658,69.95,0.0568,,
PE025,PE025__solo.webp,1296,873,0.76,4,PE025__item.webp,900,606,86.18,0.1753,,
PE025N,PE025N__solo.webp,1295,874,0.742,4,PE025N__item.webp,463,874,86.18,0.1753,,
PE026-1,PE026-1__solo.webp,1158,822,0.889,4,PE026-1__item.webp,525,761,39.76,0.0553,,
PE026-2,PE026-2__solo.webp,1160,824,0.885,5,PE026-2__item.webp,523,760,39.76,0.0553,,
PE026-3,PE026-3__solo.webp,1159,823,0.883,4,PE026-3__item.webp,523,758,39.76,0.0553,,
PE026,PE026__solo.webp,1160,825,0.887,4,PE026__item.webp,524,759,39.76,0.0553,,
PE027-1,PE027-1__solo.webp,1068,860,0.902,2,PE027-1__item.webp,400,550,114.71,0.1135,,
PE027,PE027__solo.webp,1296,861,0.992,4,PE027__item.webp,395,541,114.71,0.1135,,
PE028-1,PE028-1__solo.webp,1213,822,0.989,4,PE028-1__item.webp,419,511,63.03,0.0658,,
PE028-2,PE028-2__solo.webp,1062,841,0.896,2,PE028-2__item.webp,419,511,63.03,0.0658,,
PE028,PE028__solo.webp,1040,843,0.897,2,PE028__item.webp,420,516,63.03,0.0658,,
PE029-1,PE029-1__solo.webp,1058,844,0.849,3,PE029-1__item.webp,338,533,79.56,0.1745,,
PE029-2,PE029-2__solo.webp,1062,844,0.848,3,PE029-2__item.webp,354,520,79.56,0.1745,,
PE029,PE029__solo.webp,1046,844,0.849,2,PE029__item.webp,305,535,79.56,0.1745,,
PE030,PE030__solo.webp,869,853,0.701,2,PE030__item.webp,869,853,,,,
PE031-1,PE031-1__solo.webp,1210,899,0.9,4,PE031-1__item.webp,562,317,160.32,0.1829,,
PE031-2,PE031-2__solo.webp,1528,897,0.987,3,PE031-2__item.webp,589,332,160.32,0.1829,,
PE032-01,PE032-01__solo.webp,1181,800,0.892,4,PE032-01__item.webp,463,131,25.83,0.1045,,
PE032-02,PE032-02__solo.webp,1179,800,0.868,5,PE032-02__item.webp,160,50,25.83,0.1045,,
PE032-03,PE032-03__solo.webp,1154,800,0.88,4,PE032-03__item.webp,160,51,25.83,0.1045,,
PE032-04,PE032-04__solo.webp,1152,801,0.879,4,PE032-04__item.webp,160,51,25.83,0.1045,,
PE033-1,PE033-1__solo.webp,1210,897,0.906,5,PE033-1__item.webp,547,295,114.1,0.1995,,
PE033-2,PE033-2__solo.webp,1216,897,0.908,5,PE033-2__item.webp,227,31,114.1,0.1995,,
PE034-1,PE034-1__solo.webp,1197,901,0.923,3,PE034-1__item.webp,466,383,176.21,0.1038,,
PE034-2,PE034-2__solo.webp,1203,925,0.935,3,PE034-2__item.webp,584,442,176.21,0.1038,,
PE035-1,PE035-1__solo.webp,1527,943,0.994,5,PE035-1__item.webp,640,674,,,,
PE036-01,PE036-01__solo.webp,1207,813,0.883,3,PE036-01__item.webp,579,556,,,,
PE102,PE102__solo.webp,1128,921,0.926,3,PE102__item.webp,151,900,,,,
PE105-5,PE105-5__solo.webp,1196,919,0.913,3,PE105-5__item.webp,74,900,32.75,0.0942,,
PE105,PE105__solo.webp,1546,904,0.926,4,PE105__item.webp,73,900,32.75,0.0942,,
PE105O-5,PE105O-5__solo.webp,1536,923,0.913,4,PE105O-5__item.webp,74,900,32.75,0.0942,,
PE105O,PE105O__solo.webp,1533,920,0.935,4,PE105O__item.webp,72,900,32.75,0.0942,,
PE106,PE106__solo.webp,1528,944,0.992,3,PE106__item.webp,284,900,,,,
PE123-5,PE123-5__solo.webp,1233,921,0.872,3,PE123-5__item.webp,72,900,32.75,0.0942,,
PE123,PE123__solo.webp,1231,963,0.896,3,PE123__item.webp,71,900,32.75,0.0942,,
PE124-5,PE124-5__solo.webp,1226,923,0.912,3,PE124-5__item.webp,72,900,32.75,0.0942,,
PE124,PE124__solo.webp,1267,923,0.916,3,PE124__item.webp,73,900,32.75,0.0942,,
PE128-01,PE128-01__solo.webp,1527,944,0.991,5,PE128-01__item.webp,104,900,0.07,0.0045,,
PE128-02,PE128-02__solo.webp,1527,944,0.991,5,PE128-02__item.webp,104,900,0.07,0.0045,,
PE128-03,PE128-03__solo.webp,1528,944,0.991,4,PE128-03__item.webp,104,900,0.07,0.0045,,
PE128B,PE128B__solo.webp,1527,944,0.989,4,PE128B__item.webp,104,900,0.07,0.0045,,
PE128C,PE128C__solo.webp,1527,944,0.989,4,PE128C__item.webp,104,900,0.07,0.0045,,
PE131,PE131__solo.webp,1528,944,0.988,5,PE131__item.webp,77,542,46.32,0.1916,,
PE131R,PE131R__solo.webp,1528,847,0.984,4,PE131R__item.webp,137,669,46.32,0.1916,,
PE134,PE134__solo.webp,1528,945,0.988,2,PE134__item.webp,93,900,,,,
PE135,PE135__solo.webp,1529,945,0.988,2,PE135__item.webp,93,900,,,,
PE140-01,PE140-01__solo.webp,953,939,0.8,2,PE140-01__item.webp,75,900,37.1,0.0678,,
PE140-02,PE140-02__solo.webp,1529,942,0.977,3,PE140-02__item.webp,76,900,37.1,0.0678,,
PE140-03,PE140-03__solo.webp,954,940,0.8,2,PE140-03__item.webp,75,900,37.1,0.0678,,
PE140-04,PE140-04__solo.webp,953,939,0.8,2,PE140-04__item.webp,76,900,37.1,0.0678,,
PE140-05,PE140-05__solo.webp,1528,939,0.977,3,PE140-05__item.webp,75,900,37.1,0.0678,,
PE140-06,PE140-06__solo.webp,952,940,0.769,2,PE140-06__item.webp,76,900,37.1,0.0678,,
PE140-07,PE140-07__solo.webp,1528,940,0.978,3,PE140-07__item.webp,75,900,37.1,0.0678,,
PE140-08,PE140-08__solo.webp,1528,945,0.982,3,PE140-08__item.webp,76,900,37.1,0.0678,,
PE140-12,PE140-12__solo.webp,1528,945,0.983,3,PE140-12__item.webp,75,900,37.1,0.0678,,
PE140-13,PE140-13__solo.webp,1128,932,0.872,4,PE140-13__item.webp,72,900,37.1,0.0678,,
PE140-14,PE140-14__solo.webp,1101,940,0.853,6,PE140-14__item.webp,72,900,37.1,0.0678,,
PE140-16,PE140-16__solo.webp,1530,945,0.992,10,PE140-16__p13.webp,129,156,37.1,0.0678,,
PE140,PE140__solo.webp,1528,940,0.977,3,PE140__item.webp,75,900,37.1,0.0678,,
PE140A-12,PE140A-12__solo.webp,955,943,0.809,2,PE140A-12__item.webp,75,900,37.1,0.0678,,
PE140A-S,PE140A-S__solo.webp,953,940,0.814,2,PE140A-S__item.webp,88,900,37.1,0.0678,,
PE140N-12,PE140N-12__solo.webp,953,938,0.821,2,PE140N-12__item.webp,76,900,37.1,0.0678,,
PE140N-S,PE140N-S__solo.webp,953,938,0.814,2,PE140N-S__item.webp,75,900,37.1,0.0678,,
PE140R-S,PE140R-S__solo.webp,952,939,0.814,2,PE140R-S__item.webp,74,900,37.1,0.0678,,
PE143,PE143__solo.webp,1528,943,0.989,4,PE143__item.webp,272,900,,,,
PE144,PE144__solo.webp,1529,945,0.988,4,PE144__item.webp,133,900,19.75,0.0325,,
PE144A,PE144A__solo.webp,970,874,0.808,3,PE144A__item.webp,133,900,19.75,0.0325,,
PE144N,PE144N__solo.webp,970,875,0.813,3,PE144N__item.webp,132,900,19.75,0.0325,,
PE144O,PE144O__solo.webp,1528,945,0.99,4,PE144O__item.webp,133,900,19.75,0.0325,,
PE144OA,PE144OA__solo.webp,969,874,0.817,3,PE144OA__item.webp,133,900,19.75,0.0325,,
PE144ON,PE144ON__solo.webp,970,875,0.817,3,PE144ON__item.webp,132,900,19.75,0.0325,,
PE147-1,PE147-1__solo.webp,978,940,0.78,3,PE147-1__item.webp,84,754,16.06,0.0708,,
PE147-2,PE147-2__solo.webp,978,938,0.752,3,PE147-2__item.webp,84,759,16.06,0.0708,,
PE147-4,PE147-4__solo.webp,1528,940,0.985,4,PE147-4__item.webp,83,760,16.06,0.0708,,
PE147-5,PE147-5__solo.webp,1525,940,0.984,4,PE147-5__item.webp,84,759,16.06,0.0708,,
PE147,PE147__solo.webp,1529,941,0.982,4,PE147__item.webp,83,758,16.06,0.0708,,
PE147N-IT,PE147N-IT__solo.webp,977,903,0.774,2,PE147N-IT__item.webp,245,793,16.06,0.0708,,
PE162,PE162__solo.webp,1528,874,0.983,4,PE162__item.webp,104,900,,,,
PE164-1,PE164-1__solo.webp,1528,938,0.987,3,PE164-1__item.webp,192,900,12.72,0.0583,,
PE164-2,PE164-2__solo.webp,1038,938,0.856,2,PE164-2__item.webp,192,900,12.72,0.0583,,
PE164-3,PE164-3__solo.webp,1040,941,0.855,2,PE164-3__item.webp,178,900,12.72,0.0583,,
PE164A-S,PE164A-S__solo.webp,1040,938,0.853,2,PE164A-S__item.webp,192,900,12.72,0.0583,,
PE164N-S,PE164N-S__solo.webp,1040,941,0.853,2,PE164N-S__item.webp,178,900,12.72,0.0583,,
PE178,PE178__solo.webp,1527,944,0.985,5,PE178__item.webp,458,900,,,,
PE179,PE179__solo.webp,1529,944,0.985,5,PE179__item.webp,458,900,,,,
PE180,PE180__solo.webp,1529,961,0.989,3,PE180__item.webp,97,900,11.09,0.0589,,
PE180O,PE180O__solo.webp,1529,961,0.988,3,PE180O__item.webp,97,900,11.09,0.0589,,
PE180P,PE180P__solo.webp,958,910,0.707,2,PE180P__item.webp,101,900,11.09,0.0589,,
PE185,PE185__solo.webp,1040,906,0.918,2,PE185__item.webp,900,821,,,,
PE194,PE194__solo.webp,1529,944,0.983,3,PE194__item.webp,76,900,,,,
PE195,PE195__solo.webp,1528,944,0.983,3,PE195__item.webp,74,900,,,,
PE198,PE198__solo.webp,1528,919,0.983,3,PE198__item.webp,103,900,,,,
PE199,PE199__solo.webp,1529,916,0.984,3,PE199__item.webp,108,900,,,,
PE206A-S,PE206A-S__solo.webp,1063,940,0.745,4,PE206A-S__item.webp,59,900,15.48,0.0534,,
PE206AC-S,PE206AC-S__solo.webp,1063,941,0.743,4,PE206AC-S__item.webp,56,900,15.48,0.0534,,
PE206AL-S,PE206AL-S__solo.webp,1063,938,0.739,4,PE206AL-S__item.webp,57,900,15.48,0.0534,,
PE206AM-S,PE206AM-S__solo.webp,1063,938,0.74,4,PE206AM-S__item.webp,57,900,15.48,0.0534,,
PE206AO-S,PE206AO-S__solo.webp,1063,943,0.745,4,PE206AO-S__item.webp,59,900,15.48,0.0534,,
PE206CA-S,PE206CA-S__solo.webp,1063,939,0.739,4,PE206CA-S__item.webp,57,900,15.48,0.0534,,
PE206CE-S,PE206CE-S__solo.webp,1063,940,0.744,4,PE206CE-S__item.webp,59,900,15.48,0.0534,,
PE206FU-S,PE206FU-S__solo.webp,1063,941,0.743,4,PE206FU-S__item.webp,57,900,15.48,0.0534,,
PE206GR-S,PE206GR-S__solo.webp,1063,938,0.739,4,PE206GR-S__item.webp,56,900,15.48,0.0534,,
PE206MA-S,PE206MA-S__solo.webp,1063,939,0.739,4,PE206MA-S__item.webp,57,900,15.48,0.0534,,
PE206MO-S,PE206MO-S__solo.webp,1063,941,0.744,4,PE206MO-S__item.webp,57,900,15.48,0.0534,,
PE206N-S,PE206N-S__solo.webp,1063,938,0.739,4,PE206N-S__item.webp,57,900,15.48,0.0534,,
PE206NA-S,PE206NA-S__solo.webp,1063,938,0.739,4,PE206NA-S__item.webp,57,900,15.48,0.0534,,
PE206OR-S,PE206OR-S__solo.webp,1063,939,0.739,4,PE206OR-S__item.webp,57,900,15.48,0.0534,,
PE206PL-S,PE206PL-S__solo.webp,1063,938,0.739,4,PE206PL-S__item.webp,57,900,15.48,0.0534,,
PE206PU-S,PE206PU-S__solo.webp,1063,938,0.739,4,PE206PU-S__item.webp,56,900,15.48,0.0534,,
PE206R-S,PE206R-S__solo.webp,1063,938,0.739,4,PE206R-S__item.webp,57,900,15.48,0.0534,,
PE206RO-S,PE206RO-S__solo.webp,1063,941,0.743,4,PE206RO-S__item.webp,56,900,15.48,0.0534,,
PE206TQ-S,PE206TQ-S__solo.webp,1063,941,0.743,4,PE206TQ-S__item.webp,57,900,15.48,0.0534,,
PE206V-S,PE206V-S__solo.webp,1063,938,0.74,4,PE206V-S__item.webp,57,900,15.48,0.0534,,
PE206VM-S,PE206VM-S__solo.webp,1063,938,0.739,4,PE206VM-S__item.webp,56,900,15.48,0.0534,,
PE206VO-S,PE206VO-S__solo.webp,1063,938,0.74,4,PE206VO-S__item.webp,57,900,15.48,0.0534,,
PE215A,PE215A__solo.webp,1530,935,0.977,5,PE215A__item.webp,55,900,63.46,0.0716,,
PE215N,PE215N__solo.webp,1530,937,0.978,5,PE215N__item.webp,55,900,63.46,0.0716,,
PE215R,PE215R__solo.webp,1530,944,0.977,5,PE215R__item.webp,52,900,63.46,0.0716,,
PE216-4,PE216-4__solo.webp,1528,944,0.991,4,PE216-4__item.webp,98,900,43.87,0.1255,,
PE216A-S,PE216A-S__solo.webp,1529,947,0.992,4,PE216A-S__item.webp,99,900,43.87,0.1255,,
PE216A,PE216A__solo.webp,1528,963,0.988,5,PE216A__item.webp,99,900,43.87,0.1255,,
PE216N-S,PE216N-S__solo.webp,1529,947,0.992,4,PE216N-S__item.webp,99,900,49.24,0.0236,,
PE216N,PE216N__solo.webp,1528,951,0.988,6,PE216N__item.webp,99,900,49.24,0.0236,,
PE216R-S,PE216R-S__solo.webp,1530,947,0.992,4,PE216R-S__item.webp,98,900,49.24,0.0236,,
PE216R,PE216R__solo.webp,1528,948,1.0,6,PE216R__item.webp,99,900,49.24,0.0236,,
PE217-4,PE217-4__solo.webp,1528,944,0.991,3,PE217-4__item.webp,79,900,43.87,0.1255,,
PE217A-S,PE217A-S__solo.webp,1529,944,0.992,4,PE217A-S__item.webp,79,900,43.87,0.1255,,
PE217A,PE217A__solo.webp,1198,946,0.847,5,PE217A__p3.webp,80,900,43.87,0.1255,,
PE217N-S,PE217N-S__solo.webp,1529,944,0.992,4,PE217N-S__p2.webp,120,436,43.87,0.1255,,
PE217N,PE217N__solo.webp,1528,959,0.989,5,PE217N__item.webp,79,900,43.87,0.1255,,
PE217R-S,PE217R-S__solo.webp,1529,944,0.992,4,PE217R-S__p2.webp,123,448,43.87,0.1255,,
PE217R,PE217R__solo.webp,1202,942,0.843,5,PE217R__item.webp,443,900,43.87,0.1255,,
PE221,PE221__solo.webp,1529,944,0.981,3,PE221__item.webp,251,900,,,,
PE223,PE223__solo.webp,1529,944,0.987,4,PE223__item.webp,85,525,46.32,0.1916,,
PE224-1,PE224-1__solo.webp,1039,940,0.787,2,PE224-1__item.webp,84,900,19.51,0.0793,,
PE224-2,PE224-2__solo.webp,1527,942,0.984,3,PE224-2__item.webp,84,900,19.51,0.0793,,
PE224-4,PE224-4__solo.webp,1528,941,0.986,3,PE224-4__item.webp,84,900,19.51,0.0793,,
PE224-5,PE224-5__solo.webp,1528,943,0.986,3,PE224-5__item.webp,85,900,19.51,0.0793,,
PE224,PE224__solo.webp,1039,940,0.819,2,PE224__item.webp,84,900,19.51,0.0793,,
PE224N-IT,PE224N-IT__solo.webp,1040,950,0.82,2,PE224N-IT__item.webp,253,900,19.51,0.0793,,
PE228,PE228__solo.webp,1527,942,0.986,4,PE228__item.webp,65,900,,,,
PE234,PE234__solo.webp,1528,917,0.986,3,PE234__item.webp,153,900,,,,
PE236P,PE236P__solo.webp,1528,946,0.987,3,PE236P__item.webp,70,900,,,,
PE240-01,PE240-01__solo.webp,1528,941,0.988,4,PE240-01__item.webp,78,900,61.48,0.1143,,
PE240-04,PE240-04__solo.webp,1039,940,0.841,2,PE240-04__item.webp,180,900,61.48,0.1143,,
PE240A,PE240A__solo.webp,1041,936,0.83,3,PE240A__item.webp,78,900,61.48,0.1143,,
PE240AC,PE240AC__solo.webp,1066,941,0.824,4,PE240AC__item.webp,76,900,61.48,0.1143,,
PE240M,PE240M__solo.webp,1061,941,0.823,3,PE240M__item.webp,172,900,61.48,0.1143,,
PE240N-S,PE240N-S__solo.webp,1040,939,0.82,3,PE240N-S__item.webp,78,900,61.48,0.1143,,
PE240N,PE240N__solo.webp,1039,936,0.832,3,PE240N__item.webp,78,900,61.48,0.1143,,
PE240R-S,PE240R-S__solo.webp,1040,937,0.818,4,PE240R-S__item.webp,78,900,61.48,0.1143,,
PE240R,PE240R__solo.webp,1040,937,0.83,3,PE240R__item.webp,78,900,61.48,0.1143,,
PE240RO,PE240RO__solo.webp,1040,943,0.826,2,PE240RO__item.webp,179,900,61.48,0.1143,,
PE242-01,PE242-01__solo.webp,1529,943,0.987,5,PE242-01__item.webp,177,900,2.49,0.0309,,
PE242A-S,PE242A-S__solo.webp,1041,951,0.808,4,PE242A-S__item.webp,176,900,2.49,0.0309,,
PE242A,PE242A__solo.webp,1040,951,0.816,4,PE242A__item.webp,176,900,2.49,0.0309,,
PE242N-S,PE242N-S__solo.webp,1041,943,0.811,4,PE242N-S__item.webp,177,900,2.49,0.0309,,
PE242N,PE242N__solo.webp,1040,943,0.818,4,PE242N__item.webp,177,900,2.49,0.0309,,
PE242R-S,PE242R-S__solo.webp,1039,956,0.81,4,PE242R-S__item.webp,174,900,2.49,0.0309,,
PE242R,PE242R__solo.webp,1040,939,0.819,4,PE242R__item.webp,195,900,2.49,0.0309,,
PE243-01,PE243-01__solo.webp,1529,949,0.988,4,PE243-01__item.webp,77,900,5.28,0.0515,,
PE243A-S,PE243A-S__solo.webp,1040,948,0.81,3,PE243A-S__item.webp,76,900,5.28,0.0515,,
PE243A,PE243A__solo.webp,1040,947,0.828,3,PE243A__item.webp,77,900,5.28,0.0515,,
PE243N-S,PE243N-S__solo.webp,1040,948,0.811,3,PE243N-S__item.webp,76,900,5.28,0.0515,,
PE243N,PE243N__solo.webp,1039,948,0.825,3,PE243N__item.webp,76,900,5.28,0.0515,,
PE243R-S,PE243R-S__solo.webp,1040,949,0.811,3,PE243R-S__item.webp,76,900,5.28,0.0515,,
PE243R,PE243R__solo.webp,1040,950,0.825,3,PE243R__item.webp,76,900,5.28,0.0515,,
PE244-1,PE244-1__solo.webp,1528,940,0.988,4,PE244-1__item.webp,217,900,49.05,0.0706,,
PE244,PE244__solo.webp,1529,939,0.988,4,PE244__item.webp,211,900,49.05,0.0706,,
PE246,PE246__solo.webp,1528,938,0.988,4,PE246__item.webp,638,428,,,,
PE250-1,PE250-1__solo.webp,1528,945,0.983,4,PE250-1__item.webp,107,900,78.72,0.0422,,
PE250-2,PE250-2__solo.webp,1527,949,0.983,4,PE250-2__item.webp,109,900,78.72,0.0422,,
PE250-3,PE250-3__solo.webp,1528,944,0.983,4,PE250-3__item.webp,110,900,78.72,0.0422,,
PE251,PE251__solo.webp,1528,872,0.985,3,PE251__item.webp,73,900,,,,
PE254-01,PE254-01__solo.webp,1041,940,0.762,2,PE254-01__item.webp,192,900,,,,
PE257-01,PE257-01__solo.webp,1527,944,0.987,4,PE257-01__item.webp,105,900,35.79,0.0324,,
PE257-02,PE257-02__solo.webp,1042,942,0.805,3,PE257-02__item.webp,105,900,35.79,0.0324,,
PE257-03,PE257-03__solo.webp,1042,942,0.805,3,PE257-03__item.webp,106,900,35.79,0.0324,,
PE257A-S,PE257A-S__solo.webp,1043,942,0.852,3,PE257A-S__item.webp,105,900,35.79,0.0324,,
PE257N-S,PE257N-S__solo.webp,1043,942,0.852,3,PE257N-S__item.webp,106,900,35.79,0.0324,,
PE257R-S,PE257R-S__solo.webp,1043,942,0.852,3,PE257R-S__item.webp,105,900,35.79,0.0324,,
PE259-50A,PE259-50A__solo.webp,978,940,0.831,2,PE259-50A__item.webp,57,900,12.47,0.0544,,
PE259-50N,PE259-50N__solo.webp,982,944,0.832,2,PE259-50N__item.webp,58,900,12.47,0.0544,,
PE259-50R,PE259-50R__solo.webp,982,944,0.822,2,PE259-50R__item.webp,58,900,12.47,0.0544,,
PE259-50V,PE259-50V__solo.webp,977,941,0.83,2,PE259-50V__item.webp,57,900,12.47,0.0544,,
PE259,PE259__solo.webp,1529,944,0.989,3,PE259__item.webp,127,900,,,,
PE259A,PE259A__solo.webp,982,940,0.843,2,PE259A__item.webp,57,900,12.47,0.0544,,
PE259N,PE259N__solo.webp,981,944,0.843,2,PE259N__item.webp,58,900,12.47,0.0544,,
PE259O,PE259O__solo.webp,1528,944,0.989,3,PE259O__item.webp,58,900,12.47,0.0544,,
PE259OA,PE259OA__solo.webp,982,941,0.829,2,PE259OA__item.webp,59,900,12.47,0.0544,,
PE259ON,PE259ON__solo.webp,982,944,0.83,2,PE259ON__item.webp,58,900,12.47,0.0544,,
PE260,PE260__solo.webp,1529,971,0.993,6,PE260__item.webp,93,900,,,,
PE261,PE261__solo.webp,1528,947,0.986,6,PE261__item.webp,82,900,23.3,0.1433,,
PE261P,PE261P__solo.webp,1135,943,0.823,4,PE261P__item.webp,67,900,23.3,0.1433,,
PE262-18,PE262-18__solo.webp,1524,953,0.98,4,PE262-18__item.webp,76,900,0.19,0.0234,,
PE262-6,PE262-6__solo.webp,1004,953,0.801,3,PE262-6__item.webp,76,900,0.19,0.0234,,
PE263-6,PE263-6__solo.webp,1528,945,0.989,3,PE263-6__item.webp,76,900,,,,
PE264,PE264__solo.webp,1528,956,0.987,3,,,,16.22,0.1312,,
PE265,PE265__solo.webp,1528,943,0.984,3,,,,16.22,0.1312,,
PE268A,PE268A__solo.webp,1528,971,0.992,4,PE268A__p2.webp,900,507,16.22,0.1312,,up
PE268N,PE268N__solo.webp,1528,971,0.992,4,PE268N__p2.webp,900,507,16.22,0.1312,,up
PE295,PE295__solo.webp,1220,688,0.82,4,PE295__item.webp,778,559,,,,
PE296,PE296__solo.webp,1220,688,0.821,4,PE296__item.webp,779,545,,,,
PE299G,PE299G__solo.webp,1040,933,0.855,3,PE299G__item.webp,55,900,,,,
PE300-3,PE300-3__solo.webp,1040,943,0.809,3,PE300-3__item.webp,37,900,0,0,,
PE300,PE300__solo.webp,1040,943,0.815,3,PE300__item.webp,37,900,0,0,,
PE301-3,PE301-3__solo.webp,1037,948,0.72,2,PE301-3__item.webp,64,900,0.65,0.0422,,
PE301,PE301__solo.webp,1039,948,0.738,2,PE301__item.webp,63,900,0.65,0.0422,,
PE305,PE305__solo.webp,1528,944,0.978,3,PE305__item.webp,58,900,7.84,0.0732,,
PE305H,PE305H__solo.webp,1529,944,0.975,3,PE305H__item.webp,44,900,7.84,0.0732,,
PE305T,PE305T__solo.webp,1529,944,0.974,3,PE305T__item.webp,44,900,7.84,0.0732,,
PE307,PE307__solo.webp,1040,934,0.849,2,PE307__item.webp,45,900,,,,
PE311,PE311__solo.webp,1039,930,0.815,2,PE311__item.webp,44,900,,,,
PE312,PE312__solo.webp,1529,930,0.983,4,PE312__item.webp,41,900,,,,
PE313,PE313__solo.webp,1528,937,0.982,3,PE313__item.webp,40,900,,,,
PE314,PE314__solo.webp,1530,924,0.983,4,PE314__item.webp,41,900,78.95,0.0881,,
PE315-2B,PE315-2B__solo.webp,1040,926,0.862,2,PE315-2B__item.webp,45,900,0.64,0.023,,
PE315-2H,PE315-2H__solo.webp,1039,926,0.869,2,PE315-2H__item.webp,46,900,0.64,0.023,,
PE315-B,PE315-B__solo.webp,1039,926,0.873,2,PE315-B__item.webp,46,900,0.64,0.023,,
PE315-H,PE315-H__solo.webp,1039,926,0.879,2,PE315-H__item.webp,46,900,0.64,0.023,,
PE315-HB,PE315-HB__solo.webp,1039,926,0.863,2,PE315-HB__item.webp,46,900,0.64,0.023,,
PE324,PE324__solo.webp,1528,938,0.982,4,PE324__item.webp,40,900,,,,
PE325,PE325__solo.webp,1528,923,0.984,3,PE325__item.webp,41,900,78.95,0.0881,,
PE327,PE327__solo.webp,1040,927,0.795,2,PE327__item.webp,63,900,,,,
PE328,PE328__solo.webp,1529,928,0.983,3,PE328__item.webp,45,900,,,,
PE330,PE330__solo.webp,1528,942,0.991,5,PE330__item.webp,763,899,,,,
PE331-01,PE331-01__solo.webp,957,939,0.793,3,PE331-01__item.webp,174,900,8.27,0.0414,,
PE331-02,PE331-02__solo.webp,956,941,0.793,3,PE331-02__item.webp,173,900,8.27,0.0414,,
PE331-03,PE331-03__solo.webp,956,927,0.783,3,PE331-03__item.webp,171,900,8.27,0.0414,,
PE331-04,PE331-04__solo.webp,956,918,0.783,3,PE331-04__item.webp,171,900,8.27,0.0414,,
PE331-05,PE331-05__solo.webp,956,922,0.788,3,PE331-05__item.webp,172,900,8.27,0.0414,,
PE331-06,PE331-06__solo.webp,956,922,0.782,3,PE331-06__item.webp,173,900,8.27,0.0414,,
PE331-07,PE331-07__solo.webp,957,927,0.783,3,PE331-07__item.webp,173,900,8.27,0.0414,,
PE331-09,PE331-09__solo.webp,956,938,0.784,3,PE331-09__item.webp,170,900,8.27,0.0414,,
PE331-10,PE331-10__solo.webp,957,941,0.789,3,PE331-10__item.webp,169,900,8.27,0.0414,,
PE331-11,PE331-11__solo.webp,957,944,0.791,3,PE331-11__item.webp,167,900,8.27,0.0414,,
PE332,PE332__solo.webp,1528,944,0.983,3,PE332__item.webp,41,900,,,,
PE333-2B,PE333-2B__solo.webp,1039,926,0.804,2,PE333-2B__item.webp,44,900,1.2,0.0324,,
PE333-2H,PE333-2H__solo.webp,1039,926,0.739,2,PE333-2H__item.webp,44,900,1.2,0.0324,,
PE333-B,PE333-B__solo.webp,1038,926,0.749,2,PE333-B__item.webp,46,900,1.2,0.0324,,
PE333-H,PE333-H__solo.webp,1039,926,0.748,2,PE333-H__item.webp,46,900,1.2,0.0324,,
PE333-HB,PE333-HB__solo.webp,1038,926,0.735,2,PE333-HB__item.webp,46,900,1.2,0.0324,,
PE334,PE334__solo.webp,1179,902,0.887,4,PE334__item.webp,253,900,,,,
PE338,PE338__solo.webp,1091,948,0.869,2,PE338__item.webp,43,900,,,,
PE340,PE340__solo.webp,1530,949,0.986,4,PE340__item.webp,58,900,,,,
PE342-1,PE342-1__solo.webp,1528,944,0.992,5,PE342-1__item.webp,164,900,88.22,0.0432,,
PE342-2,PE342-2__solo.webp,1527,946,0.993,4,PE342-2__item.webp,167,900,88.22,0.0432,,
PE345-005S,PE345-005S__solo.webp,1133,941,0.84,2,PE345-005S__item.webp,72,900,2.74,0.0382,,
PE345-01S,PE345-01S__solo.webp,1133,942,0.839,2,PE345-01S__item.webp,151,900,2.74,0.0382,,
PE345-02S,PE345-02S__solo.webp,1133,942,0.835,2,PE345-02S__item.webp,151,900,2.74,0.0382,,
PE345-03S,PE345-03S__solo.webp,1133,942,0.835,2,PE345-03S__item.webp,151,900,2.74,0.0382,,
PE345-04S,PE345-04S__solo.webp,1133,942,0.835,2,PE345-04S__item.webp,151,900,2.74,0.0382,,
PE345-05S,PE345-05S__solo.webp,1133,942,0.833,2,PE345-05S__item.webp,151,900,2.74,0.0382,,
PE345-06S,PE345-06S__solo.webp,1133,942,0.833,2,PE345-06S__item.webp,151,900,2.74,0.0382,,
PE345-07S,PE345-07S__solo.webp,1135,942,0.835,2,PE345-07S__item.webp,151,900,2.74,0.0382,,
PE345-08S,PE345-08S__solo.webp,1134,942,0.831,2,PE345-08S__item.webp,152,900,2.74,0.0382,,
PE345-10S,PE345-10S__solo.webp,1134,942,0.833,2,PE345-10S__item.webp,151,900,2.74,0.0382,,
PE345-1CS,PE345-1CS__solo.webp,1134,942,0.833,2,PE345-1CS__item.webp,152,900,2.74,0.0382,,
PE345-BRS,PE345-BRS__solo.webp,1133,944,0.832,2,PE345-BRS__item.webp,152,900,2.74,0.0382,,
PE346-01,PE346-01__solo.webp,1134,942,0.831,2,PE346-01__item.webp,151,900,6.3,0.0814,,
PE346-02,PE346-02__solo.webp,1133,940,0.831,2,PE346-02__item.webp,72,900,6.3,0.0814,,
PE346-03,PE346-03__solo.webp,1134,940,0.836,2,PE346-03__item.webp,72,900,6.3,0.0814,,
PE346-04,PE346-04__solo.webp,1133,940,0.861,2,PE346-04__item.webp,72,900,6.3,0.0814,,
PE348-01,PE348-01__solo.webp,1529,938,0.978,4,PE348-01__item.webp,87,900,14.29,0.0558,,
PE348-02,PE348-02__solo.webp,1529,938,0.978,4,PE348-02__item.webp,79,900,14.29,0.0558,,
PE348-03,PE348-03__solo.webp,1529,942,0.978,4,PE348-03__item.webp,87,898,14.29,0.0558,,
PE348-04,PE348-04__solo.webp,1529,943,0.981,4,PE348-04__item.webp,87,900,14.29,0.0558,,
PE349,PE349__solo.webp,1529,943,0.982,4,PE349__item.webp,85,900,,,,
PE358-01,PE358-01__solo.webp,1528,944,0.991,5,PE358-01__item.webp,47,850,1.15,0.0051,,
PE358-02,PE358-02__solo.webp,1528,943,0.991,5,PE358-02__item.webp,47,850,1.15,0.0051,,
PE362,PE362__solo.webp,1039,929,0.877,2,PE362__item.webp,44,900,,,,
PE411-S,PE411-S__solo.webp,1527,944,0.99,3,,,,48.67,0.1482,,
PE411,PE411__solo.webp,1039,941,0.709,3,PE411__item.webp,203,900,48.67,0.1482,,
PE412-S,PE412-S__solo.webp,1529,944,0.99,2,,,,48.67,0.1482,,
PE412,PE412__solo.webp,1040,941,0.704,2,PE412__item.webp,202,900,48.67,0.1482,,
PE413-S,PE413-S__solo.webp,1528,944,0.991,2,PE413-S__item.webp,172,900,48.67,0.1482,,
PE413,PE413__solo.webp,1040,940,0.714,2,PE413__item.webp,172,900,48.67,0.1482,,
PE414-S,PE414-S__solo.webp,1528,944,0.991,2,PE414-S__item.webp,170,900,48.67,0.1482,,
PE414,PE414__solo.webp,1040,941,0.713,2,PE414__item.webp,170,900,48.67,0.1482,,
PE415-S,PE415-S__solo.webp,1529,944,0.99,2,PE415-S__item.webp,140,900,31.83,0.149,,
PE415,PE415__solo.webp,1041,940,0.702,2,PE415__item.webp,140,900,31.83,0.149,,
PE416,PE416__solo.webp,1041,940,0.711,2,PE416__item.webp,165,900,31.83,0.149,,
PE417-S,PE417-S__solo.webp,1529,944,0.991,2,,,,31.83,0.149,,
PE417,PE417__solo.webp,1042,941,0.714,2,,,,31.83,0.149,,
PE418-S,PE418-S__solo.webp,1527,944,0.99,3,,,,31.83,0.149,,
PE418,PE418__solo.webp,1040,941,0.71,3,,,,31.83,0.149,,
PE419-4,PE419-4__solo.webp,1529,944,0.99,3,PE419-4__item.webp,89,900,0.03,0.0076,,
PE419,PE419__solo.webp,1527,944,0.99,3,PE419__item.webp,89,900,0.03,0.0076,,
PE420-4,PE420-4__solo.webp,1527,944,0.99,2,PE420-4__item.webp,140,900,0.02,0.0024,,
PE420,PE420__solo.webp,1528,944,0.99,2,PE420__item.webp,140,900,0.02,0.0024,,
PE431,PE431__solo.webp,1044,902,0.798,3,PE431__item.webp,196,900,,,,
PE439,PE439__solo.webp,1044,905,0.877,3,PE439__item.webp,216,900,,,,
PE440,PE440__solo.webp,1527,908,0.986,4,PE440__item.webp,182,900,,,,
PE441,PE441__solo.webp,1041,924,0.804,3,PE441__item.webp,184,900,,,,
PE445,PE445__solo.webp,1043,899,0.785,4,PE445__item.webp,176,900,,,,
PE453,PE453__solo.webp,1045,899,0.862,4,PE453__item.webp,166,900,,,,
PE454,PE454__solo.webp,1528,899,0.984,4,PE454__item.webp,160,900,,,,
PE455,PE455__solo.webp,1045,900,0.791,3,PE455__item.webp,160,900,,,,
PE460-1,PE460-1__solo.webp,1011,953,0.832,1,PE460-1__item.webp,204,900,0.19,0.0061,,
PE460-3,PE460-3__solo.webp,1010,953,0.825,1,PE460-3__item.webp,204,900,0.19,0.0061,,
PE461,PE461__solo.webp,1008,953,0.778,2,PE461__item.webp,205,900,88.16,0.2053,,
PE461N-S,PE461N-S__solo.webp,1543,959,0.99,1,PE461N-S__item.webp,571,853,88.16,0.2053,,
PE462,PE462__solo.webp,1010,955,0.778,2,PE462__item.webp,331,900,,,,
PE463,PE463__solo.webp,1010,955,0.777,2,PE463__item.webp,331,900,,,,
PE471,PE471__solo.webp,1061,941,0.727,2,PE471__item.webp,186,900,,,,
PE472,PE472__solo.webp,1060,933,0.723,2,PE472__item.webp,204,900,,,,
PE473,PE473__solo.webp,1060,935,0.723,2,PE473__item.webp,205,900,,,,
PE474,PE474__solo.webp,1533,957,0.991,2,PE474__item.webp,196,900,,,,
PE486-0,PE486-0__solo.webp,1149,900,0.863,2,PE486-0__item.webp,254,792,32.88,0.0919,,
PE486-1,PE486-1__solo.webp,1148,941,0.795,2,PE486-1__item.webp,254,783,32.88,0.0919,,
PE486-2,PE486-2__solo.webp,1149,943,0.797,2,PE486-2__item.webp,255,786,32.88,0.0919,,
PE486-3,PE486-3__solo.webp,1150,943,0.793,2,PE486-3__item.webp,252,781,32.88,0.0919,,
PE486-4,PE486-4__solo.webp,1147,944,0.792,2,PE486-4__item.webp,253,787,32.88,0.0919,,
PE486-5,PE486-5__solo.webp,1151,942,0.854,2,PE486-5__item.webp,254,783,32.88,0.0919,,
PE486-OR,PE486-OR__solo.webp,1529,954,0.985,3,PE486-OR__item.webp,256,798,32.88,0.0919,,
PE486-PL,PE486-PL__solo.webp,1149,943,0.822,2,PE486-PL__item.webp,306,814,32.88,0.0919,,
PE486,PE486__solo.webp,1529,943,0.99,3,PE486__item.webp,255,785,32.88,0.0919,,
PE486A-S,PE486A-S__solo.webp,1150,706,0.826,1,PE486A-S__item.webp,255,786,32.88,0.0919,,
PE486N-S,PE486N-S__solo.webp,1148,706,0.826,1,PE486N-S__item.webp,255,788,32.88,0.0919,,
PE486R-S,PE486R-S__solo.webp,1148,702,0.825,1,PE486R-S__item.webp,251,781,32.88,0.0919,,
PE487-1,PE487-1__solo.webp,1118,901,0.735,2,PE487-1__item.webp,239,813,24.92,0.1061,,
PE487-2,PE487-2__solo.webp,1119,901,0.742,2,PE487-2__item.webp,215,819,24.92,0.1061,,
PE487-3,PE487-3__solo.webp,1117,901,0.743,2,PE487-3__item.webp,240,804,24.92,0.1061,,
PE487-4,PE487-4__solo.webp,1116,900,0.746,2,PE487-4__item.webp,213,812,24.92,0.1061,,
PE487-5,PE487-5__solo.webp,1118,901,0.812,2,PE487-5__item.webp,239,813,24.92,0.1061,,
PE487,PE487__solo.webp,1530,944,0.989,3,PE487__item.webp,214,818,24.92,0.1061,,
PE487A-S,PE487A-S__solo.webp,1527,944,0.99,2,PE487A-S__item.webp,214,818,24.92,0.1061,,
PE487N-S,PE487N-S__solo.webp,1528,944,0.99,2,PE487N-S__item.webp,239,812,24.92,0.1061,,
PE487R-S,PE487R-S__solo.webp,1529,944,0.99,2,PE487R-S__item.webp,240,804,24.92,0.1061,,
PE487V-S,PE487V-S__solo.webp,1528,944,0.99,2,PE487V-S__item.webp,212,812,24.92,0.1061,,
PE488,PE488__solo.webp,1528,964,0.992,3,PE488__item.webp,441,900,22.16,0.1746,,
PE489,PE489__solo.webp,1528,968,0.992,3,PE489__item.webp,900,549,22.16,0.1746,,
PE493-1,PE493-1__solo.webp,1011,903,0.825,3,PE493-1__item.webp,248,900,19.08,0.0454,,
PE493-2,PE493-2__solo.webp,1010,900,0.825,3,PE493-2__item.webp,249,900,19.08,0.0454,,
PE493-3,PE493-3__solo.webp,1008,901,0.824,3,PE493-3__item.webp,249,900,19.08,0.0454,,
PE493,PE493__solo.webp,1528,905,0.99,3,PE493__item.webp,248,900,19.08,0.0454,,
PE494-1,PE494-1__solo.webp,1068,928,0.784,2,PE494-1__item.webp,196,900,33.06,0.0224,,
PE494-10,PE494-10__solo.webp,1529,944,0.99,3,PE494-10__item.webp,196,900,33.06,0.0224,,
PE494-2,PE494-2__solo.webp,1069,918,0.773,2,PE494-2__item.webp,192,900,33.06,0.0224,,
PE494-3,PE494-3__solo.webp,1068,928,0.789,2,PE494-3__item.webp,196,900,33.06,0.0224,,
PE494-4,PE494-4__solo.webp,1529,944,0.99,3,PE494-4__item.webp,196,900,33.06,0.0224,,
PE494-5,PE494-5__solo.webp,1530,944,0.99,3,PE494-5__item.webp,196,900,33.06,0.0224,,
PE494-6,PE494-6__solo.webp,1530,944,0.991,5,PE494-6__item.webp,190,900,33.06,0.0224,,
PE494-7,PE494-7__solo.webp,1531,944,0.99,4,PE494-7__item.webp,191,900,33.06,0.0224,,
PE494-9,PE494-9__solo.webp,1529,944,0.989,3,PE494-9__item.webp,193,900,33.06,0.0224,,
PE503,PE503__solo.webp,1528,946,0.99,4,PE503__item.webp,216,900,,,,
PE504,PE504__solo.webp,1025,940,0.821,4,PE504__item.webp,115,900,,,,
PE505,PE505__solo.webp,1529,944,0.992,4,PE505__item.webp,365,900,,,,
PE511-01,PE511-01__solo.webp,1528,945,0.99,3,PE511-01__item.webp,188,900,42.04,0.025,,
PE511-02,PE511-02__solo.webp,1528,944,0.99,3,PE511-02__item.webp,188,900,42.04,0.025,,
PE511-03,PE511-03__solo.webp,1034,931,0.791,2,PE511-03__item.webp,189,900,42.04,0.025,,
PE511-06,PE511-06__solo.webp,1529,945,0.991,2,PE511-06__item.webp,188,900,42.04,0.025,,
PE511A-S,PE511A-S__solo.webp,1529,944,0.992,2,PE511A-S__item.webp,189,900,42.04,0.025,,
PE511N-S,PE511N-S__solo.webp,1528,944,0.988,2,PE511N-S__item.webp,190,900,42.04,0.025,,
PE511R-S,PE511R-S__solo.webp,1528,945,0.988,2,PE511R-S__item.webp,189,900,42.04,0.025,,
PE513-01,PE513-01__solo.webp,1529,944,0.99,3,PE513-01__item.webp,249,737,10.23,0.0259,,
PE513-02,PE513-02__solo.webp,1529,944,0.991,3,PE513-02__item.webp,251,737,10.23,0.0259,,
PE516,PE516__solo.webp,1529,944,0.99,4,PE516__item.webp,323,900,,,,
PE517,PE517__solo.webp,1529,947,0.99,4,PE517__item.webp,382,900,,,,
PE519,PE519__solo.webp,1529,944,0.99,4,PE519__item.webp,317,900,,,,
PE530,PE530__solo.webp,1528,943,0.992,4,PE530__item.webp,187,900,,,,
PE531,PE531__solo.webp,1528,947,0.99,6,PE531__item.webp,431,506,,,,
PE532,PE532__solo.webp,1527,942,0.99,5,PE532__item.webp,430,505,,,,
PE533,PE533__solo.webp,1528,951,0.991,8,PE533__item.webp,364,578,,,,
PE534-01,PE534-01__solo.webp,1528,943,0.99,4,PE534-01__p1.webp,353,591,28.73,0.1668,,
PE534-04,PE534-04__solo.webp,1528,956,0.99,4,PE534-04__p1.webp,370,606,28.73,0.1668,,
PE534-05,PE534-05__solo.webp,1215,940,0.834,4,PE534-05__item.webp,328,838,28.73,0.1668,,
PE534-06,PE534-06__solo.webp,1229,948,0.84,5,PE534-06__p1.webp,446,572,28.73,0.1668,,
PE534-07,PE534-07__solo.webp,1238,940,0.84,3,PE534-07__p1.webp,446,573,28.73,0.1668,,
PE534-08,PE534-08__solo.webp,1215,948,0.848,5,PE534-08__p1.webp,418,701,28.73,0.1668,,
PE534-09,PE534-09__solo.webp,1242,940,0.857,4,PE534-09__p1.webp,437,699,28.73,0.1668,,
PE534-10,PE534-10__solo.webp,1230,940,0.858,4,PE534-10__p1.webp,435,701,28.73,0.1668,,
PE534-11,PE534-11__solo.webp,1216,948,0.866,7,PE534-11__p1.webp,332,726,28.73,0.1668,,
PE534-12,PE534-12__solo.webp,1179,943,0.822,4,PE534-12__p1.webp,359,597,28.73,0.1668,,
PE534AC-S,PE534AC-S__solo.webp,1532,942,0.993,6,PE534AC-S__p2.webp,705,578,28.73,0.1668,,
PE534AF-S,PE534AF-S__solo.webp,1532,941,0.993,5,PE534AF-S__p2.webp,705,579,28.73,0.1668,,
PE534AM-S,PE534AM-S__solo.webp,1532,942,0.993,6,PE534AM-S__p2.webp,705,579,28.73,0.1668,,
PE534GC-S,PE534GC-S__solo.webp,1532,941,0.993,5,PE534GC-S__p2.webp,705,579,28.73,0.1668,,
PE534MF-S,PE534MF-S__solo.webp,1532,942,0.993,6,PE534MF-S__p2.webp,705,579,28.73,0.1668,,
PE534MO-S,PE534MO-S__solo.webp,1532,942,0.993,6,PE534MO-S__p2.webp,705,579,28.73,0.1668,,
PE534NC-S,PE534NC-S__solo.webp,1532,942,0.993,5,PE534NC-S__p2.webp,705,579,28.73,0.1668,,
PE534NF-S,PE534NF-S__solo.webp,1532,942,0.993,6,PE534NF-S__p2.webp,705,578,28.73,0.1668,,
PE534RF-S,PE534RF-S__solo.webp,1532,941,0.993,6,PE534RF-S__p2.webp,705,578,28.73,0.1668,,
PE534TQ-S,PE534TQ-S__solo.webp,1532,942,0.993,5,PE534TQ-S__p2.webp,705,578,28.73,0.1668,,
PE534VA-S,PE534VA-S__solo.webp,1532,942,0.993,5,PE534VA-S__p2.webp,705,578,28.73,0.1668,,
PE534VF-S,PE534VF-S__solo.webp,1532,940,0.993,5,PE534VF-S__p2.webp,704,579,28.73,0.1668,,
PE534VL-S,PE534VL-S__solo.webp,1532,942,0.993,5,PE534VL-S__p2.webp,705,579,28.73,0.1668,,
PE535,PE535__solo.webp,1529,947,0.991,6,PE535__item.webp,278,869,,,,
PE537,PE537__solo.webp,1529,947,0.991,6,PE537__item.webp,286,865,,,,
PE539-01,PE539-01__solo.webp,1524,918,0.983,5,PE539-01__item.webp,469,754,15.63,0.0182,,
PE539-02,PE539-02__solo.webp,1524,922,0.983,5,PE539-02__item.webp,469,757,15.63,0.0182,,
PE539-03,PE539-03__solo.webp,1525,919,0.983,5,PE539-03__item.webp,470,759,15.63,0.0182,,
PE541-1,PE541-1__solo.webp,1099,949,0.858,4,PE541-1__item.webp,84,900,54.15,0.1034,,
PE541-2,PE541-2__solo.webp,1530,950,0.99,5,,,,54.15,0.1034,,
PE541A-S,PE541A-S__solo.webp,1097,944,0.872,4,PE541A-S__item.webp,83,900,54.15,0.1034,,
PE541N-S,PE541N-S__solo.webp,1097,944,0.872,4,PE541N-S__item.webp,83,900,54.15,0.1034,,
PE541R-S,PE541R-S__solo.webp,1097,942,0.872,4,PE541R-S__item.webp,84,900,54.15,0.1034,,
PE543,PE543__solo.webp,1527,956,0.989,5,PE543__item.webp,183,865,,,,
PE544,PE544__solo.webp,1527,953,0.99,3,PE544__item.webp,222,255,,,,
PE545,PE545__solo.webp,1529,913,0.989,8,PE545__item.webp,180,845,,,,
PE546,PE546__solo.webp,1525,943,0.99,5,PE546__item.webp,118,862,5.96,0.1523,,
PE546S,PE546S__solo.webp,1527,943,0.99,4,PE546S__item.webp,173,900,5.96,0.1523,,
PE547S,PE547S__solo.webp,1529,944,0.991,4,PE547S__item.webp,60,900,,,,
PE548S,PE548S__solo.webp,1528,944,0.99,4,PE548S__item.webp,50,900,,,,
PE549-01,PE549-01__solo.webp,1522,950,0.991,4,PE549-01__item.webp,159,900,3.91,0.028,,
PE549-02,PE549-02__solo.webp,1522,950,0.991,4,PE549-02__item.webp,159,900,3.91,0.028,,
PE549-03,PE549-03__solo.webp,1522,950,0.991,4,PE549-03__item.webp,159,900,3.91,0.028,,
PE551A,PE551A__solo.webp,1528,944,0.989,2,PE551A__item.webp,115,900,43.01,0.072,,
PE551AM,PE551AM__solo.webp,1527,944,0.989,2,PE551AM__item.webp,114,900,43.01,0.072,,
PE551B,PE551B__solo.webp,1528,944,0.988,2,PE551B__item.webp,114,900,43.01,0.072,,
PE551NA,PE551NA__solo.webp,1528,944,0.989,2,PE551NA__item.webp,116,900,43.01,0.072,,
PE551R,PE551R__solo.webp,1528,944,0.989,2,PE551R__item.webp,116,900,43.01,0.072,,
PE551RO,PE551RO__solo.webp,1527,944,0.989,2,PE551RO__item.webp,112,900,43.01,0.072,,
PE551TQ,PE551TQ__solo.webp,1527,944,0.989,2,PE551TQ__item.webp,116,900,43.01,0.072,,
PE551V,PE551V__solo.webp,1528,944,0.989,2,PE551V__item.webp,114,900,43.01,0.072,,
PE552A,PE552A__solo.webp,1528,950,0.989,2,PE552A__item.webp,113,900,80.81,0.0773,,
PE552AM,PE552AM__solo.webp,1527,944,0.989,3,PE552AM__item.webp,111,900,80.81,0.0773,,
PE552B,PE552B__solo.webp,1529,944,0.988,2,PE552B__item.webp,112,900,80.81,0.0773,,
PE552NA,PE552NA__solo.webp,1527,944,0.989,3,PE552NA__item.webp,108,900,80.81,0.0773,,
PE552R,PE552R__solo.webp,1527,944,0.989,3,PE552R__item.webp,110,900,80.81,0.0773,,
PE552RO,PE552RO__solo.webp,1528,954,0.989,3,PE552RO__item.webp,112,900,80.81,0.0773,,
PE552TQ,PE552TQ__solo.webp,1528,944,0.989,2,PE552TQ__item.webp,113,900,80.81,0.0773,,
PE552V,PE552V__solo.webp,1525,944,0.989,2,PE552V__item.webp,112,900,80.81,0.0773,,
PE557-1,PE557-1__solo.webp,906,920,0.846,4,PE557-1__item.webp,208,900,2.14,0.0063,,
PE557S,PE557S__solo.webp,1006,924,0.816,5,PE557S__item.webp,89,900,2.14,0.0063,,
PE560,PE560__solo.webp,1529,950,0.982,8,PE560__item.webp,447,900,,,,
PF041IT-01,PF041IT-01__solo.webp,1568,972,0.994,3,PF041IT-01__item.webp,598,900,98.19,0.0447,,
PF041IT-02,PF041IT-02__solo.webp,1260,982,0.887,2,PF041IT-02__item.webp,900,701,98.19,0.0447,,
PF041IT-03,PF041IT-03__solo.webp,1568,971,0.995,5,PF041IT-03__item.webp,594,900,98.19,0.0447,,
PF041IT-04,PF041IT-04__solo.webp,1568,981,0.995,3,PF041IT-04__item.webp,590,900,98.19,0.0447,,
PF041IT-05,PF041IT-05__solo.webp,1258,977,0.884,4,PF041IT-05__item.webp,900,698,98.19,0.0447,,
PF041IT-06,PF041IT-06__solo.webp,1257,973,0.886,2,PF041IT-06__item.webp,900,696,98.19,0.0447,,
PF041IT-07,PF041IT-07__solo.webp,1568,974,0.995,3,PF041IT-07__item.webp,594,900,98.19,0.0447,,
PF041IT-08,PF041IT-08__solo.webp,1568,973,0.995,3,PF041IT-08__item.webp,596,900,98.19,0.0447,,
PF041IT-09,PF041IT-09__solo.webp,1260,981,0.886,2,PF041IT-09__item.webp,900,700,98.19,0.0447,,
PF041IT-10,PF041IT-10__solo.webp,1258,979,0.889,3,PF041IT-10__item.webp,900,700,98.19,0.0447,,
PF041IT-11,PF041IT-11__solo.webp,1568,969,0.995,5,PF041IT-11__item.webp,594,900,98.19,0.0447,,
PF041IT-12,PF041IT-12__solo.webp,1568,978,0.994,5,PF041IT-12__item.webp,589,900,98.19,0.0447,,
PF042IT-01,PF042IT-01__solo.webp,1568,981,0.995,3,PF042IT-01__item.webp,611,430,95.34,0.087,,
PF042IT-02,PF042IT-02__solo.webp,1568,979,0.995,3,PF042IT-02__item.webp,611,428,95.34,0.087,,
PF042IT-03,PF042IT-03__solo.webp,1568,977,0.995,3,PF042IT-03__item.webp,611,429,95.34,0.087,,
PF042IT-04,PF042IT-04__solo.webp,1568,978,0.995,2,PF042IT-04__item.webp,900,734,95.34,0.087,,
PF042IT-05,PF042IT-05__solo.webp,1568,978,0.995,4,PF042IT-05__item.webp,900,733,95.34,0.087,,
PF042IT-06,PF042IT-06__solo.webp,1568,978,0.995,2,PF042IT-06__item.webp,611,429,95.34,0.087,,
PF042IT-07,PF042IT-07__solo.webp,1568,971,0.995,3,PF042IT-07__item.webp,611,429,95.34,0.087,,
PF042IT-08,PF042IT-08__solo.webp,1568,979,0.995,3,PF042IT-08__item.webp,611,430,95.34,0.087,,
PF042IT-09,PF042IT-09__solo.webp,1568,977,0.995,2,PF042IT-09__item.webp,611,430,95.34,0.087,,
PF042IT-10,PF042IT-10__solo.webp,1568,978,0.995,3,PF042IT-10__item.webp,900,734,95.34,0.087,,
PF043,PF043__solo.webp,1532,947,0.99,3,PF043__item.webp,716,900,,,,
PF043IT,PF043IT__solo.webp,1261,986,0.897,3,PF043IT__item.webp,900,703,,,,
PF044,PF044__solo.webp,1552,947,0.99,3,PF044__item.webp,719,900,,,,
PG004,PG004__solo.webp,1262,709,0.992,4,PG004__item.webp,520,107,27.85,0.114,,
PG005,PG005__solo.webp,1525,672,0.987,2,PG005__item.webp,473,84,27.85,0.114,,
PG006,PG006__solo.webp,1528,694,0.988,1,PG006__item.webp,473,84,27.85,0.114,,
PG006IT-F,PG006IT-F__solo.webp,1529,914,0.989,2,PG006IT-F__p1.webp,616,740,41.62,0.0728,,
PG006IT,PG006IT__solo.webp,1482,775,0.897,2,PG006IT__item.webp,471,82,41.62,0.0728,,
PG007,PG007__solo.webp,1375,678,0.989,6,PG007__item.webp,519,91,27.85,0.114,,
PG007IT,PG007IT__solo.webp,1534,827,0.988,5,PG007IT__item.webp,518,92,41.62,0.0728,,
PG008,PG008__solo.webp,1528,665,0.988,2,PG008__item.webp,473,84,27.85,0.114,,
PG008IT,PG008IT__solo.webp,1542,780,0.991,4,PG008IT__item.webp,472,84,41.62,0.0728,,
PG009,PG009__solo.webp,1371,670,0.989,6,PG009__item.webp,519,91,27.85,0.114,,
PG009IT,PG009IT__solo.webp,1543,784,0.99,5,PG009IT__item.webp,473,84,41.62,0.0728,,
PG010,PG010__solo.webp,1527,676,0.988,1,PG010__item.webp,900,645,27.85,0.114,,
PG011,PG011__solo.webp,1526,665,0.988,1,PG011__item.webp,473,84,27.85,0.114,,
PG011IT,PG011IT__solo.webp,1531,832,0.991,4,PG011IT__item.webp,473,84,41.62,0.0728,,
PG012,PG012__solo.webp,1526,659,0.987,2,PG012__item.webp,473,84,27.85,0.114,,
PG013,PG013__solo.webp,1526,663,0.987,2,PG013__item.webp,473,84,27.85,0.114,,
PG014,PG014__solo.webp,1526,656,0.987,2,PG014__item.webp,473,84,27.85,0.114,,
PG014IT,PG014IT__solo.webp,1526,783,0.991,4,PG014IT__item.webp,472,84,41.62,0.0728,,
PG015,PG015__solo.webp,1266,695,0.991,4,PG015__item.webp,520,106,27.85,0.114,,
PG015IT,PG015IT__solo.webp,1526,770,0.991,5,PG015IT__item.webp,472,84,41.62,0.0728,,
PG016,PG016__solo.webp,1527,931,0.992,5,PG016__item.webp,516,139,27.85,0.114,,
PG017,PG017__solo.webp,1527,915,0.992,3,PG017__p2.webp,440,431,27.85,0.114,,
PG018,PG018__solo.webp,1403,867,0.983,9,PG018__item.webp,466,716,27.85,0.114,,
PG018IT,PG018IT__solo.webp,1537,960,0.991,3,PG018IT__item.webp,390,275,41.62,0.0728,,
PG019,PG019__solo.webp,1451,859,0.992,8,PG019__item.webp,384,102,27.85,0.114,,
PG020,PG020__solo.webp,1173,817,0.883,2,PG020__item.webp,518,91,27.85,0.114,,
PG021,PG021__solo.webp,1173,817,0.884,2,PG021__item.webp,518,91,27.85,0.114,,
PG122-01,PG122-01__solo.webp,1203,903,0.837,4,PG122-01__item.webp,636,900,,,,
PG128,PG128__solo.webp,963,937,0.877,10,PG128__item.webp,900,842,,,,
PG131,PG131__solo.webp,1478,804,0.989,4,PG131__item.webp,639,235,,,,
PG134,PG134__solo.webp,1478,868,0.9,4,PG134__item.webp,777,409,,,,
PG136,PG136__solo.webp,1529,658,0.988,3,PG136__item.webp,312,548,,,,
PG139-1,PG139-1__solo.webp,1528,943,0.983,3,PG139-1__item.webp,242,73,77.2,0.0879,,
PG139-3,PG139-3__solo.webp,1528,943,0.984,3,PG139-3__p1.webp,422,780,77.2,0.0879,,
PG143,PG143__solo.webp,945,752,0.928,2,PG143__item.webp,221,459,,,,
PG145,PG145__solo.webp,1071,740,0.925,2,PG145__item.webp,438,176,,,,
PG150,PG150__solo.webp,1156,828,0.951,2,PG150__item.webp,392,158,,,,
PG151,PG151__solo.webp,1137,862,0.94,4,PG151__item.webp,497,465,,,,
PG153,PG153__solo.webp,1161,823,0.957,3,PG153__item.webp,503,481,,,,
PG156,PG156__solo.webp,1007,779,0.951,2,PG156__item.webp,469,466,,,,
PG157,PG157__solo.webp,1424,837,0.99,5,PG157__item.webp,554,383,,,,
PG160,PG160__solo.webp,1154,779,0.984,2,PG160__item.webp,410,618,,,,
PG162,PG162__solo.webp,1371,896,0.986,4,PG162__item.webp,895,308,,,,
PG163,PG163__solo.webp,1278,767,0.99,2,PG163__item.webp,418,156,,,,
PG168,PG168__solo.webp,1529,817,0.949,3,PG168__item.webp,588,198,,,,
PG178-01,PG178-01__solo.webp,1527,899,0.984,3,PG178-01__item.webp,688,318,39.78,0.0574,,
PG178-02,PG178-02__solo.webp,1527,899,0.984,3,PG178-02__item.webp,688,318,39.78,0.0574,,
PG179-01,PG179-01__solo.webp,1528,949,0.992,4,PG179-01__item.webp,179,900,90.68,0.129,,
PG179-02,PG179-02__solo.webp,1528,949,0.992,4,PG179-02__item.webp,179,900,90.68,0.129,,
PG179-03,PG179-03__solo.webp,1529,945,0.933,3,PG179-03__item.webp,146,740,90.68,0.129,,
PG179-04,PG179-04__solo.webp,1526,945,0.933,3,PG179-04__item.webp,168,733,90.68,0.129,,
PG179R-01,PG179R-01__solo.webp,1528,939,0.99,5,,,,90.68,0.129,,
PG181,PG181__solo.webp,1527,942,0.992,6,PG181__item.webp,704,246,,,,
PG186-01,PG186-01__solo.webp,1528,951,0.99,4,PG186-01__item.webp,108,900,83.09,0.0969,,
PG186-02,PG186-02__solo.webp,1529,958,0.991,5,PG186-02__item.webp,106,900,83.09,0.0969,,
PG189-01,PG189-01__solo.webp,1527,862,0.984,5,PG189-01__item.webp,328,327,15.32,0.1841,,
PG189-02,PG189-02__solo.webp,1528,863,0.984,5,PG189-02__item.webp,327,332,15.32,0.1841,,
PG191,PG191__solo.webp,1528,771,0.97,3,PG191__item.webp,499,169,,,,
PG236-01,PG236-01__solo.webp,1514,897,0.962,7,PG236-01__item.webp,267,303,52.18,0.2217,,
PG236-02,PG236-02__solo.webp,1518,899,0.961,8,PG236-02__p1.webp,406,831,52.18,0.2217,,
PH001,PH001__solo.webp,951,956,0.884,2,PH001__item.webp,93,900,,,,
PH002,PH002__solo.webp,950,881,0.894,3,PH002__item.webp,166,900,,,,
PH003,PH003__solo.webp,1526,959,0.983,4,PH003__item.webp,225,900,,,,
PH006,PH006__solo.webp,1528,949,0.987,4,PH006__item.webp,345,900,,,,
PL003,PL003__solo.webp,865,873,0.981,4,PL003__item.webp,537,258,29.81,0.0911,,
PL003A,PL003A__solo.webp,946,797,0.981,4,PL003A__item.webp,537,258,29.81,0.0911,,
PL003B,PL003B__solo.webp,901,742,0.978,4,PL003B__item.webp,399,271,29.81,0.0911,,
PL008,PL008__solo.webp,962,942,0.95,3,PL008__item.webp,315,704,,,,
PL010,PL010__solo.webp,1407,889,0.972,5,PL010__item.webp,85,837,,,,
PL011,PL011__solo.webp,1328,938,0.991,2,PL011__item.webp,803,398,,,,
PL012,PL012__solo.webp,1325,926,0.992,2,PL012__item.webp,801,390,,,,
PL013,PL013__solo.webp,1330,938,0.994,4,PL013__item.webp,804,482,,,,
PL014,PL014__solo.webp,1348,933,0.993,3,PL014__item.webp,785,409,,,,
PL019-1,PL019-1__solo.webp,1523,900,0.988,5,PL019-1__item.webp,149,677,9.7,0.1416,,
PL019-2,PL019-2__solo.webp,1491,895,0.987,5,PL019-2__item.webp,126,743,9.7,0.1416,,
PL019-3,PL019-3__solo.webp,1474,903,1.0,4,PL019-3__item.webp,123,900,9.7,0.1416,,
PL020-1,PL020-1__solo.webp,1522,917,0.99,10,PL020-1__item.webp,517,580,2.32,0.1133,,
PL020-2,PL020-2__solo.webp,1499,920,1.0,10,PL020-2__item.webp,602,552,2.32,0.1133,,
PL021,PL021__solo.webp,1023,963,0.968,2,PL021__item.webp,754,138,36.34,0.1054,,
PL022,PL022__solo.webp,985,966,0.961,3,PL022__item.webp,743,113,36.34,0.1054,,
PL023,PL023__solo.webp,1224,963,0.959,3,PL023__item.webp,900,97,36.34,0.1054,,
PL024,PL024__solo.webp,1164,966,0.954,3,PL024__item.webp,900,83,36.34,0.1054,,
PL025,PL025__solo.webp,1320,959,0.949,3,PL025__item.webp,900,56,36.34,0.1054,,
PL030,PL030__solo.webp,1294,899,0.99,2,PL030__item.webp,472,122,36.34,0.1054,,
PL031,PL031__solo.webp,1325,941,0.994,2,PL031__item.webp,798,504,3.71,0.1895,,
PL032,PL032__solo.webp,1327,958,0.993,3,PL032__item.webp,803,352,3.71,0.1895,,
PL033,PL033__solo.webp,1326,950,0.989,2,PL033__item.webp,806,225,,,,
PL041,PL041__solo.webp,1009,833,0.98,3,PL041__item.webp,512,315,,,,
PL042,PL042__solo.webp,1150,845,0.985,2,PL042__item.webp,606,597,,,,
PL051IT,PL051IT__solo.webp,1045,860,0.981,4,PL051IT__item.webp,848,136,,,,
PL053IT,PL053IT__solo.webp,1131,932,0.98,3,PL053IT__item.webp,451,780,7.21,0.1211,,
PL054IT,PL054IT__solo.webp,990,920,0.976,3,PL054IT__item.webp,369,637,7.21,0.1211,,
PL055IT,PL055IT__solo.webp,968,906,0.976,3,PL055IT__item.webp,362,623,7.21,0.1211,,
PL056IT,PL056IT__solo.webp,1180,682,0.977,2,PL056IT__item.webp,799,402,7.21,0.1211,,
PL057IT,PL057IT__solo.webp,1063,672,0.974,1,PL057IT__item.webp,900,540,7.21,0.1211,,
PL058IT,PL058IT__solo.webp,1008,668,0.968,2,PL058IT__item.webp,484,484,7.21,0.1211,,
PL905,PL905__solo.webp,1371,660,0.989,2,PL905__item.webp,459,624,0.32,0.0977,,
PL906,PL906__solo.webp,1372,659,0.992,2,PL906__item.webp,832,555,0.32,0.0977,,
PL907,PL907__solo.webp,1372,699,0.994,2,PL907__item.webp,900,675,0.32,0.0977,,
PM001,PM001__solo.webp,1132,722,0.939,4,PM001__item.webp,182,177,16.62,0.0923,,
PM001C,PM001C__solo.webp,1401,881,0.94,10,PM001C__item.webp,213,105,16.62,0.0923,,
PM002,PM002__solo.webp,1132,722,0.938,4,PM002__item.webp,182,177,16.62,0.0923,,
PM002C,PM002C__solo.webp,1405,883,0.94,9,PM002C__item.webp,583,729,16.62,0.0923,,
PM003,PM003__solo.webp,1134,722,0.934,4,PM003__item.webp,182,177,16.62,0.0923,,
PM003C,PM003C__solo.webp,1405,887,0.936,11,PM003C__item.webp,466,394,16.62,0.0923,,
PM004,PM004__solo.webp,1134,723,0.935,4,PM004__item.webp,182,177,16.62,0.0923,,
PM004C,PM004C__solo.webp,1402,884,0.936,11,PM004C__item.webp,470,396,16.62,0.0923,,
PM005,PM005__solo.webp,1134,724,0.935,4,PM005__item.webp,182,177,16.62,0.0923,,
PM005C,PM005C__solo.webp,1386,882,0.935,10,PM005C__item.webp,586,727,16.62,0.0923,,
PM006,PM006__solo.webp,1132,724,0.93,4,PM006__item.webp,182,177,16.62,0.0923,,
PM006C,PM006C__solo.webp,1397,884,0.932,11,PM006C__item.webp,211,104,16.62,0.0923,,
PM021,PM021__solo.webp,947,815,0.907,3,PM021__p1.webp,481,727,20.92,0.166,,
PM022,PM022__solo.webp,915,808,0.918,2,PM022__p1.webp,541,804,20.92,0.166,,
PM023,PM023__solo.webp,961,830,0.912,3,PM023__p1.webp,466,821,20.92,0.166,,
PM024,PM024__solo.webp,994,816,0.916,5,PM024__item.webp,477,813,20.92,0.166,,
PM025,PM025__solo.webp,1121,568,0.914,3,PM025__p1.webp,486,466,20.92,0.166,,
PM026,PM026__solo.webp,1141,695,0.921,8,PM026__p1.webp,533,706,20.92,0.166,,
PM027,PM027__solo.webp,858,699,0.907,3,PM027__p1.webp,510,699,20.92,0.166,,
PM028-1,PM028-1__solo.webp,931,822,0.848,2,PM028-1__item.webp,394,810,26.53,0.1524,,
PM028-2,PM028-2__solo.webp,932,821,0.862,2,PM028-2__item.webp,394,809,26.53,0.1524,,
PM028-3,PM028-3__solo.webp,931,823,0.87,2,PM028-3__item.webp,394,810,26.53,0.1524,,
PM028-4,PM028-4__solo.webp,930,820,0.844,2,PM028-4__item.webp,394,810,26.53,0.1524,,
PM028-5,PM028-5__solo.webp,930,821,0.829,3,PM028-5__item.webp,187,747,26.53,0.1524,,
PM028-6,PM028-6__solo.webp,931,817,0.837,3,PM028-6__item.webp,146,804,26.53,0.1524,,
PM028-7,PM028-7__solo.webp,958,857,0.894,2,PM028-7__item.webp,226,900,26.53,0.1524,,
PM028-8,PM028-8__solo.webp,956,857,0.895,2,PM028-8__item.webp,227,900,26.53,0.1524,,
PM028-9,PM028-9__solo.webp,956,857,0.889,2,PM028-9__item.webp,227,900,26.53,0.1524,,
PM029-01,PM029-01__solo.webp,1005,790,0.907,2,PM029-01__item.webp,202,810,26.53,0.1524,,
PM029-02,PM029-02__solo.webp,1211,779,0.92,2,PM029-02__item.webp,577,640,26.53,0.1524,,
PM030,PM030__solo.webp,985,837,0.929,3,PM030__p1.webp,417,836,20.92,0.166,,
PM032,PM032__solo.webp,1039,893,0.918,3,PM032__p1.webp,420,846,20.92,0.166,,
PM091,PM091__solo.webp,1083,779,0.942,2,PM091__item.webp,412,388,,,,
PM092,PM092__solo.webp,1089,789,0.851,2,PM092__item.webp,485,442,,,,
PM094,PM094__solo.webp,1216,904,0.865,2,PM094__item.webp,547,900,,,,
PM095,PM095__solo.webp,1216,761,0.906,2,PM095__item.webp,458,761,,,,
PM096,PM096__solo.webp,1217,765,0.836,2,PM096__item.webp,466,765,,,,
PM097,PM097__solo.webp,1220,857,0.926,2,PM097__item.webp,541,857,,,,
PM142,PM142__solo.webp,1566,922,0.991,3,PM142__item.webp,235,311,38.95,0.0857,,
PM143,PM143__solo.webp,1562,943,0.994,3,PM143__item.webp,288,403,38.95,0.0857,,
PM144,PM144__solo.webp,1123,816,0.909,2,PM144__item.webp,455,389,,,,
PM145,PM145__solo.webp,1083,823,0.822,2,PM145__item.webp,83,175,,,,
PM150,PM150__solo.webp,1561,725,0.991,2,PM150__item.webp,655,352,0.08,0.0093,,
PM151,PM151__solo.webp,1222,748,0.842,4,PM151__item.webp,350,264,71.53,0.1838,,
PM152,PM152__solo.webp,1573,707,0.99,2,PM152__item.webp,639,341,0.08,0.0093,,
PM153,PM153__solo.webp,1573,721,0.976,7,PM153__item.webp,320,571,71.53,0.1838,,
PM154,PM154__solo.webp,1570,965,0.991,2,PM154__item.webp,619,841,,,,
PM155,PM155__solo.webp,1574,942,0.992,2,PM155__item.webp,620,836,,,,
PM156,PM156__solo.webp,1559,951,0.992,2,PM156__item.webp,651,826,,,,
PM183,PM183__solo.webp,1073,821,0.899,1,PM183__item.webp,751,837,,,,
PM186,PM186__solo.webp,632,825,0.803,2,PM186__item.webp,632,825,,,,
PM200,PM200__solo.webp,1099,891,0.939,2,PM200__item.webp,583,558,4,0.0122,,
PM201,PM201__solo.webp,1139,837,0.938,2,PM201__item.webp,580,554,4,0.0122,,
PM202,PM202__solo.webp,1161,843,0.945,2,PM202__item.webp,504,483,4,0.0122,,
PM264,PM264__solo.webp,1530,943,0.994,6,PM264__item.webp,740,877,,,,
PM539,PM539__solo.webp,1326,786,0.935,3,PM539__item.webp,800,577,,,,
PM540,PM540__solo.webp,1363,813,0.934,3,PM540__item.webp,860,499,,,,
PM701,PM701__solo.webp,1224,871,0.899,2,PM701__item.webp,641,426,2.47,0.0436,,
PM702,PM702__solo.webp,950,908,0.82,4,PM702__item.webp,146,289,2.47,0.0436,,
PM703,PM703__solo.webp,968,883,0.798,8,PM703__item.webp,155,167,2.47,0.0436,,
PM704,PM704__solo.webp,1082,930,0.885,2,PM704__item.webp,393,424,2.47,0.0436,,
PM705,PM705__solo.webp,1090,785,0.881,2,PM705__item.webp,393,424,2.47,0.0436,,
PM706-2,PM706-2__solo.webp,1087,891,0.906,2,PM706-2__item.webp,398,424,2.47,0.0436,,
PM707-2,PM707-2__solo.webp,1087,772,0.903,2,PM707-2__item.webp,394,424,2.47,0.0436,,
PM708-2,PM708-2__solo.webp,1087,820,0.881,2,PM708-2__item.webp,393,424,2.47,0.0436,,
PM709-2,PM709-2__solo.webp,1085,850,0.886,2,PM709-2__item.webp,394,425,2.47,0.0436,,
PM710-2,PM710-2__solo.webp,1056,860,0.921,2,PM710-2__item.webp,335,390,2.47,0.0436,,
PM711-2,PM711-2__solo.webp,1086,918,0.928,2,PM711-2__item.webp,393,424,2.47,0.0436,,
PM717,PM717__solo.webp,1086,648,0.925,2,PM717__item.webp,394,425,2.47,0.0436,,
PM724,PM724__solo.webp,1046,934,0.943,3,PM724__item.webp,396,864,5.9,0.0632,,
PM725,PM725__solo.webp,961,810,0.942,3,PM725__item.webp,333,727,5.9,0.0632,,
PM726,PM726__solo.webp,1171,807,0.932,4,PM726__item.webp,184,276,5.9,0.0632,,
PM801,PM801__solo.webp,870,566,0.818,1,PM801__item.webp,829,513,,,,
PM802,PM802__solo.webp,978,636,0.851,1,PM802__item.webp,900,558,0.03,0.0046,,
PM802A,PM802A__solo.webp,1105,718,0.878,1,PM802A__item.webp,900,556,0.03,0.0046,,
PM803,PM803__solo.webp,842,495,0.798,1,PM803__item.webp,804,435,,,,
PM804,PM804__solo.webp,978,574,0.842,1,PM804__item.webp,900,486,,,,
PM805,PM805__solo.webp,1082,635,0.866,1,PM805__item.webp,900,486,,,,
PM806,PM806__solo.webp,846,532,0.804,1,PM806__item.webp,800,468,,,,
PM807,PM807__solo.webp,961,606,0.841,1,PM807__item.webp,900,524,,,,
PM808,PM808__solo.webp,1107,697,0.875,1,PM808__item.webp,900,524,,,,
PM933,PM933__solo.webp,1528,943,0.977,4,PM933__item.webp,397,724,,,,
PM934,PM934__solo.webp,1540,957,0.993,2,PM934__item.webp,900,755,6.95,0.1531,,
PM935,PM935__solo.webp,1540,947,0.991,3,PM935__item.webp,571,853,6.95,0.1531,,
PM936,PM936__solo.webp,1530,943,0.991,3,PM936__item.webp,900,380,,,,
PN030N-1,PN030N-1__solo.webp,1540,891,0.989,3,PN030N-1__item.webp,454,465,23.95,0.0965,,
PN030N-2,PN030N-2__solo.webp,1454,885,0.991,3,PN030N-2__item.webp,493,512,23.95,0.0965,,
PN030N-3,PN030N-3__solo.webp,1528,951,0.99,3,PN030N-3__item.webp,459,462,23.95,0.0965,,
PN030N-4,PN030N-4__solo.webp,1529,966,0.991,2,PN030N-4__item.webp,511,521,23.95,0.0965,,
PN032-1,PN032-1__solo.webp,1492,848,0.988,3,PN032-1__item.webp,490,368,26.67,0.0895,,
PN032-2,PN032-2__solo.webp,1468,848,0.988,3,PN032-2__item.webp,492,372,26.67,0.0895,,
PN032-3,PN032-3__solo.webp,1436,848,0.988,3,PN032-3__item.webp,522,395,26.67,0.0895,,
PN032-4,PN032-4__solo.webp,1453,848,0.988,3,PN032-4__item.webp,533,397,26.67,0.0895,,
PN108,PN108__solo.webp,1473,910,0.99,3,PN108__item.webp,272,409,,,,
PN109,PN109__solo.webp,1568,943,0.989,3,PN109__item.webp,273,409,,,,
PN110,PN110__solo.webp,1540,946,0.992,3,PN110__item.webp,282,418,40.56,0.0549,,
PN110P,PN110P__solo.webp,1560,938,0.993,3,PN110P__item.webp,308,464,40.56,0.0549,,
PN125-01,PN125-01__solo.webp,1528,904,0.919,5,PN125-01__item.webp,387,900,24.8,0.1696,,
PN125-02,PN125-02__solo.webp,1528,902,0.886,5,PN125-02__item.webp,388,900,24.8,0.1696,,
PN125-03,PN125-03__solo.webp,1527,902,0.937,4,PN125-03__p1.webp,386,900,24.8,0.1696,,
PN125-05,PN125-05__solo.webp,1527,904,0.929,4,PN125-05__p1.webp,387,900,24.8,0.1696,,
PN125-19,PN125-19__solo.webp,1528,745,0.908,5,PN125-19__p2.webp,267,297,24.8,0.1696,,
PN125-20,PN125-20__solo.webp,1530,937,0.926,6,PN125-20__p4.webp,256,286,24.8,0.1696,,
PN125-21,PN125-21__solo.webp,1127,945,0.805,13,PN125-21__item.webp,617,900,24.8,0.1696,,
PN125-23,PN125-23__solo.webp,1218,940,0.86,3,PN125-23__p1.webp,617,900,24.8,0.1696,,
PN125-25,PN125-25__solo.webp,1207,947,0.854,4,PN125-25__p1.webp,616,900,24.8,0.1696,,
PN125-26,PN125-26__solo.webp,1210,947,0.827,3,PN125-26__p1.webp,616,900,24.8,0.1696,,
PN125-28,PN125-28__solo.webp,1209,947,0.786,4,PN125-28__p1.webp,616,900,24.8,0.1696,,
PN125-32,PN125-32__solo.webp,1197,940,0.842,3,PN125-32__p1.webp,616,900,24.8,0.1696,,
PN125-34,PN125-34__solo.webp,1529,940,0.992,4,PN125-34__p1.webp,630,900,24.8,0.1696,,
PN125-35,PN125-35__solo.webp,1182,947,0.783,13,PN125-35__item.webp,617,900,24.8,0.1696,,
PN125-40,PN125-40__solo.webp,1226,941,0.766,23,PN125-40__item.webp,182,203,24.8,0.1696,,
PN125-41,PN125-41__solo.webp,1223,947,0.862,5,PN125-41__p1.webp,615,900,24.8,0.1696,,
PN125-42,PN125-42__solo.webp,1224,937,0.853,5,PN125-42__p1.webp,618,900,24.8,0.1696,,
PN125-43,PN125-43__solo.webp,1532,951,0.992,3,PN125-43__p1.webp,618,900,24.8,0.1696,,
PN125-55,PN125-55__solo.webp,1529,937,0.988,3,PN125-55__p1.webp,617,900,24.8,0.1696,,
PN125-56,PN125-56__solo.webp,1425,905,0.984,5,PN125-56__p1.webp,540,788,24.8,0.1696,,
PN125-57,PN125-57__solo.webp,1206,941,0.849,4,PN125-57__p1.webp,617,900,24.8,0.1696,,
PN125-63,PN125-63__solo.webp,1210,947,0.812,4,PN125-63__item.webp,616,900,24.8,0.1696,,
PN125-67,PN125-67__solo.webp,1528,958,0.992,4,PN125-67__item.webp,315,900,24.8,0.1696,,
PN125-69,PN125-69__solo.webp,1528,958,0.99,3,PN125-69__item.webp,361,786,24.8,0.1696,,
PN125-70,PN125-70__solo.webp,622,897,0.757,4,PN125-70__item.webp,622,897,24.8,0.1696,,
PN125-71,PN125-71__solo.webp,655,945,0.652,13,PN125-71__p1.webp,623,900,24.8,0.1696,,
PN125-86,PN125-86__solo.webp,1128,945,0.647,6,PN125-86__item.webp,623,900,24.8,0.1696,,
PN125-87,PN125-87__solo.webp,1125,945,0.648,6,PN125-87__item.webp,623,900,24.8,0.1696,,
PN126-12,PN126-12__solo.webp,1528,889,0.982,4,PN126-12__item.webp,506,710,,,,
PN138-1,PN138-1__solo.webp,1478,929,0.948,3,PN138-1__item.webp,509,675,10.19,0.1992,,
PN138-2,PN138-2__solo.webp,1478,954,0.946,3,PN138-2__item.webp,509,675,10.19,0.1992,,
PN150-01,PN150-01__solo.webp,1529,954,0.989,3,PN150-01__item.webp,572,900,,,,
PN151-00,PN151-00__solo.webp,934,858,0.806,3,PN151-00__item.webp,367,541,2.36,0.1834,,
PN151-01,PN151-01__solo.webp,1022,778,0.725,3,PN151-01__item.webp,365,531,2.36,0.1834,,
PN151-02,PN151-02__solo.webp,947,779,0.708,3,PN151-02__item.webp,354,523,2.36,0.1834,,
PN151-03,PN151-03__solo.webp,933,859,0.751,3,PN151-03__item.webp,369,588,2.36,0.1834,,
PN151-04,PN151-04__solo.webp,931,825,0.749,3,PN151-04__item.webp,366,540,2.36,0.1834,,
PN151-05,PN151-05__solo.webp,927,844,0.742,3,PN151-05__item.webp,367,540,2.36,0.1834,,
PN151-06,PN151-06__solo.webp,938,867,0.749,3,PN151-06__item.webp,384,589,2.36,0.1834,,
PN151-07,PN151-07__solo.webp,1160,835,0.962,4,PN151-07__item.webp,386,589,2.36,0.1834,,
PN151-08,PN151-08__solo.webp,936,856,0.755,3,PN151-08__item.webp,385,587,2.36,0.1834,,
PN151-09,PN151-09__solo.webp,935,855,0.748,3,PN151-09__item.webp,385,587,2.36,0.1834,,
PN151-10,PN151-10__solo.webp,943,858,0.739,3,PN151-10__item.webp,272,57,2.36,0.1834,,
PN151-11,PN151-11__solo.webp,940,848,0.741,3,PN151-11__item.webp,259,55,2.36,0.1834,,
PN151-12,PN151-12__solo.webp,940,846,0.734,3,PN151-12__item.webp,362,536,2.36,0.1834,,
PN151-13,PN151-13__solo.webp,940,848,0.707,3,PN151-13__item.webp,363,537,2.36,0.1834,,
PN151-14,PN151-14__solo.webp,937,847,0.711,3,PN151-14__item.webp,363,537,2.36,0.1834,,
PN151-15,PN151-15__solo.webp,1053,910,0.742,3,PN151-15__item.webp,438,651,2.36,0.1834,,
PN151-16,PN151-16__solo.webp,933,848,0.727,3,PN151-16__item.webp,502,848,2.36,0.1834,,
PN151-17,PN151-17__solo.webp,940,848,0.691,3,PN151-17__item.webp,363,537,2.36,0.1834,,
PN151-18,PN151-18__solo.webp,936,842,0.688,3,PN151-18__item.webp,365,539,2.36,0.1834,,
PN151-19,PN151-19__solo.webp,940,847,0.7,3,PN151-19__item.webp,366,541,2.36,0.1834,,
PN151-20,PN151-20__solo.webp,939,846,0.703,3,PN151-20__item.webp,367,543,2.36,0.1834,,
PN151-21,PN151-21__solo.webp,936,867,0.723,3,PN151-21__item.webp,369,543,2.36,0.1834,,
PN151-22,PN151-22__solo.webp,934,846,0.681,3,PN151-22__item.webp,367,541,2.36,0.1834,,
PN151-23,PN151-23__solo.webp,936,864,0.679,2,PN151-23__item.webp,366,542,2.36,0.1834,,
PN151-24,PN151-24__solo.webp,940,843,0.685,3,PN151-24__item.webp,366,541,2.36,0.1834,,
PN151-25,PN151-25__solo.webp,940,845,0.739,3,PN151-25__item.webp,369,545,2.36,0.1834,,
PN151-26,PN151-26__solo.webp,934,843,0.677,3,PN151-26__item.webp,367,542,2.36,0.1834,,
PN151-27,PN151-27__solo.webp,938,849,0.712,3,PN151-27__item.webp,367,541,2.36,0.1834,,
PN151-28,PN151-28__solo.webp,940,855,0.667,3,PN151-28__item.webp,366,540,2.36,0.1834,,
PN151-29,PN151-29__solo.webp,940,853,0.659,4,PN151-29__item.webp,368,545,2.36,0.1834,,
PN151-30,PN151-30__solo.webp,928,840,0.672,3,PN151-30__item.webp,366,541,2.36,0.1834,,
PN151-31,PN151-31__solo.webp,936,856,0.73,3,PN151-31__item.webp,366,541,2.36,0.1834,,
PN151-32,PN151-32__solo.webp,945,864,0.699,3,PN151-32__item.webp,367,541,2.36,0.1834,,
PN151-33,PN151-33__solo.webp,929,840,0.695,3,PN151-33__item.webp,368,543,2.36,0.1834,,
PN151-34,PN151-34__solo.webp,923,861,0.68,3,PN151-34__item.webp,384,589,2.36,0.1834,,
PN151-35,PN151-35__solo.webp,934,842,0.652,3,PN151-35__item.webp,366,541,2.36,0.1834,,
PN151-36,PN151-36__solo.webp,934,853,0.662,3,PN151-36__item.webp,385,587,2.36,0.1834,,
PN151-37,PN151-37__solo.webp,940,846,0.64,3,PN151-37__item.webp,370,546,2.36,0.1834,,
PN151-38,PN151-38__solo.webp,935,855,0.658,3,PN151-38__item.webp,366,541,2.36,0.1834,,
PN151-39,PN151-39__solo.webp,1098,755,0.772,3,PN151-39__item.webp,453,755,2.36,0.1834,,
PN166-01,PN166-01__solo.webp,728,611,0.504,2,PN166-01__item.webp,482,329,,,,
PN170-1,PN170-1__solo.webp,1503,783,0.937,2,PN170-1__item.webp,900,550,14.36,0.1335,,
PN170,PN170__solo.webp,1184,843,0.877,2,PN170__item.webp,541,787,14.36,0.1335,,
PN171-1,PN171-1__solo.webp,1218,854,0.869,1,PN171-1__item.webp,900,631,14.36,0.1335,,
PN171,PN171__solo.webp,1167,904,0.875,2,PN171__item.webp,455,804,14.36,0.1335,,
PN172-1,PN172-1__solo.webp,1199,684,0.853,2,PN172-1__item.webp,644,261,14.36,0.1335,,
PN172,PN172__solo.webp,1198,685,0.854,2,PN172__item.webp,618,273,14.36,0.1335,,
PN173-1,PN173-1__solo.webp,1168,622,0.851,2,PN173-1__item.webp,534,267,14.36,0.1335,,
PN173,PN173__solo.webp,1105,492,0.789,2,PN173__item.webp,531,194,14.36,0.1335,,
PN174,PN174__solo.webp,1159,792,0.877,2,PN174__item.webp,557,321,30.38,0.1417,,
PN175,PN175__solo.webp,1145,865,0.884,2,PN175__item.webp,557,409,30.38,0.1417,,
PN176,PN176__solo.webp,1448,867,0.994,4,PN176__item.webp,675,463,30.38,0.1417,,
PN177,PN177__solo.webp,1207,962,0.877,2,PN177__item.webp,628,327,,,,
PN178,PN178__solo.webp,1174,865,0.88,2,PN178__item.webp,620,366,,,,
PN179,PN179__solo.webp,1158,838,0.885,3,PN179__item.webp,703,424,,,,
PN180,PN180__solo.webp,1196,667,0.872,2,PN180__item.webp,540,434,,,,
PN181,PN181__solo.webp,1192,736,0.869,2,PN181__item.webp,539,424,,,,
PN182,PN182__solo.webp,1200,585,0.867,2,PN182__item.webp,538,413,30.38,0.1417,,
PN183,PN183__solo.webp,1186,644,0.869,2,PN183__item.webp,539,432,30.38,0.1417,,
PN185,PN185__solo.webp,1197,641,0.87,2,PN185__item.webp,536,427,30.38,0.1417,,
PN187,PN187__solo.webp,1167,596,0.863,2,PN187__item.webp,487,388,45.52,0.1308,,
PN188,PN188__solo.webp,1182,661,0.87,2,PN188__item.webp,531,416,45.52,0.1308,,
PN189,PN189__solo.webp,1175,800,0.872,2,PN189__item.webp,599,427,45.52,0.1308,,
PN191,PN191__solo.webp,1222,690,0.876,2,PN191__item.webp,574,455,45.52,0.1308,,
PN192,PN192__solo.webp,1222,708,0.879,2,PN192__item.webp,589,466,45.52,0.1308,,
PN194,PN194__solo.webp,1490,829,0.993,4,PN194__item.webp,695,436,2.68,0.0898,,
PN195,PN195__solo.webp,1498,821,0.993,4,PN195__item.webp,756,395,2.68,0.0898,,
PN198,PN198__solo.webp,600,509,0.718,1,PN198__item.webp,534,459,,,,
PN199A3-100,PN199A3-100__solo.webp,1534,957,0.99,11,PN199A3-100__item.webp,823,612,0.01,0.0042,,
PN199A4-100,PN199A4-100__solo.webp,1528,949,0.99,14,PN199A4-100__item.webp,853,531,0.01,0.0042,,
PN200A3-100,PN200A3-100__solo.webp,1535,957,0.99,12,PN200A3-100__item.webp,826,605,0.13,0.0105,,
PN200A4-100,PN200A4-100__solo.webp,1528,949,0.988,14,PN200A4-100__item.webp,855,533,0.13,0.0105,,
PN201-10,PN201-10__solo.webp,1208,928,0.879,3,PN201-10__item.webp,346,43,,,,
PN202A,PN202A__solo.webp,1184,942,0.893,6,PN202A__item.webp,564,477,45.93,0.0032,,
PN202N,PN202N__solo.webp,1183,942,0.894,4,PN202N__item.webp,565,478,45.93,0.0032,,
PN204,PN204__solo.webp,1520,902,0.923,9,PN204__item.webp,899,532,,,,
PN206,PN206__solo.webp,1035,868,0.917,2,PN206__item.webp,382,868,,,,
PN208-A4,PN208-A4__solo.webp,1234,941,0.948,4,PN208-A4__item.webp,508,502,0.23,0.0024,,
PN208,PN208__solo.webp,1234,940,0.948,3,PN208__item.webp,509,502,0.23,0.0024,,
PN209-A4,PN209-A4__solo.webp,1257,945,0.95,4,PN209-A4__item.webp,586,442,0.06,0.002,,
PN209,PN209__solo.webp,1257,944,0.952,3,PN209__item.webp,586,442,0.06,0.002,,
PN210-A4,PN210-A4__solo.webp,1216,945,0.895,4,PN210-A4__item.webp,505,491,0.22,0.0068,,
PN210,PN210__solo.webp,1248,944,0.906,4,PN210__item.webp,507,490,0.22,0.0068,,
PN211-25,PN211-25__solo.webp,1528,947,0.992,5,PN211-25__item.webp,530,381,81.2,0.129,,
PN211-A3,PN211-A3__solo.webp,1429,892,0.994,6,PN211-A3__item.webp,357,282,81.2,0.129,,
PN211-A4,PN211-A4__solo.webp,1176,941,0.897,4,PN211-A4__item.webp,500,470,81.2,0.129,,
PN211,PN211__solo.webp,1176,940,0.896,3,PN211__item.webp,499,470,81.2,0.129,,
PN211B-A3,PN211B-A3__solo.webp,1405,825,0.851,7,PN211B-A3__item.webp,164,164,81.2,0.129,,
PN211B-A4,PN211B-A4__solo.webp,1221,941,0.893,4,PN211B-A4__item.webp,482,457,81.2,0.129,,
PN211B,PN211B__solo.webp,1221,940,0.882,3,PN211B__item.webp,482,455,81.2,0.129,,
PN211N,PN211N__solo.webp,831,939,0.924,7,PN211N__item.webp,285,307,81.2,0.129,,
PN216-A4,PN216-A4__solo.webp,1264,941,0.962,4,PN216-A4__item.webp,680,482,0.25,0.0054,,
PN216,PN216__solo.webp,1186,940,0.961,3,PN216__item.webp,617,436,0.25,0.0054,,
PN217-A4,PN217-A4__solo.webp,1206,941,0.84,5,PN217-A4__item.webp,446,482,81.06,0.1078,,
PN217,PN217__solo.webp,1414,947,0.995,8,PN217__item.webp,396,475,81.06,0.1078,,
PN219-A4,PN219-A4__solo.webp,1485,863,0.976,4,PN219-A4__item.webp,400,476,81.06,0.1078,,
PN219,PN219__solo.webp,1234,940,0.907,3,PN219__item.webp,595,460,81.06,0.1078,,
PN220,PN220__solo.webp,1424,877,0.974,6,PN220__item.webp,395,476,,,,
PN221-01,PN221-01__solo.webp,1180,868,0.898,2,PN221-01__item.webp,381,868,44.85,0.032,,
PN221-02,PN221-02__solo.webp,1527,956,0.993,2,PN221-02__item.webp,379,866,44.85,0.032,,
PN221-03,PN221-03__solo.webp,1528,958,0.993,2,PN221-03__item.webp,380,869,44.85,0.032,,
PN221-04,PN221-04__solo.webp,1532,959,0.993,2,PN221-04__item.webp,380,870,44.85,0.032,,
PN221-05,PN221-05__solo.webp,1531,960,0.993,2,PN221-05__item.webp,380,872,44.85,0.032,,
PN221-06,PN221-06__solo.webp,1531,960,0.993,2,PN221-06__item.webp,381,872,44.85,0.032,,
PN221-07,PN221-07__solo.webp,1531,960,0.993,2,PN221-07__item.webp,381,871,44.85,0.032,,
PN221-08,PN221-08__solo.webp,1531,958,0.993,2,PN221-08__item.webp,380,869,44.85,0.032,,
PN221-09,PN221-09__solo.webp,1530,958,0.993,2,PN221-09__item.webp,380,869,44.85,0.032,,
PN221-10,PN221-10__solo.webp,1530,959,0.993,2,PN221-10__item.webp,380,870,44.85,0.032,,
PN221-11,PN221-11__solo.webp,1530,958,0.993,2,PN221-11__item.webp,380,869,44.85,0.032,,
PN221-12,PN221-12__solo.webp,1529,957,0.993,2,PN221-12__item.webp,379,868,44.85,0.032,,
PN221-13,PN221-13__solo.webp,1529,958,0.993,2,PN221-13__item.webp,380,869,44.85,0.032,,
PN221-14,PN221-14__solo.webp,1529,958,0.993,2,PN221-14__item.webp,380,869,44.85,0.032,,
PN221-15,PN221-15__solo.webp,1529,958,0.993,2,PN221-15__item.webp,380,869,44.85,0.032,,
PN221-16,PN221-16__solo.webp,1529,958,0.993,2,PN221-16__item.webp,380,869,44.85,0.032,,
PN221-17,PN221-17__solo.webp,1529,957,0.993,2,PN221-17__item.webp,379,868,44.85,0.032,,
PN221-18,PN221-18__solo.webp,1529,960,0.993,2,PN221-18__item.webp,381,870,44.85,0.032,,
PN221-19,PN221-19__solo.webp,1529,960,0.993,2,PN221-19__item.webp,381,871,44.85,0.032,,
PN221-20,PN221-20__solo.webp,1529,959,0.993,2,PN221-20__item.webp,381,870,44.85,0.032,,
PN221-21,PN221-21__solo.webp,1528,959,0.993,2,PN221-21__item.webp,380,867,44.85,0.032,,
PN221-22,PN221-22__solo.webp,1528,959,0.993,2,PN221-22__item.webp,380,870,44.85,0.032,,
PN221-23,PN221-23__solo.webp,1528,956,0.993,2,PN221-23__item.webp,380,867,44.85,0.032,,
PN221-24,PN221-24__solo.webp,1528,960,0.993,2,PN221-24__item.webp,381,871,44.85,0.032,,
PN221,PN221__solo.webp,1028,947,0.925,2,PN221__item.webp,381,868,44.85,0.032,,
PN222-01,PN222-01__solo.webp,1136,896,0.863,2,PN222-01__item.webp,209,896,53.53,0.0084,,
PN222-02,PN222-02__solo.webp,1135,896,0.863,2,PN222-02__item.webp,209,896,53.53,0.0084,,
PN222-03,PN222-03__solo.webp,1135,896,0.863,2,PN222-03__item.webp,209,896,53.53,0.0084,,
PN222-04,PN222-04__solo.webp,1133,896,0.863,2,PN222-04__item.webp,209,896,53.53,0.0084,,
PN222-05,PN222-05__solo.webp,1134,896,0.863,2,PN222-05__item.webp,209,896,53.53,0.0084,,
PN222-06,PN222-06__solo.webp,1135,896,0.863,2,PN222-06__item.webp,209,896,53.53,0.0084,,
PN222-07,PN222-07__solo.webp,1133,896,0.863,2,PN222-07__item.webp,209,896,53.53,0.0084,,
PN222-08,PN222-08__solo.webp,1136,896,0.863,2,PN222-08__item.webp,209,896,53.53,0.0084,,
PN222-09,PN222-09__solo.webp,1133,896,0.863,2,PN222-09__item.webp,209,896,53.53,0.0084,,
PN222-10,PN222-10__solo.webp,1135,896,0.863,2,PN222-10__item.webp,209,896,53.53,0.0084,,
PN222-11,PN222-11__solo.webp,1132,896,0.863,2,PN222-11__item.webp,209,896,53.53,0.0084,,
PN222-12,PN222-12__solo.webp,1135,896,0.863,2,PN222-12__item.webp,209,896,53.53,0.0084,,
PN222-13,PN222-13__solo.webp,1135,896,0.863,2,PN222-13__item.webp,209,896,53.53,0.0084,,
PN222-14,PN222-14__solo.webp,1132,896,0.863,2,PN222-14__item.webp,209,896,53.53,0.0084,,
PN222-15,PN222-15__solo.webp,1133,896,0.863,2,PN222-15__item.webp,209,896,53.53,0.0084,,
PN222-16,PN222-16__solo.webp,1134,896,0.863,2,PN222-16__item.webp,209,896,53.53,0.0084,,
PN222-17,PN222-17__solo.webp,1133,896,0.863,2,PN222-17__item.webp,209,896,53.53,0.0084,,
PN222-18,PN222-18__solo.webp,1135,896,0.863,2,PN222-18__item.webp,209,896,53.53,0.0084,,
PN222-19,PN222-19__solo.webp,1133,896,0.862,2,PN222-19__item.webp,209,896,53.53,0.0084,,
PN222-20,PN222-20__solo.webp,1134,896,0.862,2,PN222-20__item.webp,209,896,53.53,0.0084,,
PN222-21,PN222-21__solo.webp,1135,896,0.863,2,PN222-21__item.webp,209,896,53.53,0.0084,,
PN222-22,PN222-22__solo.webp,1133,896,0.863,2,PN222-22__item.webp,209,896,53.53,0.0084,,
PN222-23,PN222-23__solo.webp,1134,896,0.863,2,PN222-23__item.webp,209,896,53.53,0.0084,,
PN222-24,PN222-24__solo.webp,1174,896,0.865,2,PN222-24__item.webp,209,896,53.53,0.0084,,
PN222,PN222__solo.webp,1055,896,0.778,20,PN222__item.webp,900,764,53.53,0.0084,,
PN225-01,PN225-01__solo.webp,1532,961,0.993,2,PN225-01__item.webp,779,349,78.04,0.0355,,
PN225-02,PN225-02__solo.webp,1533,961,0.993,2,PN225-02__item.webp,779,349,78.04,0.0355,,
PN225-03,PN225-03__solo.webp,1532,956,0.993,2,PN225-03__item.webp,778,349,78.04,0.0355,,
PN225-04,PN225-04__solo.webp,1532,956,0.993,2,PN225-04__item.webp,780,349,78.04,0.0355,,
PN228-A4,PN228-A4__solo.webp,1161,876,0.832,4,PN228-A4__item.webp,533,387,,,,
PN240,PN240__solo.webp,1527,943,0.991,3,PN240__item.webp,719,465,0.02,0.002,,
PN240A4,PN240A4__solo.webp,1528,947,0.992,5,PN240A4__item.webp,718,465,0.02,0.002,,
PN241A4,PN241A4__solo.webp,1527,942,0.992,5,PN241A4__item.webp,719,465,0.02,0.002,,
PN253,PN253__solo.webp,932,947,0.905,3,PN253__item.webp,788,555,,,,
PN254,PN254__solo.webp,931,947,0.905,3,PN254__item.webp,788,555,,,,
PN255,PN255__solo.webp,932,947,0.905,3,PN255__item.webp,788,555,,,,
PN256,PN256__solo.webp,931,947,0.906,3,PN256__item.webp,788,555,,,,
PN257,PN257__solo.webp,933,947,0.906,3,PN257__item.webp,788,555,,,,
PN261,PN261__solo.webp,798,954,0.879,2,PN261__item.webp,798,564,,,,
PN262,PN262__solo.webp,798,954,0.881,2,PN262__item.webp,798,564,,,,
PN263,PN263__solo.webp,798,954,0.884,2,PN263__item.webp,798,564,,,,
PN264,PN264__solo.webp,799,954,0.884,2,PN264__item.webp,799,564,,,,
PN300,PN300__solo.webp,1528,937,0.956,8,PN300__item.webp,582,520,34.28,0.0774,,
PN303,PN303__solo.webp,1199,937,0.901,7,PN303__item.webp,461,466,0.07,0.0044,,
PN304,PN304__solo.webp,1528,942,0.957,9,PN304__item.webp,580,520,34.28,0.0774,,
PN305,PN305__solo.webp,1210,937,0.903,6,PN305__item.webp,461,466,0.07,0.0044,,
PN307,PN307__solo.webp,1528,942,0.956,10,PN307__item.webp,580,520,34.28,0.0774,,
PN308,PN308__solo.webp,1527,977,0.987,6,PN308__item.webp,601,431,,,,
PN309,PN309__solo.webp,1528,977,0.99,7,PN309__p1.webp,688,513,,,,
PN310,PN310__solo.webp,763,762,0.77,2,PN310__item.webp,227,460,46.55,0.141,,
PN311,PN311__solo.webp,813,740,0.775,2,PN311__item.webp,256,444,46.55,0.141,,
PN312,PN312__solo.webp,794,746,0.77,2,PN312__p2.webp,233,139,46.55,0.141,,
PN314,PN314__solo.webp,813,761,0.762,2,PN314__item.webp,264,375,,,,
PN315,PN315__solo.webp,790,762,0.787,2,PN315__item.webp,264,458,30.98,0.1089,,
PN316,PN316__solo.webp,790,762,0.787,2,PN316__item.webp,264,456,30.98,0.1089,,
PN331,PN331__solo.webp,1526,937,0.656,3,PN331__item.webp,900,316,34.28,0.0774,,
PN340-02,PN340-02__solo.webp,1522,882,0.992,3,PN340-02__item.webp,611,383,35.55,0.092,,
PN340-03,PN340-03__solo.webp,1523,852,0.992,3,PN340-03__item.webp,611,384,35.55,0.092,,
PN341-02,PN341-02__solo.webp,1527,939,0.993,2,PN341-02__item.webp,615,380,35.55,0.092,,
PN341-03,PN341-03__solo.webp,1523,940,0.993,2,PN341-03__item.webp,614,380,35.55,0.092,,
PN345-02,PN345-02__solo.webp,1525,940,0.989,2,PN345-02__item.webp,545,401,49.72,0.0193,,
PN345-03,PN345-03__solo.webp,1525,940,0.989,2,PN345-03__item.webp,545,401,49.72,0.0193,,
PN346-01,PN346-01__solo.webp,1528,945,0.991,4,PN346-01__item.webp,517,303,56.73,0.1186,,
PN346-02,PN346-02__solo.webp,1528,945,0.991,4,PN346-02__item.webp,517,303,56.73,0.1186,,
PN346-05,PN346-05__solo.webp,1528,945,0.947,4,PN346-05__item.webp,517,303,56.73,0.1186,,
PN347-02,PN347-02__solo.webp,1521,853,0.942,4,PN347-02__item.webp,468,236,56.73,0.1186,,
PN347-03,PN347-03__solo.webp,1521,853,0.94,4,PN347-03__item.webp,468,236,56.73,0.1186,,
PN350-01,PN350-01__solo.webp,1489,853,0.935,4,PN350-01__item.webp,487,339,34.29,0.0176,,
PN350-03,PN350-03__solo.webp,1491,853,0.935,4,PN350-03__item.webp,486,339,34.29,0.0176,,
PN353-01,PN353-01__solo.webp,1514,938,0.935,4,PN353-01__item.webp,516,302,,,,
PN430,PN430__solo.webp,788,555,0.869,1,PN430__item.webp,788,555,86.14,0.0165,,
PN431,PN431__solo.webp,789,555,0.869,1,PN431__item.webp,789,555,86.14,0.0165,,
PN432,PN432__solo.webp,789,555,0.869,1,PN432__item.webp,789,555,86.14,0.0165,,
PN433,PN433__solo.webp,788,555,0.869,1,PN433__item.webp,788,555,86.14,0.0165,,
PN434,PN434__solo.webp,788,555,0.869,1,PN434__item.webp,788,555,86.14,0.0165,,
PN435,PN435__solo.webp,788,555,0.895,1,PN435__item.webp,788,555,86.14,0.0165,,
PN436,PN436__solo.webp,788,555,0.869,1,PN436__item.webp,788,555,86.14,0.0165,,
PN437,PN437__solo.webp,789,555,0.869,1,PN437__item.webp,789,555,86.14,0.0165,,
PN439,PN439__solo.webp,788,555,0.869,1,PN439__item.webp,788,555,86.14,0.0165,,
PN440,PN440__solo.webp,788,555,0.869,1,PN440__item.webp,788,555,86.14,0.0165,,
PN441,PN441__solo.webp,788,555,0.869,1,PN441__item.webp,788,555,86.14,0.0165,,
PN442,PN442__solo.webp,788,555,0.869,1,PN442__item.webp,788,555,86.14,0.0165,,
PN444,PN444__solo.webp,789,555,0.869,1,PN444__item.webp,789,555,86.14,0.0165,,
PN445,PN445__solo.webp,788,555,0.869,1,PN445__item.webp,788,555,86.14,0.0165,,
PN446,PN446__solo.webp,788,555,0.869,1,PN446__item.webp,788,555,86.14,0.0165,,
PN447,PN447__solo.webp,789,555,0.869,1,PN447__item.webp,789,555,86.14,0.0165,,
PN448,PN448__solo.webp,789,555,0.869,1,PN448__item.webp,789,555,86.14,0.0165,,
PN449,PN449__solo.webp,788,555,0.869,1,PN449__item.webp,788,555,86.14,0.0165,,
PN450,PN450__solo.webp,789,555,0.869,1,PN450__item.webp,789,555,86.14,0.0165,,
PN451,PN451__solo.webp,788,555,0.869,1,PN451__item.webp,788,555,86.14,0.0165,,
PN452,PN452__solo.webp,789,555,0.869,1,PN452__item.webp,789,555,86.14,0.0165,,
PN453,PN453__solo.webp,788,555,0.869,1,PN453__item.webp,788,555,86.14,0.0165,,
PN455,PN455__solo.webp,788,555,0.869,1,PN455__item.webp,788,555,86.14,0.0165,,
PN457,PN457__solo.webp,789,555,0.869,1,PN457__item.webp,789,555,86.14,0.0165,,
PN458,PN458__solo.webp,789,555,0.869,1,PN458__item.webp,789,555,86.14,0.0165,,
PN460-50,PN460-50__solo.webp,678,949,0.817,5,PN460-50__item.webp,678,486,86.14,0.0165,,
PN461-50,PN461-50__solo.webp,678,949,0.841,5,PN461-50__item.webp,678,486,86.14,0.0165,,
PN462-50,PN462-50__solo.webp,678,949,0.841,5,PN462-50__item.webp,678,486,86.14,0.0165,,
PN463-50,PN463-50__solo.webp,678,949,0.84,5,PN463-50__item.webp,678,486,86.14,0.0165,,
PN464-50,PN464-50__solo.webp,678,949,0.84,5,PN464-50__item.webp,678,486,86.14,0.0165,,
PN465-50,PN465-50__solo.webp,678,949,0.841,5,PN465-50__item.webp,678,486,86.14,0.0165,,
PN466-50,PN466-50__solo.webp,678,949,0.841,5,PN466-50__item.webp,678,486,86.14,0.0165,,
PN467-50,PN467-50__solo.webp,678,949,0.841,5,PN467-50__item.webp,678,486,86.14,0.0165,,
PN470-50,PN470-50__solo.webp,678,949,0.839,5,PN470-50__item.webp,678,486,86.14,0.0165,,
PN471-50,PN471-50__solo.webp,678,949,0.839,5,PN471-50__item.webp,678,486,86.14,0.0165,,
PN472-50,PN472-50__solo.webp,678,949,0.839,5,PN472-50__item.webp,678,486,86.14,0.0165,,
PN473-50,PN473-50__solo.webp,678,949,0.84,5,PN473-50__item.webp,678,486,86.14,0.0165,,
PN474-50,PN474-50__solo.webp,678,949,0.839,5,PN474-50__item.webp,678,486,86.14,0.0165,,
PN475-50,PN475-50__solo.webp,678,949,0.839,5,PN475-50__item.webp,678,486,86.14,0.0165,,
PN476-50,PN476-50__solo.webp,678,949,0.839,5,PN476-50__item.webp,678,486,86.14,0.0165,,
PN478-50,PN478-50__solo.webp,678,949,0.839,5,PN478-50__item.webp,678,486,86.14,0.0165,,
PN479-50,PN479-50__solo.webp,678,949,0.839,5,PN479-50__item.webp,678,486,86.14,0.0165,,
PN480-50,PN480-50__solo.webp,678,949,0.839,5,PN480-50__item.webp,678,486,86.14,0.0165,,
PN481-50,PN481-50__solo.webp,678,949,0.839,5,PN481-50__item.webp,678,486,86.14,0.0165,,
PN482-50,PN482-50__solo.webp,678,949,0.839,5,PN482-50__item.webp,678,486,86.14,0.0165,,
PN483-50,PN483-50__solo.webp,1178,949,0.876,5,PN483-50__item.webp,678,486,86.14,0.0165,,
PN484-50,PN484-50__solo.webp,1178,949,0.875,5,PN484-50__item.webp,678,486,86.14,0.0165,,
PN485-50,PN485-50__solo.webp,1178,949,0.876,5,PN485-50__item.webp,678,486,86.14,0.0165,,
PN486-50,PN486-50__solo.webp,937,949,0.872,4,PN486-50__item.webp,678,486,86.14,0.0165,,
PN487-50,PN487-50__solo.webp,938,949,0.873,4,PN487-50__item.webp,678,486,86.14,0.0165,,
PN488-50,PN488-50__solo.webp,678,949,0.839,5,PN488-50__item.webp,678,486,86.14,0.0165,,
PN489-50,PN489-50__solo.webp,678,949,0.839,5,PN489-50__item.webp,678,486,86.14,0.0165,,
PN490-50,PN490-50__solo.webp,678,949,0.839,5,PN490-50__item.webp,678,486,86.14,0.0165,,
PN491-50,PN491-50__solo.webp,678,949,0.84,5,PN491-50__item.webp,678,486,86.14,0.0165,,
PN529IT,PN529IT__solo.webp,1151,824,0.774,4,PN529IT__item.webp,351,646,,,,
PN531IT,PN531IT__solo.webp,1113,852,0.79,4,PN531IT__item.webp,661,340,,,,
PN533,PN533__solo.webp,1269,910,0.894,3,PN533__item.webp,600,660,,,,
PN534IT,PN534IT__solo.webp,1136,875,0.801,4,PN534IT__item.webp,666,342,,,,
PN541,PN541__solo.webp,831,938,0.88,2,PN541__item.webp,831,537,98.04,0.0058,,
PN542,PN542__solo.webp,834,939,0.885,2,PN542__item.webp,834,540,98.04,0.0058,,
PN543,PN543__solo.webp,833,939,0.885,2,PN543__item.webp,833,537,98.04,0.0058,,
PN544,PN544__solo.webp,833,940,0.885,2,PN544__item.webp,833,539,98.04,0.0058,,
PN545,PN545__solo.webp,832,938,0.885,2,PN545__item.webp,832,537,98.04,0.0058,,
PN546,PN546__solo.webp,831,939,0.885,2,PN546__item.webp,831,538,98.04,0.0058,,
PN547,PN547__solo.webp,833,938,0.885,2,PN547__item.webp,832,538,98.04,0.0058,,
PN548,PN548__solo.webp,833,939,0.885,2,PN548__item.webp,832,540,98.04,0.0058,,
PN549,PN549__solo.webp,833,938,0.885,2,PN549__item.webp,832,538,98.04,0.0058,,
PN550,PN550__solo.webp,832,939,0.885,2,PN550__item.webp,831,539,98.04,0.0058,,
PN551,PN551__solo.webp,833,941,0.885,2,PN551__item.webp,831,540,98.04,0.0058,,
PN552,PN552__solo.webp,832,938,0.885,2,PN552__item.webp,832,537,98.04,0.0058,,
PN553,PN553__solo.webp,832,940,0.885,2,PN553__item.webp,831,538,98.04,0.0058,,
PN554,PN554__solo.webp,831,937,0.885,2,PN554__item.webp,830,537,98.04,0.0058,,
PN555,PN555__solo.webp,832,937,0.885,2,PN555__item.webp,832,536,98.04,0.0058,,
PN556,PN556__solo.webp,831,940,0.885,2,PN556__item.webp,831,540,98.04,0.0058,,
PN557,PN557__solo.webp,831,940,0.885,2,PN557__item.webp,831,541,98.04,0.0058,,
PN558,PN558__solo.webp,831,938,0.885,2,PN558__item.webp,831,539,98.04,0.0058,,
PN559,PN559__solo.webp,830,937,0.885,2,PN559__item.webp,830,539,98.04,0.0058,,
PN560,PN560__solo.webp,830,937,0.885,2,PN560__item.webp,830,539,98.04,0.0058,,
PN561,PN561__solo.webp,830,937,0.885,2,PN561__item.webp,830,538,98.04,0.0058,,
PN562,PN562__solo.webp,830,938,0.885,2,PN562__item.webp,830,539,98.04,0.0058,,
PN563-1,PN563-1__solo.webp,828,940,0.885,2,PN563-1__item.webp,828,539,98.04,0.0058,,
PN563-2,PN563-2__solo.webp,829,939,0.885,2,PN563-2__item.webp,829,538,98.04,0.0058,,
PN563-3,PN563-3__solo.webp,830,940,0.885,2,PN563-3__item.webp,830,538,98.04,0.0058,,
PN563-4,PN563-4__solo.webp,830,939,0.884,2,PN563-4__item.webp,829,538,98.04,0.0058,,
PN563-5,PN563-5__solo.webp,831,940,0.885,2,PN563-5__item.webp,830,540,98.04,0.0058,,
PN563,PN563__solo.webp,830,940,0.885,2,PN563__item.webp,830,540,98.04,0.0058,,
PN595-01,PN595-01__solo.webp,1535,943,0.994,3,PN595-01__item.webp,842,548,83.05,0.1883,,
PN595-02,PN595-02__solo.webp,1536,954,0.994,3,PN595-02__item.webp,839,558,83.05,0.1883,,
PN595-03,PN595-03__solo.webp,1536,954,0.994,3,PN595-03__item.webp,841,559,83.05,0.1883,,
PN595-04,PN595-04__solo.webp,1537,954,0.994,3,PN595-04__item.webp,841,559,83.05,0.1883,,
PN595-05,PN595-05__solo.webp,1538,951,0.994,3,PN595-05__item.webp,844,556,83.05,0.1883,,
PN595-06,PN595-06__solo.webp,1537,951,0.994,3,PN595-06__item.webp,841,553,83.05,0.1883,,
PN595-07,PN595-07__solo.webp,1537,951,0.994,3,PN595-07__item.webp,843,549,83.05,0.1883,,
PN595-08,PN595-08__solo.webp,1535,949,0.994,3,PN595-08__item.webp,837,547,83.05,0.1883,,
PN595-09,PN595-09__solo.webp,1537,951,0.994,3,PN595-09__item.webp,843,549,83.05,0.1883,,
PN595-10,PN595-10__solo.webp,1534,948,0.994,3,PN595-10__item.webp,835,551,83.05,0.1883,,
PN595-11,PN595-11__solo.webp,1536,954,0.994,3,PN595-11__item.webp,842,559,83.05,0.1883,,
PN595-12,PN595-12__solo.webp,1537,952,0.994,3,PN595-12__item.webp,842,552,83.05,0.1883,,
PN595-13,PN595-13__solo.webp,1537,951,0.994,3,PN595-13__item.webp,842,553,83.05,0.1883,,
PN595-14,PN595-14__solo.webp,1535,948,0.994,3,PN595-14__item.webp,838,547,83.05,0.1883,,
PN595-15,PN595-15__solo.webp,1536,946,0.994,3,PN595-15__item.webp,838,546,83.05,0.1883,,
PN595-16,PN595-16__solo.webp,1535,948,0.994,3,PN595-16__item.webp,838,547,83.05,0.1883,,
PN595-17,PN595-17__solo.webp,1538,953,0.994,3,PN595-17__item.webp,843,556,83.05,0.1883,,
PN595-18,PN595-18__solo.webp,1534,944,0.994,3,PN595-18__item.webp,832,544,83.05,0.1883,,
PN690-01,PN690-01__solo.webp,791,946,0.778,2,PN690-01__item.webp,791,558,95.76,0.0077,,
PN690-02,PN690-02__solo.webp,787,942,0.868,2,PN690-02__item.webp,784,550,95.76,0.0077,,
PN690-03,PN690-03__solo.webp,787,942,0.868,2,PN690-03__item.webp,784,550,95.76,0.0077,,
PN690-04,PN690-04__solo.webp,787,942,0.868,2,PN690-04__item.webp,784,550,95.76,0.0077,,
PN690-05,PN690-05__solo.webp,787,942,0.868,2,PN690-05__item.webp,784,550,95.76,0.0077,,
PN690-06,PN690-06__solo.webp,791,943,0.87,2,PN690-06__item.webp,791,559,95.76,0.0077,,
PN690-07,PN690-07__solo.webp,787,942,0.868,2,PN690-07__item.webp,784,550,95.76,0.0077,,
PN690-08,PN690-08__solo.webp,787,942,0.868,2,PN690-08__item.webp,784,550,95.76,0.0077,,
PN690-09,PN690-09__solo.webp,787,942,0.868,2,PN690-09__item.webp,784,550,95.76,0.0077,,
PN690-10,PN690-10__solo.webp,787,942,0.868,2,PN690-10__item.webp,784,550,95.76,0.0077,,
PN690-11,PN690-11__solo.webp,787,942,0.868,2,PN690-11__item.webp,784,550,95.76,0.0077,,
PN690-12,PN690-12__solo.webp,787,942,0.868,2,PN690-12__item.webp,784,550,95.76,0.0077,,
PN690-13,PN690-13__solo.webp,787,942,0.868,2,PN690-13__item.webp,784,550,95.76,0.0077,,
PN690-14,PN690-14__solo.webp,787,942,0.868,2,PN690-14__item.webp,784,550,95.76,0.0077,,
PN690-15,PN690-15__solo.webp,787,942,0.868,2,PN690-15__item.webp,784,550,95.76,0.0077,,
PN690-16,PN690-16__solo.webp,787,942,0.868,2,PN690-16__item.webp,784,550,95.76,0.0077,,
PN690-17,PN690-17__solo.webp,787,942,0.868,2,PN690-17__item.webp,784,550,95.76,0.0077,,
PN690-18,PN690-18__solo.webp,787,942,0.868,2,PN690-18__item.webp,784,550,95.76,0.0077,,
PN690-19,PN690-19__solo.webp,787,942,0.868,2,PN690-19__item.webp,784,550,95.76,0.0077,,
PN690-20,PN690-20__solo.webp,787,942,0.868,2,PN690-20__item.webp,784,550,95.76,0.0077,,
PN690-21,PN690-21__solo.webp,787,942,0.868,2,PN690-21__item.webp,784,550,95.76,0.0077,,
PN690-22,PN690-22__solo.webp,787,942,0.868,2,PN690-22__item.webp,784,550,95.76,0.0077,,
PN690-23,PN690-23__solo.webp,787,942,0.868,2,PN690-23__item.webp,784,550,95.76,0.0077,,
PN690-24,PN690-24__solo.webp,787,942,0.868,2,PN690-24__item.webp,784,550,95.76,0.0077,,
PN690-25,PN690-25__solo.webp,787,942,0.868,2,PN690-25__item.webp,784,550,95.76,0.0077,,
PN690-26,PN690-26__solo.webp,787,942,0.868,2,PN690-26__item.webp,784,550,95.76,0.0077,,
PN690-27,PN690-27__solo.webp,787,942,0.868,2,PN690-27__item.webp,784,550,95.76,0.0077,,
PN690-28,PN690-28__solo.webp,787,942,0.868,2,PN690-28__item.webp,784,550,95.76,0.0077,,
PN730,PN730__solo.webp,1455,861,0.986,6,PN730__item.webp,556,371,4.92,0.111,,
PN731,PN731__solo.webp,1457,857,0.992,5,PN731__item.webp,555,371,4.92,0.111,,
PN732,PN732__solo.webp,1455,950,0.996,6,PN732__item.webp,556,370,4.92,0.111,,
PN736,PN736__solo.webp,1457,883,0.987,10,PN736__item.webp,559,398,4.92,0.111,,
PN737,PN737__solo.webp,1455,889,0.988,10,PN737__item.webp,900,549,4.92,0.111,,
PN738,PN738__solo.webp,1458,940,0.996,6,PN738__item.webp,559,398,4.92,0.111,,
PN800,PN800__solo.webp,1123,556,0.811,2,PN800__item.webp,459,444,0.03,0.0046,,
PN801,PN801__solo.webp,1164,631,0.857,2,PN801__item.webp,533,515,0.03,0.0046,,
PN802,PN802__solo.webp,1152,617,0.863,2,PN802__item.webp,450,434,0.03,0.0046,,
PN810,PN810__solo.webp,1210,832,0.889,2,PN810__item.webp,644,372,37.42,0.1584,,
PN811,PN811__solo.webp,1186,775,0.855,2,PN811__item.webp,626,271,37.42,0.1584,,
PN812,PN812__solo.webp,1155,733,0.855,2,PN812__item.webp,594,295,37.42,0.1584,,
PN813,PN813__solo.webp,1143,764,0.861,2,PN813__item.webp,589,290,37.42,0.1584,,
PN814,PN814__solo.webp,1223,877,0.89,2,PN814__item.webp,667,377,37.42,0.1584,,
PN815,PN815__solo.webp,1216,912,0.886,3,PN815__item.webp,499,247,37.42,0.1584,,
PN816,PN816__solo.webp,1213,895,0.869,2,PN816__item.webp,803,325,37.42,0.1584,,
PN817-01,PN817-01__solo.webp,1159,929,0.906,2,PN817-01__item.webp,594,504,37.42,0.1584,,
PN817-02,PN817-02__solo.webp,1195,921,0.907,2,PN817-02__item.webp,639,491,37.42,0.1584,,
PN817-03,PN817-03__solo.webp,1161,939,0.906,2,PN817-03__item.webp,606,447,37.42,0.1584,,
PN817-04,PN817-04__solo.webp,1186,915,0.905,2,PN817-04__item.webp,649,476,37.42,0.1584,,
PN817-05,PN817-05__solo.webp,1177,918,0.91,2,PN817-05__item.webp,649,540,37.42,0.1584,,
PN820,PN820__solo.webp,1188,907,0.846,4,PN820__item.webp,292,900,37.42,0.1584,,
PN821,PN821__solo.webp,1230,917,0.873,2,PN821__item.webp,424,783,37.42,0.1584,,
PN822,PN822__solo.webp,1188,950,0.857,5,PN822__item.webp,296,900,37.42,0.1584,,
PN823,PN823__solo.webp,1204,832,0.878,4,PN823__item.webp,473,832,37.42,0.1584,,
PO001,PO001__solo.webp,1288,863,0.987,3,PO001__item.webp,467,596,79.48,0.0641,,
PO002,PO002__solo.webp,1218,858,0.977,4,PO002__item.webp,465,597,79.48,0.0641,,
PO003,PO003__solo.webp,1289,862,0.987,4,PO003__item.webp,467,599,79.48,0.0641,,
PO004,PO004__solo.webp,1289,862,0.987,4,PO004__item.webp,467,599,79.48,0.0641,,
PO005,PO005__solo.webp,1219,859,0.978,4,PO005__item.webp,467,598,79.48,0.0641,,
PO006,PO006__solo.webp,1250,870,0.982,4,PO006__item.webp,467,693,79.48,0.0641,,
PO007,PO007__solo.webp,1216,855,0.971,4,PO007__item.webp,466,598,79.48,0.0641,,
PO212,PO212__solo.webp,1397,848,0.98,4,PO212__item.webp,346,693,,,,
PO301A,PO301A__solo.webp,1433,808,0.989,3,PO301A__item.webp,627,438,22.73,0.0223,,
PO301N,PO301N__solo.webp,1112,807,0.95,2,PO301N__item.webp,616,430,22.73,0.0223,,
PO301R,PO301R__solo.webp,1123,804,0.948,3,PO301R__item.webp,621,434,22.73,0.0223,,
PO305A,PO305A__solo.webp,1424,826,0.983,4,PO305A__item.webp,216,456,21.73,0.0656,,
PO305N,PO305N__solo.webp,876,819,0.938,3,PO305N__item.webp,215,460,21.73,0.0656,,
PO305R,PO305R__solo.webp,1424,816,0.983,4,PO305R__item.webp,220,462,21.73,0.0656,,
PP001,PP001__solo.webp,1524,944,0.992,8,PP001__item.webp,159,647,21.63,0.1048,,
PP001B,PP001B__solo.webp,1533,944,0.985,7,PP001B__item.webp,153,585,21.63,0.1048,,
PP001C,PP001C__solo.webp,1528,944,0.985,6,PP001C__item.webp,154,576,21.63,0.1048,,
PP002,PP002__solo.webp,1480,946,0.985,6,PP002__item.webp,173,656,21.63,0.1048,,
PP002B,PP002B__solo.webp,1525,953,0.982,8,PP002B__item.webp,174,656,21.63,0.1048,,
PP002C,PP002C__solo.webp,1529,946,0.987,6,PP002C__item.webp,173,656,21.63,0.1048,,
PP003,PP003__solo.webp,1493,944,0.991,8,PP003__item.webp,164,600,21.63,0.1048,,
PP004,PP004__solo.webp,1390,946,0.985,6,PP004__item.webp,174,656,21.63,0.1048,,
PP004C,PP004C__solo.webp,1528,946,0.987,6,PP004C__item.webp,173,656,21.63,0.1048,,
PP006-01,PP006-01__solo.webp,1404,864,0.947,4,PP006-01__item.webp,176,689,47.9,0.0825,,
PP006,PP006__solo.webp,1527,822,0.945,4,PP006__item.webp,176,688,47.9,0.0825,,
PP007,PP007__solo.webp,1095,813,0.873,4,PP007__item.webp,603,730,,,,
PP008,PP008__solo.webp,1450,863,0.986,5,PP008__item.webp,314,719,17.46,0.1558,,
PP009,PP009__solo.webp,1446,915,0.979,6,PP009__item.webp,588,674,,,,
PP022-01,PP022-01__solo.webp,1235,780,0.979,2,PP022-01__item.webp,525,407,2.24,0.1147,,
PP022-02,PP022-02__solo.webp,1235,780,0.98,5,PP022-02__item.webp,571,458,2.24,0.1147,,
PP023-01,PP023-01__solo.webp,1205,524,0.918,3,PP023-01__item.webp,293,490,13.77,0.0647,,
PP023-02,PP023-02__solo.webp,1317,585,0.903,6,PP023-02__item.webp,359,569,13.77,0.0647,,
PP024-01,PP024-01__solo.webp,1336,652,0.904,6,PP024-01__item.webp,400,634,13.77,0.0647,,
PP024-02,PP024-02__solo.webp,1338,686,0.891,6,PP024-02__item.webp,434,686,13.77,0.0647,,
PP025-01,PP025-01__solo.webp,1403,570,0.93,2,PP025-01__item.webp,524,409,11.15,0.0999,,
PP025-02,PP025-02__solo.webp,1441,585,0.922,4,PP025-02__item.webp,571,460,11.15,0.0999,,
PP028-01,PP028-01__solo.webp,1527,660,0.981,2,PP028-01__item.webp,900,490,87.65,0.0061,,
PP028-02,PP028-02__solo.webp,1527,660,0.981,2,PP028-02__item.webp,900,490,87.65,0.0061,,
PP029-01,PP029-01__solo.webp,1368,712,0.968,2,PP029-01__item.webp,640,433,48.81,0.0071,,
PP029-02,PP029-02__solo.webp,1302,713,0.945,2,PP029-02__item.webp,641,433,48.81,0.0071,,
PP031,PP031__solo.webp,1521,848,0.969,5,PP031__item.webp,131,545,5.63,0.0195,,
PP031B,PP031B__solo.webp,1488,940,0.972,5,PP031B__item.webp,131,552,5.63,0.0195,,
PP038-01,PP038-01__solo.webp,1528,944,0.994,5,PP038-01__item.webp,532,362,0,0,,
PP039-01,PP039-01__solo.webp,1529,944,0.995,4,PP039-01__item.webp,532,362,0,0,,
PP040,PP040__solo.webp,1185,904,0.909,4,PP040__item.webp,900,237,,,,
PP041,PP041__solo.webp,1179,905,0.914,4,PP041__item.webp,900,240,,,,
PP046,PP046__solo.webp,1258,904,0.981,4,PP046__item.webp,198,663,4.76,0.1304,,
PP047,PP047__solo.webp,1278,903,0.984,4,PP047__item.webp,243,785,4.76,0.1304,,
PP048,PP048__solo.webp,1255,913,0.979,4,PP048__item.webp,197,672,8.88,0.1338,,
PP049,PP049__solo.webp,1277,903,0.979,4,PP049__item.webp,242,788,8.88,0.1338,,
PP050-S,PP050-S__solo.webp,1527,825,0.982,5,PP050-S__p1.webp,462,677,21.63,0.1048,,
PP051,PP051__solo.webp,1325,942,0.982,3,PP051__item.webp,265,811,13.31,0.1381,,
PP052,PP052__solo.webp,1404,911,0.982,3,PP052__item.webp,245,727,13.31,0.1381,,
PP053,PP053__solo.webp,1431,915,0.986,3,PP053__item.webp,284,875,13.31,0.1381,,
PP054,PP054__solo.webp,1474,933,0.987,3,PP054__item.webp,311,900,13.31,0.1381,,
PP058,PP058__solo.webp,1528,946,0.985,5,PP058__item.webp,149,814,13.79,0.1243,,
PP059,PP059__solo.webp,1429,915,0.985,4,PP059__item.webp,120,655,13.79,0.1243,,
PP060,PP060__solo.webp,1529,930,0.994,4,PP060__item.webp,521,295,,,,
PP061-01,PP061-01__solo.webp,1216,902,0.977,3,PP061-01__p1.webp,598,643,45.86,0.1859,,
PP061-02,PP061-02__solo.webp,1170,934,0.833,2,PP061-02__p1.webp,614,647,45.86,0.1859,,
PP061-03,PP061-03__solo.webp,1359,909,0.984,2,PP061-03__p1.webp,614,646,45.86,0.1859,,
PP061-04,PP061-04__solo.webp,1218,902,0.977,3,PP061-04__item.webp,715,821,45.86,0.1859,,
PP061-05,PP061-05__solo.webp,1451,992,0.984,2,PP061-05__item.webp,526,900,45.86,0.1859,,
PP062-01,PP062-01__solo.webp,986,913,0.942,3,PP062-01__item.webp,488,827,52.5,0.0927,,
PP062-02,PP062-02__solo.webp,986,912,0.924,3,PP062-02__item.webp,484,825,52.5,0.0927,,
PP062-03,PP062-03__solo.webp,1529,940,0.986,4,PP062-03__item.webp,497,854,52.5,0.0927,,
PP062-04,PP062-04__solo.webp,1528,914,0.985,3,PP062-04__item.webp,488,830,52.5,0.0927,,
PP062-05,PP062-05__solo.webp,1402,977,0.977,3,PP062-05__item.webp,371,872,52.5,0.0927,,
PP065,PP065__solo.webp,1291,905,0.979,5,PP065__item.webp,246,569,17.46,0.1558,,
PP066,PP066__solo.webp,1361,934,0.983,4,PP066__item.webp,309,708,17.46,0.1558,,
PP067,PP067__solo.webp,1418,942,0.987,4,PP067__item.webp,403,851,17.46,0.1558,,
PP068,PP068__solo.webp,1436,964,0.985,4,PP068__item.webp,408,900,17.46,0.1558,,
PP072,PP072__solo.webp,1528,899,0.987,4,PP072__item.webp,286,647,,,,
PP073,PP073__solo.webp,1528,900,0.985,5,PP073__item.webp,210,868,4.29,0.0935,,
PP075,PP075__solo.webp,1528,942,0.988,4,PP075__item.webp,275,827,4.29,0.0935,,
PP076,PP076__solo.webp,1528,899,0.986,5,PP076__item.webp,285,649,,,,
PP077,PP077__solo.webp,1528,899,0.985,3,PP077__item.webp,225,900,,,,
PP078,PP078__solo.webp,1529,899,0.988,7,PP078__item.webp,597,872,,,,
PP085,PP085__solo.webp,1528,958,0.986,6,PP085__item.webp,275,628,17.46,0.1558,,
PP086,PP086__solo.webp,1528,966,0.985,6,PP086__item.webp,470,614,17.46,0.1558,,
PP088,PP088__solo.webp,1523,945,0.988,6,PP088__item.webp,383,592,17.46,0.1558,,
PP110,PP110__solo.webp,1528,900,0.994,4,PP110__item.webp,253,824,5.75,0.1143,,
PP111,PP111__solo.webp,1528,939,0.986,5,PP111__item.webp,293,834,5.75,0.1143,,
PP112,PP112__solo.webp,1528,868,0.982,4,PP112__item.webp,221,871,,,,
PP151,PP151__solo.webp,1218,733,0.928,2,PP151__item.webp,574,366,54.57,0.1323,,
PP152,PP152__solo.webp,1285,896,0.946,2,PP152__item.webp,764,558,54.57,0.1323,,
PP153,PP153__solo.webp,1447,943,0.952,2,PP153__item.webp,769,432,54.57,0.1323,,
PP154-01,PP154-01__solo.webp,1243,897,0.951,3,PP154-01__item.webp,689,534,54.57,0.1323,,
PP154-02,PP154-02__solo.webp,1531,938,0.956,2,PP154-02__item.webp,507,684,54.57,0.1323,,
PP155-01,PP155-01__solo.webp,1283,938,0.948,2,PP155-01__item.webp,900,366,,,,
PP156-12,PP156-12__solo.webp,1529,871,0.992,4,PP156-12__item.webp,144,791,0.04,0.0134,,
PP156-24,PP156-24__solo.webp,1531,774,0.992,4,PP156-24__item.webp,143,791,0.04,0.0134,,
PP157-12,PP157-12__solo.webp,1525,938,0.967,4,PP157-12__item.webp,120,623,0.41,0.0163,,
PP157-24,PP157-24__solo.webp,1528,940,0.964,2,PP157-24__item.webp,120,624,0.41,0.0163,,
PP157-36,PP157-36__solo.webp,1524,940,0.966,3,PP157-36__item.webp,119,623,0.41,0.0163,,
PP162-01,PP162-01__solo.webp,1115,930,0.926,4,PP162-01__item.webp,416,319,18.66,0.1146,,
PP162-02,PP162-02__solo.webp,1523,948,0.933,5,PP162-02__item.webp,423,325,18.66,0.1146,,
PP162-03,PP162-03__solo.webp,1526,947,0.934,5,PP162-03__item.webp,418,328,18.66,0.1146,,
PP162-05,PP162-05__solo.webp,1530,947,0.933,5,PP162-05__item.webp,423,341,18.66,0.1146,,
PP171,PP171__solo.webp,1161,938,0.926,5,PP171__item.webp,900,792,,,,
PP172,PP172__solo.webp,1166,953,0.927,5,PP172__item.webp,900,352,,,,
PP173,PP173__solo.webp,1162,946,0.914,5,PP173__item.webp,549,797,,,,
PP174,PP174__solo.webp,1166,939,0.932,6,PP174__item.webp,380,299,,,,
PP175,PP175__solo.webp,1122,941,0.94,5,PP175__item.webp,900,827,,,,
PP176,PP176__solo.webp,1103,941,0.939,4,PP176__item.webp,356,312,,,,
PP177,PP177__solo.webp,1104,939,0.938,5,PP177__item.webp,900,478,,,,
PP178,PP178__solo.webp,1103,942,0.935,5,PP178__item.webp,851,900,,,,
PP179,PP179__solo.webp,1531,947,0.993,6,PP179__item.webp,886,752,,,,
PP190,PP190__solo.webp,1154,944,0.946,4,PP190__item.webp,454,302,,,,
PP191,PP191__solo.webp,1156,944,0.946,3,PP191__item.webp,889,900,,,,
PP192,PP192__solo.webp,1161,949,0.943,5,PP192__item.webp,900,613,,,,
PP193,PP193__solo.webp,1162,944,0.946,4,PP193__item.webp,900,849,,,,
PP194,PP194__solo.webp,855,927,0.93,3,PP194__item.webp,149,68,,,,
PP195,PP195__solo.webp,867,926,0.917,3,PP195__item.webp,367,795,,,,
PP204-12,PP204-12__solo.webp,1528,903,0.958,4,PP204-12__item.webp,162,699,1.13,0.0488,,
PP204-6,PP204-6__solo.webp,1528,672,0.944,3,PP204-6__item.webp,162,699,1.13,0.0488,,
PP205-6,PP205-6__solo.webp,1528,949,0.984,5,PP205-6__item.webp,328,749,,,,
PP206-12,PP206-12__solo.webp,1528,906,0.959,4,PP206-12__item.webp,162,712,0.96,0.0479,,
PP206-6,PP206-6__solo.webp,1528,759,0.946,4,PP206-6__item.webp,162,711,0.96,0.0479,,
PP207-12,PP207-12__solo.webp,1527,943,0.988,4,PP207-12__item.webp,164,690,0.17,0.01,,
PP207-6,PP207-6__solo.webp,1528,944,0.984,4,PP207-6__item.webp,164,691,0.17,0.01,,
PP214,PP214__solo.webp,1278,855,0.988,3,PP214__item.webp,661,613,19.52,0.1584,,
PP214G,PP214G__solo.webp,1315,835,0.994,3,PP214G__item.webp,680,623,19.52,0.1584,,
PP214M,PP214M__solo.webp,1394,812,0.994,3,PP214M__item.webp,844,508,19.52,0.1584,,
PP215,PP215__solo.webp,863,912,0.677,7,PP215__item.webp,863,746,,,,
PP217,PP217__solo.webp,125,852,0.436,2,PP217__item.webp,125,665,,,,
PP218,PP218__solo.webp,1509,767,0.984,4,PP218__item.webp,781,440,,,,
PP219,PP219__solo.webp,1217,932,0.992,3,PP219__item.webp,548,695,,,,
PP220,PP220__solo.webp,1345,900,0.984,3,PP220__item.webp,900,123,80.69,0.1257,,
PP221,PP221__solo.webp,1382,901,0.986,4,PP221__item.webp,900,134,80.69,0.1257,,
PP222,PP222__solo.webp,1304,901,0.988,2,PP222__item.webp,838,321,41.59,0.1756,,
PP225,PP225__solo.webp,1529,900,0.968,4,PP225__item.webp,851,296,,,,
PP226,PP226__solo.webp,1528,899,0.968,7,PP226__item.webp,768,304,,,,
PP227,PP227__solo.webp,1532,900,0.967,7,PP227__item.webp,770,302,,,,
PP228,PP228__solo.webp,1533,900,0.966,7,PP228__item.webp,773,312,,,,
PP230,PP230__solo.webp,1482,922,0.968,5,PP230__item.webp,900,173,,,,
PP231,PP231__solo.webp,1482,921,0.968,6,PP231__item.webp,900,208,,,,
PP232,PP232__solo.webp,1481,922,0.972,6,PP232__item.webp,900,40,8.27,0.1479,,
PP233,PP233__solo.webp,1485,922,0.963,6,PP233__item.webp,900,47,8.27,0.1479,,
PP234,PP234__solo.webp,1481,922,0.962,5,PP234__item.webp,900,191,,,,
PP235,PP235__solo.webp,1482,922,0.969,6,PP235__item.webp,900,196,,,,
PP249,PP249__solo.webp,1537,749,0.773,4,PP249__item.webp,722,172,,,,
PP250,PP250__solo.webp,1536,749,0.744,4,PP250__item.webp,673,84,,,,
PP251-C,PP251-C__solo.webp,1532,945,0.991,4,PP251-C__item.webp,208,59,8.95,0.1372,,
PP251,PP251__solo.webp,1527,944,0.971,4,PP251__item.webp,758,101,8.95,0.1372,,
PP252,PP252__solo.webp,1528,943,0.971,4,PP252__item.webp,781,180,,,,
PP253,PP253__solo.webp,1528,944,0.971,4,PP253__item.webp,781,180,,,,
PP254,PP254__solo.webp,992,900,0.899,3,PP254__item.webp,348,900,,,,
PP255-01,PP255-01__solo.webp,1528,867,0.953,4,PP255-01__item.webp,22,727,39.64,0.086,,
PP255-02,PP255-02__solo.webp,1525,870,0.949,3,PP255-02__item.webp,21,726,39.64,0.086,,
PP255-03,PP255-03__solo.webp,1532,870,0.953,3,PP255-03__item.webp,21,726,39.64,0.086,,
PP255-04,PP255-04__solo.webp,1528,869,0.949,3,PP255-04__item.webp,21,726,39.64,0.086,,
PP255-05,PP255-05__solo.webp,1531,868,0.949,4,PP255-05__item.webp,21,727,39.64,0.086,,
PP256-01,PP256-01__solo.webp,1528,896,0.969,8,PP256-01__item.webp,50,671,31.77,0.0327,,
PP256-02,PP256-02__solo.webp,1530,894,0.969,8,PP256-02__item.webp,49,670,31.77,0.0327,,
PP256-03,PP256-03__solo.webp,1532,894,0.965,8,PP256-03__item.webp,50,669,31.77,0.0327,,
PP256-04,PP256-04__solo.webp,1531,894,0.969,8,PP256-04__item.webp,49,669,31.77,0.0327,,
PP256-05,PP256-05__solo.webp,1532,891,0.967,8,PP256-05__item.webp,49,669,31.77,0.0327,,
PP256-06,PP256-06__solo.webp,1532,891,0.967,8,PP256-06__item.webp,49,669,31.77,0.0327,,
PP260-12,PP260-12__solo.webp,1124,939,0.946,4,PP260-12__item.webp,448,900,2.68,0.1106,,
PP260-24,PP260-24__solo.webp,1179,940,0.954,4,PP260-24__item.webp,450,900,2.68,0.1106,,
PP261-02,PP261-02__solo.webp,1526,861,0.972,4,PP261-02__item.webp,287,571,0.82,0.0002,,
PP261-03,PP261-03__solo.webp,1478,939,0.972,3,PP261-03__item.webp,288,571,0.82,0.0002,,
PP262D-01,PP262D-01__solo.webp,1504,854,0.991,4,PP262D-01__item.webp,396,685,0.32,0.1912,,
PP262I-01,PP262I-01__solo.webp,1504,855,0.991,4,PP262I-01__item.webp,400,685,0.32,0.1912,,
PP264-12,PP264-12__solo.webp,1221,938,0.952,2,PP264-12__item.webp,725,644,12.19,0.1669,,
PP264-18,PP264-18__solo.webp,1530,938,0.993,2,PP264-18__item.webp,838,768,12.19,0.1669,,
PP264-24,PP264-24__solo.webp,1225,938,0.955,2,PP264-24__item.webp,727,780,12.19,0.1669,,
PP264-36,PP264-36__solo.webp,1527,934,0.992,3,PP264-36__item.webp,900,622,12.19,0.1669,,
PP275-C,PP275-C__solo.webp,1527,903,0.978,6,PP275-C__item.webp,561,75,10.18,0.1414,,
PP275,PP275__solo.webp,1530,901,0.957,5,PP275__item.webp,560,75,10.18,0.1414,,
PP276,PP276__solo.webp,1528,898,0.978,5,,,,10.18,0.1414,,
PP277,PP277__solo.webp,1529,900,0.957,5,PP277__item.webp,555,66,10.18,0.1414,,
PP278-01,PP278-01__solo.webp,1530,898,0.962,3,PP278-01__item.webp,689,91,4.68,0.1004,,
PP278-01C,PP278-01C__solo.webp,1534,904,0.977,4,PP278-01C__item.webp,689,91,4.68,0.1004,,
PP278-02,PP278-02__solo.webp,1529,899,0.964,3,PP278-02__item.webp,705,96,4.68,0.1004,,
PP278-03,PP278-03__solo.webp,1529,899,0.963,3,PP278-03__item.webp,662,129,4.68,0.1004,,
PP279-1,PP279-1__solo.webp,1530,901,0.971,5,,,,41.59,0.1756,,
PP279,PP279__solo.webp,1528,902,0.969,5,,,,41.59,0.1756,,
PP280,PP280__solo.webp,1537,919,0.959,5,PP280__item.webp,785,150,,,,
PP281,PP281__solo.webp,1537,919,0.872,4,PP281__item.webp,900,158,,,,
PP282,PP282__solo.webp,1537,919,0.966,5,PP282__item.webp,900,186,,,,
PP283,PP283__solo.webp,1537,919,0.968,5,PP283__item.webp,900,215,,,,
PP284,PP284__solo.webp,1537,919,0.96,5,PP284__item.webp,900,19,29.25,0.1619,,
PP285,PP285__solo.webp,1536,919,0.845,4,PP285__item.webp,900,21,29.25,0.1619,,
PP286,PP286__solo.webp,1537,919,0.855,4,PP286__item.webp,900,26,31.8,0.2078,,
PP287,PP287__solo.webp,1537,919,0.961,5,PP287__item.webp,900,34,31.8,0.2078,,
PP288-01,PP288-01__solo.webp,1527,877,0.968,3,PP288-01__item.webp,430,799,1.83,0.0422,,
PP288-02,PP288-02__solo.webp,1525,884,0.969,3,PP288-02__item.webp,430,802,1.83,0.0422,,
PP288-03,PP288-03__solo.webp,1529,883,0.969,3,PP288-03__item.webp,428,799,1.83,0.0422,,
PP288-04,PP288-04__solo.webp,1529,883,0.969,3,PP288-04__item.webp,430,800,1.83,0.0422,,
PP288-05,PP288-05__solo.webp,1529,888,0.969,3,PP288-05__item.webp,429,801,1.83,0.0422,,
PP288-06,PP288-06__solo.webp,1527,889,0.969,3,PP288-06__item.webp,429,799,1.83,0.0422,,
PP288-07,PP288-07__solo.webp,1529,890,0.97,3,PP288-07__item.webp,431,804,1.83,0.0422,,
PP288-08,PP288-08__solo.webp,1524,891,0.981,3,PP288-08__item.webp,430,800,1.83,0.0422,,
PP288-09,PP288-09__solo.webp,1531,895,0.981,3,PP288-09__item.webp,435,791,1.83,0.0422,,
PP290-01,PP290-01__solo.webp,1526,869,0.961,8,PP290-01__item.webp,53,786,11.84,0.034,,
PP290-02,PP290-02__solo.webp,1529,878,0.962,8,PP290-02__item.webp,53,786,11.84,0.034,,
PP290-03,PP290-03__solo.webp,1530,881,0.962,8,PP290-03__item.webp,53,786,11.84,0.034,,
PP290-04,PP290-04__solo.webp,1529,887,0.976,8,PP290-04__item.webp,53,786,11.84,0.034,,
PP290-05,PP290-05__solo.webp,1529,884,0.977,8,PP290-05__item.webp,54,781,11.84,0.034,,
PP290-06,PP290-06__solo.webp,1529,890,0.977,8,PP290-06__item.webp,54,791,11.84,0.034,,
PP291-01,PP291-01__solo.webp,1525,931,0.96,5,PP291-01__item.webp,126,705,24.16,0.0382,,
PP291-03,PP291-03__solo.webp,1521,929,0.955,5,PP291-03__item.webp,124,704,24.16,0.0382,,
PP291-05,PP291-05__solo.webp,1520,947,0.956,5,PP291-05__item.webp,126,706,24.16,0.0382,,
PP296-01,PP296-01__solo.webp,1528,851,0.972,3,PP296-01__item.webp,54,604,16.17,0.0383,,
PP296-02,PP296-02__solo.webp,1527,856,0.974,3,PP296-02__item.webp,54,604,16.17,0.0383,,
PP296-03,PP296-03__solo.webp,1529,855,0.974,3,PP296-03__item.webp,54,604,16.17,0.0383,,
PP296-04,PP296-04__solo.webp,1527,855,0.974,3,PP296-04__item.webp,54,604,16.17,0.0383,,
PP296-05,PP296-05__solo.webp,1528,859,0.975,3,PP296-05__item.webp,54,604,16.17,0.0383,,
PP296-06,PP296-06__solo.webp,1529,870,0.973,3,PP296-06__item.webp,54,604,16.17,0.0383,,
PP296-07,PP296-07__solo.webp,1528,872,0.973,3,PP296-07__item.webp,54,604,16.17,0.0383,,
PP296-08,PP296-08__solo.webp,1528,880,0.973,3,PP296-08__item.webp,55,604,16.17,0.0383,,
PP296-09,PP296-09__solo.webp,1531,876,0.977,3,PP296-09__item.webp,54,604,16.17,0.0383,,
PP296-10,PP296-10__solo.webp,1528,885,0.976,3,PP296-10__item.webp,54,604,16.17,0.0383,,
PP296-11,PP296-11__solo.webp,1528,891,0.982,3,PP296-11__item.webp,54,604,16.17,0.0383,,
PP297-01,PP297-01__solo.webp,1529,862,0.974,4,PP297-01__item.webp,33,589,16.8,0.0364,,
PP297-02,PP297-02__solo.webp,1529,863,0.974,4,PP297-02__item.webp,33,589,16.8,0.0364,,
PP297-03,PP297-03__solo.webp,1528,865,0.974,4,PP297-03__item.webp,33,589,16.8,0.0364,,
PP297-04,PP297-04__solo.webp,1528,869,0.972,4,PP297-04__item.webp,33,589,16.8,0.0364,,
PP297-05,PP297-05__solo.webp,1528,879,0.975,4,PP297-05__item.webp,33,591,16.8,0.0364,,
PP297-06,PP297-06__solo.webp,1528,874,0.972,4,PP297-06__item.webp,32,590,16.8,0.0364,,
PP297-07,PP297-07__solo.webp,1528,867,0.975,4,PP297-07__item.webp,32,590,16.8,0.0364,,
PP297-08,PP297-08__solo.webp,1528,869,0.973,4,PP297-08__item.webp,32,590,16.8,0.0364,,
PP297-09,PP297-09__solo.webp,1528,873,0.976,4,PP297-09__item.webp,32,590,16.8,0.0364,,
PP297-10,PP297-10__solo.webp,1528,877,0.974,4,PP297-10__item.webp,32,590,16.8,0.0364,,
PP297-11,PP297-11__solo.webp,1528,883,0.982,3,PP297-11__item.webp,32,590,16.8,0.0364,,
PP298-01,PP298-01__solo.webp,1528,854,0.972,3,PP298-01__item.webp,36,575,38.22,0.1037,,
PP298-02,PP298-02__solo.webp,1528,854,0.974,3,PP298-02__item.webp,36,575,38.22,0.1037,,
PP298-03,PP298-03__solo.webp,1529,857,0.974,3,PP298-03__item.webp,36,575,38.22,0.1037,,
PP298-04,PP298-04__solo.webp,1527,854,0.974,3,PP298-04__item.webp,36,575,38.22,0.1037,,
PP298-05,PP298-05__solo.webp,1528,857,0.974,3,PP298-05__item.webp,36,575,38.22,0.1037,,
PP298-06,PP298-06__solo.webp,1528,864,0.972,3,PP298-06__item.webp,36,576,38.22,0.1037,,
PP298-07,PP298-07__solo.webp,1529,867,0.973,3,PP298-07__item.webp,37,575,38.22,0.1037,,
PP298-08,PP298-08__solo.webp,1527,871,0.979,3,PP298-08__item.webp,36,575,38.22,0.1037,,
PP298-09,PP298-09__solo.webp,1528,867,0.98,3,PP298-09__item.webp,36,575,38.22,0.1037,,
PP298-10,PP298-10__solo.webp,1529,877,0.982,3,PP298-10__item.webp,37,575,38.22,0.1037,,
PP298-11,PP298-11__solo.webp,1529,880,0.982,3,PP298-11__item.webp,37,575,38.22,0.1037,,
PP340-01,PP340-01__solo.webp,1526,911,0.956,3,,,,38.22,0.1037,,
PP340-02,PP340-02__solo.webp,1525,920,0.956,3,,,,38.22,0.1037,,
PP340-03,PP340-03__solo.webp,1527,921,0.957,3,,,,38.22,0.1037,,
PP340-04,PP340-04__solo.webp,1527,941,0.965,3,,,,38.22,0.1037,,
PP340-05,PP340-05__solo.webp,1529,959,0.969,3,,,,38.22,0.1037,,
PP340-06,PP340-06__solo.webp,1527,968,0.96,3,,,,38.22,0.1037,,
PP340-07,PP340-07__solo.webp,1525,967,0.957,3,,,,38.22,0.1037,,
PP341-01,PP341-01__solo.webp,1514,887,0.945,3,PP341-01__item.webp,56,676,60.57,0.0417,,
PP341-02,PP341-02__solo.webp,1516,888,0.95,3,PP341-02__item.webp,56,679,60.57,0.0417,,
PP341-03,PP341-03__solo.webp,1520,898,0.947,3,PP341-03__item.webp,57,695,60.57,0.0417,,
PP342-01,PP342-01__solo.webp,1529,880,0.963,3,PP342-01__item.webp,101,721,37.36,0.0768,,
PP342-02,PP342-02__solo.webp,1529,868,0.966,3,PP342-02__item.webp,101,721,37.36,0.0768,,
PP342-03,PP342-03__solo.webp,1535,883,0.967,3,PP342-03__item.webp,101,721,37.36,0.0768,,
PP342-04,PP342-04__solo.webp,1526,876,0.968,3,PP342-04__item.webp,178,721,37.36,0.0768,,
PP342-05,PP342-05__solo.webp,1526,894,0.968,3,PP342-05__item.webp,102,720,37.36,0.0768,,
PP343-01,PP343-01__solo.webp,1530,864,0.963,6,PP343-01__item.webp,88,730,29.65,0.0712,,
PP343-02,PP343-02__solo.webp,1527,873,0.964,6,PP343-02__item.webp,87,731,29.65,0.0712,,
PP343-03,PP343-03__solo.webp,1530,881,0.96,6,PP343-03__item.webp,88,730,29.65,0.0712,,
PP343-04,PP343-04__solo.webp,1530,886,0.964,6,PP343-04__item.webp,87,731,29.65,0.0712,,
PP343-05,PP343-05__solo.webp,1527,906,0.962,6,PP343-05__item.webp,82,719,29.65,0.0712,,
PP345-01,PP345-01__solo.webp,1531,876,0.971,3,PP345-01__item.webp,36,557,13.43,0.0433,,
PP345-02,PP345-02__solo.webp,1531,879,0.973,3,PP345-02__item.webp,36,557,13.43,0.0433,,
PP345-03,PP345-03__solo.webp,1530,881,0.973,3,PP345-03__item.webp,36,557,13.43,0.0433,,
PP345-04,PP345-04__solo.webp,1529,883,0.971,3,PP345-04__item.webp,36,557,13.43,0.0433,,
PP345-05,PP345-05__solo.webp,1528,881,0.974,3,PP345-05__item.webp,36,557,13.43,0.0433,,
PP345-06,PP345-06__solo.webp,1527,883,0.972,3,PP345-06__item.webp,33,531,13.43,0.0433,,
PP345-07,PP345-07__solo.webp,1530,882,0.971,3,PP345-07__item.webp,37,557,13.43,0.0433,,
PP345-08,PP345-08__solo.webp,1531,889,0.971,3,PP345-08__item.webp,37,556,13.43,0.0433,,
PP345-09,PP345-09__solo.webp,1529,898,0.975,3,PP345-09__item.webp,37,557,13.43,0.0433,,
PP345-10,PP345-10__solo.webp,1528,900,0.981,3,PP345-10__item.webp,37,557,13.43,0.0433,,
PP345-11,PP345-11__solo.webp,1527,908,0.977,3,PP345-11__item.webp,36,557,13.43,0.0433,,
PP345-12,PP345-12__solo.webp,1531,909,0.975,3,PP345-12__item.webp,37,557,13.43,0.0433,,
PP345-13,PP345-13__solo.webp,1528,910,0.977,3,PP345-13__item.webp,37,557,13.43,0.0433,,
PP347-01,PP347-01__solo.webp,1528,877,0.963,6,PP347-01__item.webp,21,563,11.6,0.0274,,
PP347-02,PP347-02__solo.webp,1285,871,0.55,5,PP347-02__item.webp,21,563,11.6,0.0274,,
PP347-03,PP347-03__solo.webp,1528,871,0.966,6,PP347-03__item.webp,21,563,11.6,0.0274,,
PP347-04,PP347-04__solo.webp,1285,873,0.556,5,PP347-04__item.webp,22,565,11.6,0.0274,,
PP347-05,PP347-05__solo.webp,1285,874,0.557,4,PP347-05__item.webp,21,563,11.6,0.0274,,
PP347-06,PP347-06__solo.webp,1285,877,0.555,4,PP347-06__item.webp,21,563,11.6,0.0274,,
PP347-07,PP347-07__solo.webp,1287,873,0.558,5,PP347-07__item.webp,21,563,11.6,0.0274,,
PP347-08,PP347-08__solo.webp,1290,875,0.563,5,PP347-08__item.webp,21,563,11.6,0.0274,,
PP347-09,PP347-09__solo.webp,1290,879,0.571,5,PP347-09__item.webp,21,563,11.6,0.0274,,
PP347-10,PP347-10__solo.webp,1528,877,0.963,6,PP347-10__item.webp,21,563,11.6,0.0274,,
PP347-11,PP347-11__solo.webp,1528,879,0.966,6,PP347-11__item.webp,21,563,11.6,0.0274,,
PP347-12,PP347-12__solo.webp,1292,884,0.583,5,PP347-12__item.webp,21,563,11.6,0.0274,,
PP347-13,PP347-13__solo.webp,1528,876,0.966,6,PP347-13__item.webp,21,563,11.6,0.0274,,
PP347-14,PP347-14__solo.webp,1287,879,0.592,5,PP347-14__item.webp,21,563,11.6,0.0274,,
PP386-01,PP386-01__solo.webp,1549,933,0.977,5,PP386-01__item.webp,868,69,20.37,0.1431,,
PP386-02,PP386-02__solo.webp,1542,928,0.973,7,PP386-02__item.webp,852,52,20.37,0.1431,,
PP386-03,PP386-03__solo.webp,1551,928,0.973,6,PP386-03__item.webp,750,41,20.37,0.1431,,
PP387-01,PP387-01__solo.webp,1548,933,0.98,3,PP387-01__item.webp,900,302,19.6,0.1764,,
PP387-02,PP387-02__solo.webp,1544,933,0.98,6,PP387-02__item.webp,900,81,19.6,0.1764,,
PP387-03,PP387-03__solo.webp,1553,933,0.98,6,PP387-03__item.webp,900,157,19.6,0.1764,,
PP388-01,PP388-01__solo.webp,1549,933,0.975,4,PP388-01__item.webp,900,44,17.94,0.1406,,
PP388-02,PP388-02__solo.webp,1544,933,0.975,5,PP388-02__item.webp,900,57,17.94,0.1406,,
PP389-01,PP389-01__solo.webp,1542,933,0.973,6,PP389-01__item.webp,862,252,19.6,0.1764,,
PP389-02,PP389-02__solo.webp,1540,933,0.979,7,PP389-02__item.webp,896,136,19.6,0.1764,,
PP389-03,PP389-03__solo.webp,1540,933,0.975,6,PP389-03__item.webp,298,900,19.6,0.1764,,
PP390-01,PP390-01__solo.webp,1537,919,0.961,5,PP390-01__item.webp,900,46,9.82,0.1487,,
PP390-02,PP390-02__solo.webp,1537,919,0.963,5,PP390-02__item.webp,900,31,9.82,0.1487,,
PP391-01,PP391-01__solo.webp,1537,919,0.966,5,PP391-01__item.webp,900,46,5.59,0.1008,,
PP391-02,PP391-02__solo.webp,1540,920,0.968,5,PP391-02__item.webp,900,47,5.59,0.1008,,
PP392-01,PP392-01__solo.webp,1539,919,0.966,5,PP392-01__item.webp,900,46,23.46,0.1259,,
PP392-02,PP392-02__solo.webp,1537,919,0.965,5,PP392-02__item.webp,900,44,23.46,0.1259,,
PP393-01,PP393-01__solo.webp,1537,919,0.967,5,PP393-01__item.webp,900,45,9.31,0.1335,,
PP393-02,PP393-02__solo.webp,1537,919,0.965,5,PP393-02__item.webp,900,33,9.31,0.1335,,
PP394-01,PP394-01__solo.webp,1537,919,0.965,5,PP394-01__item.webp,900,36,8.96,0.1643,,
PP394-02,PP394-02__solo.webp,1540,919,0.968,5,PP394-02__item.webp,900,49,8.96,0.1643,,
PP395-01,PP395-01__solo.webp,1539,919,0.859,4,PP395-01__item.webp,900,47,5.7,0.1501,,
PP395-02,PP395-02__solo.webp,1542,919,0.863,4,PP395-02__item.webp,900,48,5.7,0.1501,,
PP396-01,PP396-01__solo.webp,1541,919,0.968,5,PP396-01__item.webp,900,48,9.76,0.0928,,
PP396-02,PP396-02__solo.webp,1537,919,0.969,5,PP396-02__item.webp,900,42,9.76,0.0928,,
PP397-01,PP397-01__solo.webp,1541,919,0.961,5,PP397-01__item.webp,900,46,0.86,0.115,,
PP397-02,PP397-02__solo.webp,1540,919,0.969,5,PP397-02__item.webp,900,39,0.86,0.115,,
PP398-01,PP398-01__solo.webp,1538,919,0.969,5,PP398-01__item.webp,900,42,19.77,0.115,,
PP398-02,PP398-02__solo.webp,1537,919,0.966,5,PP398-02__item.webp,900,42,19.77,0.115,,
PP399-01,PP399-01__solo.webp,1542,919,0.966,5,PP399-01__item.webp,900,40,23.46,0.1259,,
PP399-02,PP399-02__solo.webp,1539,919,0.863,4,,,,23.46,0.1259,,
PP399-03,PP399-03__solo.webp,1544,919,0.971,5,PP399-03__item.webp,900,41,23.46,0.1259,,
PP401,PP401__solo.webp,1523,935,0.972,2,PP401__item.webp,900,484,7.64,0.116,,
PP401R,PP401R__solo.webp,1527,925,0.964,2,PP401R__item.webp,885,451,7.64,0.116,,
PP402,PP402__solo.webp,1393,894,0.968,2,PP402__item.webp,849,449,7.64,0.116,,
PP402R,PP402R__solo.webp,1524,924,0.962,2,PP402R__item.webp,885,450,7.64,0.116,,
PP403,PP403__solo.webp,1360,824,0.993,2,PP403__item.webp,689,542,,,,
PP404,PP404__solo.webp,1386,818,0.991,4,PP404__item.webp,758,560,,,,
PP405,PP405__solo.webp,1206,852,0.955,2,PP405__item.webp,705,524,,,,
PP409,PP409__solo.webp,472,776,0.769,2,PP409__item.webp,232,779,,,,
PP410,PP410__solo.webp,461,938,0.773,2,PP410__item.webp,201,900,,,,
PP412,PP412__solo.webp,1398,853,0.992,3,PP412__item.webp,532,652,,,,
PP413,PP413__solo.webp,1281,818,0.987,4,PP413__item.webp,706,477,16.06,0.1346,,
PP414,PP414__solo.webp,1254,819,0.993,3,PP414__item.webp,660,534,,,,
PP415,PP415__solo.webp,1173,756,0.984,3,PP415__item.webp,651,646,,,,
PP416,PP416__solo.webp,1248,819,0.983,3,PP416__item.webp,701,340,16.06,0.1346,,
PP417,PP417__solo.webp,1184,819,0.984,4,PP417__item.webp,574,342,16.06,0.1346,,
PP418,PP418__solo.webp,1178,795,0.978,5,PP418__item.webp,553,286,,,,
PP419,PP419__solo.webp,1178,818,0.982,3,PP419__item.webp,533,369,16.06,0.1346,,
PP421,PP421__solo.webp,1377,915,0.993,4,PP421__item.webp,900,545,,,,
PP425,PP425__solo.webp,1401,886,0.983,2,PP425__item.webp,653,237,0.05,0.0002,,
PP426,PP426__solo.webp,1401,887,0.984,3,PP426__item.webp,653,237,0.05,0.0002,,
PP429,PP429__solo.webp,1512,710,0.994,3,PP429__item.webp,539,649,,,,
PP432-1,PP432-1__solo.webp,1426,936,0.966,2,PP432-1__item.webp,602,777,0.12,0.0105,,
PP432-2,PP432-2__solo.webp,1428,938,0.96,2,PP432-2__item.webp,602,777,0.12,0.0105,,
PP433,PP433__solo.webp,1554,983,0.996,5,PP433__item.webp,784,653,,,,
PP481,PP481__solo.webp,1238,915,0.989,3,PP481__item.webp,491,806,8.4,0.1027,,
PP482,PP482__solo.webp,1249,915,0.989,3,PP482__item.webp,491,806,8.4,0.1027,,
PP483,PP483__solo.webp,1239,876,0.98,2,PP483__item.webp,420,881,8.4,0.1027,,
PP494,PP494__solo.webp,1430,940,1.0,4,PP494__item.webp,317,900,0.14,0.0104,,
PP495,PP495__solo.webp,1447,940,1.0,4,PP495__item.webp,318,900,0.14,0.0104,,
PP496,PP496__solo.webp,1457,940,1.0,4,PP496__item.webp,318,900,0.14,0.0104,,
PP497,PP497__solo.webp,1472,940,1.0,4,PP497__item.webp,319,900,0.14,0.0104,,
PP498,PP498__solo.webp,1489,940,1.0,4,PP498__item.webp,319,900,0.14,0.0104,,
PP610-01,PP610-01__solo.webp,514,556,0.868,1,,,,37.57,0.1222,,
PP610-02,PP610-02__solo.webp,536,570,0.884,2,PP610-02__p1.webp,536,570,37.57,0.1222,,
PP610-03,PP610-03__solo.webp,521,569,0.886,2,PP610-03__p1.webp,521,569,37.57,0.1222,,
PP610-04,PP610-04__solo.webp,521,571,0.887,2,PP610-04__p1.webp,521,571,37.57,0.1222,,
PP610-05,PP610-05__solo.webp,543,562,0.885,2,PP610-05__p1.webp,543,562,37.57,0.1222,,
PP610-06,PP610-06__solo.webp,524,566,0.886,2,PP610-06__p1.webp,524,566,37.57,0.1222,,
PP610-07,PP610-07__solo.webp,520,568,0.885,2,PP610-07__p1.webp,520,568,37.57,0.1222,,
PP610-08,PP610-08__solo.webp,524,562,0.885,2,PP610-08__p1.webp,524,562,37.57,0.1222,,
PP610-09,PP610-09__solo.webp,524,563,0.885,2,PP610-09__item.webp,524,563,37.57,0.1222,,
PP610-10,PP610-10__solo.webp,517,556,0.883,2,PP610-10__p1.webp,517,556,37.57,0.1222,,
PP610-11,PP610-11__solo.webp,513,558,0.882,2,PP610-11__p1.webp,513,558,37.57,0.1222,,
PP610-12,PP610-12__solo.webp,521,560,0.884,2,PP610-12__p1.webp,521,560,37.57,0.1222,,
PP610-13,PP610-13__solo.webp,517,561,0.807,1,,,,37.57,0.1222,,
PP610-14,PP610-14__solo.webp,517,556,0.812,1,,,,37.57,0.1222,,
PP610-15,PP610-15__solo.webp,546,594,0.886,2,PP610-15__p1.webp,546,594,37.57,0.1222,,
PP610-16,PP610-16__solo.webp,533,609,0.819,1,,,,37.57,0.1222,,
PP610,PP610__solo.webp,1184,935,0.924,10,PP610__p2.webp,602,605,37.57,0.1222,,
PP611-01,PP611-01__solo.webp,287,642,0.824,1,,,,36.85,0.106,,
PP611-02,PP611-02__solo.webp,282,633,0.844,2,PP611-02__item.webp,282,633,36.85,0.106,,
PP611-03,PP611-03__solo.webp,288,645,0.849,2,PP611-03__item.webp,288,645,36.85,0.106,,
PP611-04,PP611-04__solo.webp,286,647,0.849,2,PP611-04__item.webp,286,647,36.85,0.106,,
PP611-05,PP611-05__solo.webp,282,635,0.845,2,PP611-05__item.webp,282,635,36.85,0.106,,
PP611-06,PP611-06__solo.webp,281,635,0.845,2,PP611-06__item.webp,281,635,36.85,0.106,,
PP611-07,PP611-07__solo.webp,285,638,0.846,2,PP611-07__item.webp,285,638,36.85,0.106,,
PP611-08,PP611-08__solo.webp,286,648,0.849,2,PP611-08__item.webp,286,648,36.85,0.106,,
PP611-09,PP611-09__solo.webp,286,644,0.752,1,,,,36.85,0.106,,
PP611-10,PP611-10__solo.webp,291,641,0.849,2,PP611-10__item.webp,291,641,36.85,0.106,,
PP611-11,PP611-11__solo.webp,284,641,0.847,2,PP611-11__item.webp,284,641,36.85,0.106,,
PP611-12,PP611-12__solo.webp,286,645,0.848,2,PP611-12__item.webp,286,645,36.85,0.106,,
PP611-13,PP611-13__solo.webp,278,628,0.742,1,,,,36.85,0.106,,
PP611-14,PP611-14__solo.webp,288,630,0.846,2,PP611-14__item.webp,288,630,36.85,0.106,,
PP611-15,PP611-15__solo.webp,292,648,0.75,1,,,,36.85,0.106,,
PP611-16,PP611-16__solo.webp,294,646,0.846,2,PP611-16__item.webp,294,646,36.85,0.106,,
PP615-01,PP615-01__solo.webp,1481,935,0.917,2,PP615-01__p1.webp,685,546,51.18,0.1106,,
PP615-02,PP615-02__solo.webp,1481,929,0.923,3,PP615-02__p1.webp,686,537,51.18,0.1106,,
PP615-03,PP615-03__solo.webp,1482,936,0.923,3,PP615-03__p1.webp,682,545,51.18,0.1106,,
PP615-04,PP615-04__solo.webp,1482,939,0.922,3,PP615-04__p1.webp,685,547,51.18,0.1106,,
PP615-05,PP615-05__solo.webp,1482,944,0.925,3,PP615-05__p1.webp,694,555,51.18,0.1106,,
PP615-06,PP615-06__solo.webp,1481,944,0.926,3,PP615-06__p1.webp,703,560,51.18,0.1106,,
PP615-07,PP615-07__solo.webp,1483,944,0.927,3,PP615-07__item.webp,900,572,51.18,0.1106,,
PP615-08,PP615-08__solo.webp,1482,941,0.883,2,PP615-08__p1.webp,693,569,51.18,0.1106,,
PP615-09,PP615-09__solo.webp,1482,937,0.924,3,PP615-09__p1.webp,693,554,51.18,0.1106,,
PP615-10,PP615-10__solo.webp,1482,938,0.925,3,PP615-10__p1.webp,694,555,51.18,0.1106,,
PP615,PP615__solo.webp,1518,935,0.937,9,PP615__p1.webp,611,456,51.18,0.1106,,
PP621,PP621__solo.webp,1489,701,0.989,2,PP621__item.webp,674,704,,,,
PP622,PP622__solo.webp,1491,712,0.99,2,PP622__item.webp,685,712,,,,
PP631-01,PP631-01__solo.webp,1164,744,0.897,3,,,,27.9,0.0911,,
PP631-02,PP631-02__solo.webp,1172,742,0.89,2,PP631-02__item.webp,363,741,27.9,0.0911,,
PP631-03,PP631-03__solo.webp,1176,743,0.895,2,PP631-03__item.webp,368,741,27.9,0.0911,,
PP631-04,PP631-04__solo.webp,1174,748,0.893,2,PP631-04__item.webp,364,743,27.9,0.0911,,
PP631-05,PP631-05__solo.webp,1172,742,0.893,2,PP631-05__item.webp,368,741,27.9,0.0911,,
PP631-06,PP631-06__solo.webp,1183,744,0.892,2,PP631-06__item.webp,361,744,27.9,0.0911,,
PP631-07,PP631-07__solo.webp,1189,739,0.9,2,PP631-07__item.webp,363,739,27.9,0.0911,,
PP631-08,PP631-08__solo.webp,1174,745,0.909,2,PP631-08__item.webp,365,745,27.9,0.0911,,
PP631-09,PP631-09__solo.webp,1177,740,0.899,2,PP631-09__item.webp,369,740,27.9,0.0911,,
PP631-10,PP631-10__solo.webp,1196,743,0.905,2,PP631-10__item.webp,365,741,27.9,0.0911,,
PP631-11,PP631-11__solo.webp,1196,738,0.899,2,PP631-11__item.webp,368,736,27.9,0.0911,,
PP631-12,PP631-12__solo.webp,1220,740,0.905,2,PP631-12__item.webp,363,739,27.9,0.0911,,
PP631-13,PP631-13__solo.webp,1219,740,0.909,2,PP631-13__item.webp,361,740,27.9,0.0911,,
PP631-14,PP631-14__solo.webp,1530,828,0.974,2,PP631-14__item.webp,402,828,27.9,0.0911,,
PP631-15,PP631-15__solo.webp,1534,821,0.994,3,PP631-15__item.webp,407,818,27.9,0.0911,,
PP631-16,PP631-16__solo.webp,1225,822,0.908,2,PP631-16__item.webp,407,819,27.9,0.0911,,
PP631-17,PP631-17__solo.webp,1213,820,0.903,2,PP631-17__item.webp,401,820,27.9,0.0911,,
PP631-18,PP631-18__solo.webp,1199,822,0.912,2,PP631-18__item.webp,407,818,27.9,0.0911,,
PP631-19,PP631-19__solo.webp,1217,820,0.905,2,PP631-19__item.webp,400,816,27.9,0.0911,,
PP631-20,PP631-20__solo.webp,1210,823,0.905,2,PP631-20__item.webp,407,817,27.9,0.0911,,
PP631-21,PP631-21__solo.webp,1203,822,0.904,2,PP631-21__item.webp,407,821,27.9,0.0911,,
PP631-22,PP631-22__solo.webp,1210,819,0.903,2,PP631-22__item.webp,407,816,27.9,0.0911,,
PP631-23,PP631-23__solo.webp,1214,813,0.905,2,PP631-23__item.webp,402,810,27.9,0.0911,,
PP631-24,PP631-24__solo.webp,1208,821,0.911,2,PP631-24__item.webp,398,816,27.9,0.0911,,
PP631-31,PP631-31__solo.webp,1204,825,0.918,2,PP631-31__item.webp,398,817,27.9,0.0911,,
PP631-32,PP631-32__solo.webp,1206,820,0.905,2,PP631-32__item.webp,401,818,27.9,0.0911,,
PP631-33,PP631-33__solo.webp,1197,825,0.913,2,PP631-33__item.webp,397,814,27.9,0.0911,,
PP631-34,PP631-34__solo.webp,1170,745,0.888,2,PP631-34__item.webp,365,745,27.9,0.0911,,
PP631-35,PP631-35__solo.webp,1200,825,0.907,2,PP631-35__item.webp,400,817,27.9,0.0911,,
PP631-36,PP631-36__solo.webp,1189,822,0.9,2,PP631-36__item.webp,404,819,27.9,0.0911,,
PP632-1,PP632-1__solo.webp,1180,883,0.895,3,PP632-1__item.webp,367,742,37.58,0.0833,,
PP632-2,PP632-2__solo.webp,1184,879,0.896,3,PP632-2__item.webp,366,742,37.58,0.0833,,
PP632-3,PP632-3__solo.webp,1179,883,0.9,3,PP632-3__item.webp,361,741,37.58,0.0833,,
PP632-4,PP632-4__solo.webp,1159,882,0.893,3,PP632-4__item.webp,366,744,37.58,0.0833,,
PP632-5,PP632-5__solo.webp,1194,880,0.896,3,PP632-5__item.webp,371,744,37.58,0.0833,,
PP632-6,PP632-6__solo.webp,1167,879,0.899,3,PP632-6__item.webp,363,740,37.58,0.0833,,
PP633-1,PP633-1__solo.webp,1185,890,0.909,3,PP633-1__item.webp,368,749,21.49,0.0993,,
PP633-2,PP633-2__solo.webp,1172,889,0.91,3,PP633-2__item.webp,373,741,21.49,0.0993,,
PP633-3,PP633-3__solo.webp,1173,890,0.906,3,PP633-3__item.webp,368,739,21.49,0.0993,,
PP633-4,PP633-4__solo.webp,1164,892,0.894,3,PP633-4__item.webp,367,740,21.49,0.0993,,
PP633-5,PP633-5__solo.webp,1189,890,0.892,3,PP633-5__item.webp,363,741,21.49,0.0993,,
PP633-6,PP633-6__solo.webp,1184,894,0.892,3,PP633-6__item.webp,367,747,21.49,0.0993,,
PP634-01,PP634-01__solo.webp,1181,898,0.914,4,PP634-01__item.webp,371,712,47.47,0.1228,,
PP634-02,PP634-02__solo.webp,1170,825,0.903,2,PP634-02__item.webp,345,825,47.47,0.1228,,
PP634-10,PP634-10__solo.webp,1155,826,0.91,2,PP634-10__item.webp,346,826,47.47,0.1228,,
PP634-24,PP634-24__solo.webp,1166,826,0.91,2,PP634-24__item.webp,340,826,47.47,0.1228,,
PP636-01,PP636-01__solo.webp,1147,943,0.91,3,PP636-01__item.webp,339,829,21.49,0.0993,,
PP636-02,PP636-02__solo.webp,1150,944,0.907,3,PP636-02__item.webp,338,824,21.49,0.0993,,
PP639-01,PP639-01__solo.webp,1089,582,0.836,3,PP639-01__item.webp,193,582,31.55,0.0947,,
PP639-02,PP639-02__solo.webp,1094,587,0.826,2,PP639-02__item.webp,198,587,31.55,0.0947,,
PP639-03,PP639-03__solo.webp,1099,588,0.831,2,PP639-03__item.webp,195,588,31.55,0.0947,,
PP639-04,PP639-04__solo.webp,1092,580,0.826,2,PP639-04__item.webp,196,580,31.55,0.0947,,
PP639-05,PP639-05__solo.webp,1098,583,0.823,2,PP639-05__item.webp,190,583,31.55,0.0947,,
PP639-06,PP639-06__solo.webp,1088,589,0.818,2,PP639-06__item.webp,197,589,31.55,0.0947,,
PP639-07,PP639-07__solo.webp,1088,587,0.831,2,PP639-07__item.webp,199,587,31.55,0.0947,,
PP639-08,PP639-08__solo.webp,1088,586,0.845,2,PP639-08__item.webp,200,586,31.55,0.0947,,
PP639-09,PP639-09__solo.webp,1081,586,0.828,2,PP639-09__item.webp,202,586,31.55,0.0947,,
PP639-10,PP639-10__solo.webp,1094,588,0.833,2,PP639-10__item.webp,195,588,31.55,0.0947,,
PP639-11,PP639-11__solo.webp,1091,586,0.82,2,PP639-11__item.webp,193,586,31.55,0.0947,,
PP639-12,PP639-12__solo.webp,1080,586,0.828,2,PP639-12__item.webp,198,585,31.55,0.0947,,
PP639-13,PP639-13__solo.webp,1094,587,0.836,2,PP639-13__item.webp,192,586,31.55,0.0947,,
PP639-14,PP639-14__solo.webp,1092,585,0.818,2,PP639-14__item.webp,193,583,31.55,0.0947,,
PP639-15,PP639-15__solo.webp,1096,587,0.828,2,PP639-15__item.webp,194,585,31.55,0.0947,,
PP639-16,PP639-16__solo.webp,1101,588,0.833,2,PP639-16__item.webp,196,585,31.55,0.0947,,
PP639-17,PP639-17__solo.webp,1106,585,0.822,2,PP639-17__item.webp,193,583,31.55,0.0947,,
PP639-18,PP639-18__solo.webp,1092,585,0.84,2,PP639-18__item.webp,199,582,31.55,0.0947,,
PP639-19,PP639-19__solo.webp,1116,585,0.834,2,PP639-19__item.webp,192,582,31.55,0.0947,,
PP639-20,PP639-20__solo.webp,1129,589,0.836,2,PP639-20__item.webp,195,588,31.55,0.0947,,
PP639-21,PP639-21__solo.webp,1125,595,0.84,2,PP639-21__item.webp,193,586,31.55,0.0947,,
PP639-22,PP639-22__solo.webp,1112,595,0.841,2,PP639-22__item.webp,195,583,31.55,0.0947,,
PP639-23,PP639-23__solo.webp,1114,594,0.845,2,PP639-23__item.webp,199,584,31.55,0.0947,,
PP639-24,PP639-24__solo.webp,1127,593,0.853,2,PP639-24__item.webp,194,585,31.55,0.0947,,
PP639-25,PP639-25__solo.webp,1111,591,0.836,2,PP639-25__item.webp,196,583,31.55,0.0947,,
PP639-26,PP639-26__solo.webp,1114,592,0.841,2,PP639-26__item.webp,200,585,31.55,0.0947,,
PP639-27,PP639-27__solo.webp,1106,594,0.855,2,PP639-27__item.webp,197,583,31.55,0.0947,,
PP639-28,PP639-28__solo.webp,1111,589,0.829,2,PP639-28__item.webp,193,588,31.55,0.0947,,
PP639-29,PP639-29__solo.webp,1111,586,0.848,2,PP639-29__item.webp,196,586,31.55,0.0947,,
PP639-30,PP639-30__solo.webp,1113,593,0.833,2,PP639-30__item.webp,198,593,31.55,0.0947,,
PP639-31,PP639-31__solo.webp,1114,879,0.84,3,PP639-31__item.webp,199,585,31.55,0.0947,,
PP639-32,PP639-32__solo.webp,1111,879,0.841,3,PP639-32__item.webp,199,585,31.55,0.0947,,
PP639-33,PP639-33__solo.webp,1116,879,0.846,3,PP639-33__item.webp,192,585,31.55,0.0947,,
PP639-34,PP639-34__solo.webp,1118,880,0.842,3,PP639-34__item.webp,200,588,31.55,0.0947,,
PP639-35,PP639-35__solo.webp,1154,880,0.848,3,PP639-35__item.webp,198,588,31.55,0.0947,,
PP639-36,PP639-36__solo.webp,1154,880,0.85,3,PP639-36__item.webp,201,591,31.55,0.0947,,
PP639-37,PP639-37__solo.webp,1147,891,0.865,3,PP639-37__item.webp,193,585,31.55,0.0947,,
PP639-38,PP639-38__solo.webp,1155,891,0.866,3,PP639-38__item.webp,191,585,31.55,0.0947,,
PP639-39,PP639-39__solo.webp,1143,892,0.859,3,PP639-39__item.webp,191,588,31.55,0.0947,,
PP639-41,PP639-41__solo.webp,1154,895,0.839,3,PP639-41__item.webp,200,588,31.55,0.0947,,
PP639-42,PP639-42__solo.webp,1142,893,0.835,3,PP639-42__item.webp,199,586,31.55,0.0947,,
PP645-01,PP645-01__solo.webp,925,670,0.828,2,PP645-01__item.webp,243,667,28.01,0.0808,,
PP645-02,PP645-02__solo.webp,908,668,0.84,2,PP645-02__item.webp,243,663,28.01,0.0808,,
PP645-03,PP645-03__solo.webp,1524,807,0.99,3,PP645-03__item.webp,244,665,28.01,0.0808,,
PP645-04,PP645-04__solo.webp,1527,814,0.99,3,PP645-04__item.webp,242,677,28.01,0.0808,,
PP645-05,PP645-05__solo.webp,1525,802,0.989,3,PP645-05__item.webp,242,667,28.01,0.0808,,
PP645-06,PP645-06__solo.webp,1527,667,0.955,3,PP645-06__item.webp,237,665,28.01,0.0808,,
PP645-07,PP645-07__solo.webp,1530,805,0.989,3,PP645-07__item.webp,239,663,28.01,0.0808,,
PP645-08,PP645-08__solo.webp,1530,666,0.966,3,PP645-08__item.webp,243,663,28.01,0.0808,,
PP645-09,PP645-09__solo.webp,911,669,0.824,2,PP645-09__item.webp,242,666,28.01,0.0808,,
PP645-10,PP645-10__solo.webp,1525,670,0.961,3,PP645-10__item.webp,246,666,28.01,0.0808,,
PP645-11,PP645-11__solo.webp,1521,668,0.967,3,PP645-11__item.webp,237,665,28.01,0.0808,,
PP645-12,PP645-12__solo.webp,1523,665,0.95,3,PP645-12__item.webp,242,665,28.01,0.0808,,
PP645-13,PP645-13__solo.webp,909,667,0.812,2,PP645-13__item.webp,239,663,28.01,0.0808,,
PP645-14,PP645-14__solo.webp,1522,666,0.958,3,PP645-14__item.webp,241,666,28.01,0.0808,,
PP645-15,PP645-15__solo.webp,1527,666,0.951,3,PP645-15__item.webp,243,666,28.01,0.0808,,
PP645-16,PP645-16__solo.webp,1523,663,0.958,3,PP645-16__item.webp,239,654,28.01,0.0808,,
PP645-17,PP645-17__solo.webp,909,663,0.818,2,PP645-17__item.webp,241,663,28.01,0.0808,,
PP645-18,PP645-18__solo.webp,1524,667,0.957,3,PP645-18__item.webp,242,667,28.01,0.0808,,
PP645-19,PP645-19__solo.webp,1540,663,0.961,3,PP645-19__item.webp,240,657,28.01,0.0808,,
PP645-20,PP645-20__solo.webp,1530,662,0.952,3,PP645-20__item.webp,239,661,28.01,0.0808,,
PP645-21,PP645-21__solo.webp,1523,662,0.952,3,PP645-21__item.webp,240,660,28.01,0.0808,,
PP645-22,PP645-22__solo.webp,1527,663,0.949,3,PP645-22__item.webp,241,662,28.01,0.0808,,
PP645-23,PP645-23__solo.webp,901,665,0.805,2,PP645-23__item.webp,240,665,28.01,0.0808,,
PP645-24,PP645-24__solo.webp,1520,805,0.989,3,PP645-24__item.webp,241,665,28.01,0.0808,,
PP645-25,PP645-25__solo.webp,1519,800,0.989,3,PP645-25__item.webp,239,660,28.01,0.0808,,
PP645-26,PP645-26__solo.webp,1521,662,0.97,3,PP645-26__item.webp,243,662,28.01,0.0808,,
PP645-27,PP645-27__solo.webp,907,674,0.806,2,PP645-27__item.webp,243,674,28.01,0.0808,,
PP645-29,PP645-29__solo.webp,1521,804,0.989,3,PP645-29__item.webp,239,662,28.01,0.0808,,
PP645-30,PP645-30__solo.webp,1521,667,0.957,3,PP645-30__item.webp,239,660,28.01,0.0808,,
PP645-31,PP645-31__solo.webp,916,667,0.801,2,PP645-31__item.webp,240,658,28.01,0.0808,,
PP645-32,PP645-32__solo.webp,914,667,0.8,2,PP645-32__item.webp,242,636,28.01,0.0808,,
PP645-33,PP645-33__solo.webp,1527,807,0.988,3,PP645-33__item.webp,241,660,28.01,0.0808,,
PP645-34,PP645-34__solo.webp,914,667,0.784,2,PP645-34__item.webp,242,658,28.01,0.0808,,
PP645-35,PP645-35__solo.webp,920,663,0.813,2,PP645-35__item.webp,240,662,28.01,0.0808,,
PP645-37,PP645-37__solo.webp,1526,670,0.953,3,PP645-37__item.webp,238,660,28.01,0.0808,,
PP645-38,PP645-38__solo.webp,917,669,0.813,2,PP645-38__item.webp,240,664,28.01,0.0808,,
PP645-39,PP645-39__solo.webp,914,666,0.817,2,PP645-39__item.webp,241,660,28.01,0.0808,,
PP645-40,PP645-40__solo.webp,913,666,0.805,2,PP645-40__item.webp,238,661,28.01,0.0808,,
PP645-41,PP645-41__solo.webp,913,666,0.819,2,PP645-41__item.webp,244,660,28.01,0.0808,,
PP645-42,PP645-42__solo.webp,913,665,0.817,2,PP645-42__item.webp,244,660,28.01,0.0808,,
PP645-43,PP645-43__solo.webp,917,686,0.827,2,PP645-43__item.webp,243,672,28.01,0.0808,,
PP645-44,PP645-44__solo.webp,912,662,0.824,2,PP645-44__item.webp,241,660,28.01,0.0808,,
PP645-45,PP645-45__solo.webp,915,667,0.829,2,PP645-45__item.webp,241,661,28.01,0.0808,,
PP645-46,PP645-46__solo.webp,917,662,0.843,2,PP645-46__item.webp,239,659,28.01,0.0808,,
PP645-47,PP645-47__solo.webp,917,667,0.832,2,PP645-47__item.webp,240,660,28.01,0.0808,,
PP645-48,PP645-48__solo.webp,1526,804,0.99,3,PP645-48__item.webp,242,662,28.01,0.0808,,
PP645-49,PP645-49__solo.webp,1526,668,0.975,3,PP645-49__item.webp,240,661,28.01,0.0808,,
PP645-50,PP645-50__solo.webp,918,666,0.842,2,PP645-50__item.webp,242,664,28.01,0.0808,,
PP651-01,PP651-01__solo.webp,1528,943,0.989,6,PP651-01__item.webp,373,504,43.88,0.0857,,
PP651-02,PP651-02__solo.webp,1528,944,0.989,6,PP651-02__item.webp,371,505,43.88,0.0857,,
PP651-03,PP651-03__solo.webp,1528,944,0.989,6,PP651-03__item.webp,369,505,43.88,0.0857,,
PP651-04,PP651-04__solo.webp,1528,941,0.99,6,PP651-04__item.webp,368,502,43.88,0.0857,,
PP651-05,PP651-05__solo.webp,1530,940,0.989,6,PP651-05__item.webp,366,499,43.88,0.0857,,
PP651-06,PP651-06__solo.webp,1528,943,0.99,6,PP651-06__item.webp,368,502,43.88,0.0857,,
PP651-07,PP651-07__solo.webp,1528,943,0.99,6,PP651-07__item.webp,369,504,43.88,0.0857,,
PP651-08,PP651-08__solo.webp,1528,942,0.99,6,PP651-08__item.webp,371,504,43.88,0.0857,,
PP651-09,PP651-09__solo.webp,1529,939,0.989,6,PP651-09__item.webp,366,499,43.88,0.0857,,
PP651-10,PP651-10__solo.webp,1528,938,0.989,6,PP651-10__item.webp,366,500,43.88,0.0857,,
PP651-11,PP651-11__solo.webp,1528,942,0.99,6,PP651-11__item.webp,371,503,43.88,0.0857,,
PP651-12,PP651-12__solo.webp,1528,946,0.99,6,PP651-12__item.webp,373,509,43.88,0.0857,,
PP651-13,PP651-13__solo.webp,1528,939,0.989,6,PP651-13__item.webp,367,501,43.88,0.0857,,
PP651-14,PP651-14__solo.webp,1528,941,0.989,6,PP651-14__item.webp,367,502,43.88,0.0857,,
PP651-15,PP651-15__solo.webp,1528,942,0.99,6,PP651-15__item.webp,369,504,43.88,0.0857,,
PP651-16,PP651-16__solo.webp,1528,944,0.99,6,PP651-16__item.webp,371,507,43.88,0.0857,,
PP651-17,PP651-17__solo.webp,1528,941,0.99,6,PP651-17__item.webp,368,503,43.88,0.0857,,
PP651-18,PP651-18__solo.webp,1528,943,0.99,6,PP651-18__item.webp,369,503,43.88,0.0857,,
PP651-19,PP651-19__solo.webp,1529,945,0.99,6,PP651-19__item.webp,372,508,43.88,0.0857,,
PP651-20,PP651-20__solo.webp,1530,942,0.989,6,PP651-20__item.webp,372,503,43.88,0.0857,,
PP651-21,PP651-21__solo.webp,1528,943,0.99,6,PP651-21__item.webp,368,503,43.88,0.0857,,
PP651-22,PP651-22__solo.webp,1530,943,0.99,6,PP651-22__item.webp,368,503,43.88,0.0857,,
PP651-23,PP651-23__solo.webp,1530,942,0.989,6,PP651-23__item.webp,371,504,43.88,0.0857,,
PP651-24,PP651-24__solo.webp,1528,944,0.99,5,PP651-24__item.webp,371,507,43.88,0.0857,,
PP651-25,PP651-25__solo.webp,1529,944,0.99,6,PP651-25__item.webp,370,506,43.88,0.0857,,
PP651-26,PP651-26__solo.webp,1528,946,0.99,5,PP651-26__item.webp,372,509,43.88,0.0857,,
PP651-27,PP651-27__solo.webp,1529,941,0.99,5,PP651-27__item.webp,368,502,43.88,0.0857,,
PP652-1,PP652-1__solo.webp,1528,945,0.989,6,PP652-1__item.webp,372,508,18.23,0.0921,,
PP652-2,PP652-2__solo.webp,1528,945,0.989,6,PP652-2__item.webp,371,506,18.23,0.0921,,
PP652-3,PP652-3__solo.webp,1528,946,0.989,6,PP652-3__item.webp,369,507,18.23,0.0921,,
PP661-01,PP661-01__solo.webp,1532,941,0.989,2,PP661-01__item.webp,458,622,33.17,0.1109,,
PP661-02,PP661-02__solo.webp,1525,941,0.99,2,PP661-02__item.webp,455,615,33.17,0.1109,,
PP661-03,PP661-03__solo.webp,1531,941,0.99,2,PP661-03__item.webp,455,623,33.17,0.1109,,
PP661-04,PP661-04__solo.webp,1531,940,0.99,2,PP661-04__item.webp,456,621,33.17,0.1109,,
PP661-05,PP661-05__solo.webp,1526,941,0.99,2,PP661-05__item.webp,458,624,33.17,0.1109,,
PP661-06,PP661-06__solo.webp,1527,959,0.991,2,PP661-06__item.webp,475,637,33.17,0.1109,,
PP661-07,PP661-07__solo.webp,1527,955,0.99,2,PP661-07__item.webp,461,629,33.17,0.1109,,
PP661-08,PP661-08__solo.webp,1525,941,0.99,2,PP661-08__item.webp,454,623,33.17,0.1109,,
PP661-09,PP661-09__solo.webp,1526,959,0.991,2,PP661-09__item.webp,469,646,33.17,0.1109,,
PP661-10,PP661-10__solo.webp,1527,942,0.99,2,PP661-10__item.webp,460,625,33.17,0.1109,,
PP661-11,PP661-11__solo.webp,1526,943,0.99,2,PP661-11__item.webp,461,624,33.17,0.1109,,
PP661-12,PP661-12__solo.webp,1520,943,0.99,2,PP661-12__item.webp,449,624,33.17,0.1109,,
PP663-01,PP663-01__solo.webp,743,939,0.868,3,PP663-01__item.webp,476,551,11.02,0.0441,,
PP663-02,PP663-02__solo.webp,742,938,0.816,4,PP663-02__item.webp,477,550,11.02,0.0441,,
PP663-03,PP663-03__solo.webp,741,938,0.816,4,PP663-03__item.webp,477,550,11.02,0.0441,,
PP663-04,PP663-04__solo.webp,740,938,0.816,4,PP663-04__item.webp,476,550,11.02,0.0441,,
PP663-05,PP663-05__solo.webp,742,938,0.816,4,PP663-05__item.webp,477,550,11.02,0.0441,,
PP663-06,PP663-06__solo.webp,741,938,0.816,4,PP663-06__item.webp,477,550,11.02,0.0441,,
PP663-07,PP663-07__solo.webp,742,938,0.816,4,PP663-07__item.webp,477,550,11.02,0.0441,,
PP663-08,PP663-08__solo.webp,741,938,0.816,4,PP663-08__item.webp,477,550,11.02,0.0441,,
PP663-09,PP663-09__solo.webp,742,938,0.816,4,PP663-09__item.webp,477,551,11.02,0.0441,,
PP663-11,PP663-11__solo.webp,742,937,0.816,4,PP663-11__item.webp,477,551,11.02,0.0441,,
PP663-12,PP663-12__solo.webp,742,937,0.816,4,PP663-12__item.webp,477,550,11.02,0.0441,,
PP663-13,PP663-13__solo.webp,742,937,0.816,4,PP663-13__item.webp,477,551,11.02,0.0441,,
PP663-14,PP663-14__solo.webp,742,937,0.816,4,PP663-14__item.webp,477,550,11.02,0.0441,,
PP663-15,PP663-15__solo.webp,742,937,0.816,4,PP663-15__item.webp,477,551,11.02,0.0441,,
PP663-16,PP663-16__solo.webp,741,937,0.816,4,PP663-16__item.webp,477,550,11.02,0.0441,,
PP663-17,PP663-17__solo.webp,741,937,0.816,4,PP663-17__item.webp,477,550,11.02,0.0441,,
PP663-18,PP663-18__solo.webp,741,937,0.816,4,PP663-18__item.webp,477,551,11.02,0.0441,,
PP663-19,PP663-19__solo.webp,742,937,0.816,4,PP663-19__item.webp,477,550,11.02,0.0441,,
PP663-20,PP663-20__solo.webp,742,937,0.816,4,PP663-20__item.webp,477,550,11.02,0.0441,,
PP663-21,PP663-21__solo.webp,742,937,0.816,4,PP663-21__item.webp,477,550,11.02,0.0441,,
PP663-22,PP663-22__solo.webp,742,937,0.816,4,PP663-22__item.webp,477,550,11.02,0.0441,,
PP663-23,PP663-23__solo.webp,1450,876,0.961,4,PP663-23__item.webp,478,551,11.02,0.0441,,
PP663-24,PP663-24__solo.webp,743,937,0.816,4,PP663-24__item.webp,477,550,11.02,0.0441,,
PP663-25,PP663-25__solo.webp,742,937,0.816,4,PP663-25__item.webp,477,550,11.02,0.0441,,
PP663-26,PP663-26__solo.webp,742,937,0.816,4,PP663-26__item.webp,477,551,11.02,0.0441,,
PP663-27,PP663-27__solo.webp,742,937,0.816,4,PP663-27__item.webp,477,551,11.02,0.0441,,
PP663-28,PP663-28__solo.webp,742,937,0.815,4,PP663-28__item.webp,477,550,11.02,0.0441,,
PP663-29,PP663-29__solo.webp,742,937,0.816,4,PP663-29__item.webp,477,550,11.02,0.0441,,
PP663-30,PP663-30__solo.webp,742,937,0.815,4,PP663-30__item.webp,478,550,11.02,0.0441,,
PP663-31,PP663-31__solo.webp,742,937,0.815,4,PP663-31__item.webp,477,551,11.02,0.0441,,
PP663-32,PP663-32__solo.webp,742,937,0.815,3,PP663-32__item.webp,478,551,11.02,0.0441,,
PP671,PP671__solo.webp,483,937,0.898,2,PP671__item.webp,483,679,,,,
PP672,PP672__solo.webp,815,935,0.936,4,PP672__item.webp,563,780,,,,
PP673,PP673__solo.webp,778,938,0.922,3,PP673__item.webp,79,86,,,,
PP674,PP674__solo.webp,653,939,0.923,3,PP674__item.webp,564,781,,,,
PP675,PP675__solo.webp,1153,938,0.944,4,PP675__item.webp,559,775,,,,
PP676,PP676__solo.webp,703,940,0.876,3,PP676__item.webp,560,781,,,,
PP679,PP679__solo.webp,1079,939,0.944,4,PP679__item.webp,564,774,,,,
PP714,PP714__solo.webp,1212,935,0.821,2,PP714__item.webp,900,706,,,,
PP717,PP717__solo.webp,1259,936,0.931,3,PP717__item.webp,900,683,,,,
PP721,PP721__solo.webp,1200,892,0.886,2,PP721__item.webp,900,674,,,,
PP722,PP722__solo.webp,1176,906,0.869,2,PP722__item.webp,900,790,,,,
PP723,PP723__solo.webp,1167,938,0.868,2,PP723__item.webp,900,740,,,,
PP802,PP802__solo.webp,1538,949,0.989,4,PP802__item.webp,43,900,47.7,0.0259,,
PP803,PP803__solo.webp,1533,963,0.992,7,PP803__item.webp,44,900,47.7,0.0259,,
PP804,PP804__solo.webp,1537,945,0.987,5,PP804__item.webp,44,900,47.7,0.0259,,
PP806,PP806__solo.webp,1074,957,0.793,3,PP806__item.webp,43,900,0.56,0.0229,,
PP807,PP807__solo.webp,1080,952,0.837,3,PP807__item.webp,43,900,0.56,0.0229,,
PP808,PP808__solo.webp,1536,943,0.989,4,PP808__item.webp,39,791,88.67,0.0891,,
PP809,PP809__solo.webp,1533,944,0.992,6,PP809__item.webp,38,791,88.67,0.0891,,
PP814,PP814__solo.webp,1004,940,0.883,4,PP814__item.webp,44,900,47.7,0.0259,,
PP823,PP823__solo.webp,1533,955,0.98,4,PP823__item.webp,51,900,56.76,0.0728,,
PP824,PP824__solo.webp,1531,955,0.98,4,PP824__item.webp,50,900,56.76,0.0728,,
PP825,PP825__solo.webp,1132,939,0.828,3,PP825__item.webp,50,900,56.76,0.0728,,
PP826-2B,PP826-2B__solo.webp,952,951,0.881,2,PP826-2B__item.webp,43,900,0.76,0.0263,,
PP826-2H,PP826-2H__solo.webp,951,951,0.883,2,PP826-2H__item.webp,43,900,0.76,0.0263,,
PP826-3B,PP826-3B__solo.webp,953,951,0.881,2,PP826-3B__item.webp,43,900,0.76,0.0263,,
PP826-4B,PP826-4B__solo.webp,953,951,0.881,2,PP826-4B__item.webp,43,900,0.76,0.0263,,
PP826-6B,PP826-6B__solo.webp,952,951,0.88,2,PP826-6B__item.webp,43,900,0.76,0.0263,,
PP826-7B,PP826-7B__solo.webp,952,951,0.882,2,PP826-7B__item.webp,43,900,0.76,0.0263,,
PP826-B,PP826-B__solo.webp,950,951,0.889,2,PP826-B__item.webp,43,900,0.76,0.0263,,
PP826-H,PP826-H__solo.webp,951,951,0.89,2,PP826-H__item.webp,43,900,0.76,0.0263,,
PP826-HB,PP826-HB__solo.webp,951,951,0.88,2,PP826-HB__item.webp,43,900,0.76,0.0263,,
PP827,PP827__solo.webp,1125,938,0.822,4,PP827__item.webp,42,900,,,,
PP828,PP828__solo.webp,1181,938,0.816,4,PP828__item.webp,62,900,,,,
PP841-1S,PP841-1S__solo.webp,1489,1007,0.992,5,PP841-1S__item.webp,41,900,,,,
PP842-01,PP842-01__solo.webp,1528,1007,0.993,5,PP842-01__item.webp,41,900,,,,
PP851,PP851__solo.webp,1382,945,0.944,6,PP851__item.webp,426,438,35.1,0.1748,,
PP851P,PP851P__solo.webp,1174,938,0.913,4,PP851P__item.webp,510,681,35.1,0.1748,,
PP853,PP853__solo.webp,1530,944,0.991,7,PP853__item.webp,864,650,35.1,0.1748,,
PP854,PP854__solo.webp,1526,937,0.993,5,PP854__item.webp,673,739,35.1,0.1748,,
PP856,PP856__solo.webp,1192,944,0.883,5,PP856__item.webp,149,900,,,,
PP861,PP861__solo.webp,1084,946,0.811,4,PP861__item.webp,117,900,,,,
PP862,PP862__solo.webp,1231,941,0.801,7,PP862__item.webp,118,900,,,,
PP871,PP871__solo.webp,1246,944,0.882,6,PP871__item.webp,81,900,0.18,0.0225,,
PP872,PP872__solo.webp,1267,932,0.874,6,PP872__item.webp,81,900,0.18,0.0225,,
PP882,PP882__solo.webp,1251,948,0.902,3,PP882__item.webp,180,900,,,,
PP891-18,PP891-18__solo.webp,1227,940,0.847,3,,,,50.58,0.0983,,
PP891-24,PP891-24__solo.webp,1209,936,0.863,3,PP891-24__item.webp,216,897,50.58,0.0983,,
PP891,PP891__solo.webp,1182,934,0.854,3,PP891__item.webp,215,897,50.58,0.0983,,
PP912,PP912__solo.webp,1530,949,0.988,6,PP912__item.webp,173,900,,,,
PP913,PP913__solo.webp,1175,940,0.86,4,PP913__item.webp,145,900,,,,
PP915-1,PP915-1__solo.webp,1527,987,0.986,6,PP915-1__item.webp,264,900,2.3,0.0261,#613141,
PP915-10,PP915-10__solo.webp,1527,987,0.986,6,PP915-10__item.webp,264,900,2.3,0.0261,#c83d66,
PP915-100,PP915-100__solo.webp,1527,987,0.986,6,PP915-100__item.webp,264,900,2.3,0.0261,#b78433,
PP915-101,PP915-101__solo.webp,1527,987,0.986,7,PP915-101__item.webp,264,900,2.3,0.0261,#f2bc8e,
PP915-102,PP915-102__solo.webp,1527,987,0.986,7,PP915-102__item.webp,264,900,2.3,0.0261,#98c5c8,
PP915-103,PP915-103__solo.webp,1527,987,0.987,7,PP915-103__item.webp,264,900,2.3,0.0261,#ea9471,
PP915-104,PP915-104__solo.webp,1527,987,0.986,6,PP915-104__item.webp,264,900,2.3,0.0261,#d1bc91,
PP915-105,PP915-105__solo.webp,1527,987,0.986,6,PP915-105__item.webp,264,900,2.3,0.0261,#7ca0ac,
PP915-106,PP915-106__solo.webp,1527,987,0.986,6,PP915-106__item.webp,264,900,2.3,0.0261,#678e9f,
PP915-107,PP915-107__solo.webp,1527,987,0.986,6,PP915-107__item.webp,265,900,2.3,0.0261,#f5d7b3,
PP915-108,PP915-108__solo.webp,1527,987,0.986,6,PP915-108__item.webp,264,900,2.3,0.0261,#598e94,
PP915-109,PP915-109__solo.webp,1527,961,0.931,5,PP915-109__item.webp,265,900,2.3,0.0261,#f0f3c4,
PP915-11,PP915-11__solo.webp,1527,987,0.986,7,PP915-11__item.webp,264,900,2.3,0.0261,#c4154e,
PP915-110,PP915-110__solo.webp,1527,961,0.957,5,PP915-110__item.webp,265,900,2.3,0.0261,#eeede9,
PP915-111,PP915-111__solo.webp,1527,961,0.957,5,PP915-111__item.webp,265,900,2.3,0.0261,#c9cac2,
PP915-112,PP915-112__solo.webp,1527,961,0.957,5,PP915-112__item.webp,264,900,2.3,0.0261,#a1a99c,
PP915-113,PP915-113__solo.webp,1527,961,0.957,5,PP915-113__item.webp,264,900,2.3,0.0261,#838a83,
PP915-114,PP915-114__solo.webp,1527,961,0.957,5,PP915-114__item.webp,264,900,2.3,0.0261,#5e605f,
PP915-115,PP915-115__solo.webp,1527,961,0.945,5,PP915-115__item.webp,265,900,2.3,0.0261,#e5ebe9,
PP915-116,PP915-116__solo.webp,1527,961,0.957,5,PP915-116__item.webp,264,900,2.3,0.0261,#96a09f,
PP915-117,PP915-117__solo.webp,1527,961,0.957,6,PP915-117__item.webp,265,900,2.3,0.0261,#d0c6ba,
PP915-118,PP915-118__solo.webp,1527,961,0.957,6,PP915-118__item.webp,264,900,2.3,0.0261,#b8afa6,
PP915-119,PP915-119__solo.webp,1527,961,0.957,6,PP915-119__item.webp,264,900,2.3,0.0261,#897f73,
PP915-12,PP915-12__solo.webp,1527,987,0.986,6,PP915-12__item.webp,264,900,2.3,0.0261,#ea4e5b,
PP915-120,PP915-120__solo.webp,1527,987,0.986,6,PP915-120__item.webp,264,900,2.3,0.0261,#000002,
PP915-13,PP915-13__solo.webp,1527,987,0.987,6,PP915-13__item.webp,265,900,2.3,0.0261,#ebe316,
PP915-14,PP915-14__solo.webp,1527,987,0.986,7,PP915-14__item.webp,264,900,2.3,0.0261,#ed6e3b,
PP915-15,PP915-15__solo.webp,1527,987,0.986,7,PP915-15__item.webp,264,900,2.3,0.0261,#d54455,
PP915-16,PP915-16__solo.webp,1527,987,0.986,6,PP915-16__item.webp,264,900,2.3,0.0261,#eb6170,
PP915-17,PP915-17__solo.webp,1527,987,0.986,7,PP915-17__item.webp,264,900,2.3,0.0261,#ddb3c9,
PP915-18,PP915-18__solo.webp,1527,961,0.935,5,PP915-18__item.webp,265,900,2.3,0.0261,#fae6e8,
PP915-19,PP915-19__solo.webp,1527,961,0.947,5,PP915-19__item.webp,265,900,2.3,0.0261,#f2dfdb,
PP915-2,PP915-2__solo.webp,1527,987,0.986,6,PP915-2__item.webp,264,900,2.3,0.0261,#8b1720,
PP915-20,PP915-20__solo.webp,1527,961,0.958,6,PP915-20__item.webp,265,900,2.3,0.0261,#f3d6d0,
PP915-21,PP915-21__solo.webp,1527,987,0.986,6,PP915-21__item.webp,264,900,2.3,0.0261,#cb7941,
PP915-22,PP915-22__solo.webp,1527,987,0.987,6,PP915-22__item.webp,264,900,2.3,0.0261,#ed7449,
PP915-23,PP915-23__solo.webp,1527,987,0.986,6,PP915-23__item.webp,264,900,2.3,0.0261,#f19353,
PP915-24,PP915-24__solo.webp,1527,987,0.986,7,PP915-24__item.webp,264,900,2.3,0.0261,#f5b379,
PP915-25,PP915-25__solo.webp,1527,987,0.986,6,PP915-25__item.webp,264,900,2.3,0.0261,#dfb8a9,
PP915-26,PP915-26__solo.webp,1527,987,0.986,7,PP915-26__item.webp,265,900,2.3,0.0261,#fedfc0,
PP915-27,PP915-27__solo.webp,1527,961,0.958,7,PP915-27__item.webp,265,900,2.3,0.0261,#f7d3d7,
PP915-28,PP915-28__solo.webp,1527,987,0.986,6,PP915-28__item.webp,265,900,2.3,0.0261,#f8c8ba,
PP915-29,PP915-29__solo.webp,1527,987,0.986,7,PP915-29__item.webp,265,900,2.3,0.0261,#f8c8ba,
PP915-3,PP915-3__solo.webp,1527,967,0.96,5,PP915-3__item.webp,137,900,2.3,0.0261,#ffffff,
PP915-30,PP915-30__solo.webp,1527,987,0.986,7,PP915-30__item.webp,265,900,2.3,0.0261,#f7cecc,
PP915-31,PP915-31__solo.webp,1527,987,0.986,7,PP915-31__item.webp,264,900,2.3,0.0261,#eeb16e,
PP915-32,PP915-32__solo.webp,1527,961,0.957,6,PP915-32__item.webp,264,900,2.3,0.0261,#766c6d,
PP915-33,PP915-33__solo.webp,1527,987,0.986,7,PP915-33__item.webp,264,900,2.3,0.0261,#e5c169,
PP915-34,PP915-34__solo.webp,1527,987,0.986,7,PP915-34__item.webp,264,900,2.3,0.0261,#f7c646,
PP915-35,PP915-35__solo.webp,1527,987,0.986,7,PP915-35__item.webp,264,900,2.3,0.0261,#ebd54c,
PP915-36,PP915-36__solo.webp,1527,987,0.986,7,PP915-36__item.webp,264,900,2.3,0.0261,#f6b781,
PP915-37,PP915-37__solo.webp,1527,987,0.986,7,PP915-37__item.webp,265,900,2.3,0.0261,#e9de62,
PP915-38,PP915-38__solo.webp,1527,987,0.986,7,PP915-38__item.webp,265,900,2.3,0.0261,#eceb98,
PP915-39,PP915-39__solo.webp,1527,987,0.987,8,PP915-39__item.webp,264,900,2.3,0.0261,#f7baa8,
PP915-4,PP915-4__solo.webp,1527,987,0.987,7,PP915-4__item.webp,264,900,2.3,0.0261,#ff515b,
PP915-40,PP915-40__solo.webp,1527,961,0.95,6,PP915-40__item.webp,264,900,2.3,0.0261,#fef3d5,
PP915-41,PP915-41__solo.webp,1527,987,0.986,6,PP915-41__item.webp,264,900,2.3,0.0261,#9a7b4c,
PP915-42,PP915-42__solo.webp,1527,987,0.987,6,PP915-42__item.webp,264,900,2.3,0.0261,#a08c59,
PP915-43,PP915-43__solo.webp,1527,987,0.987,6,PP915-43__item.webp,264,900,2.3,0.0261,#6c8e52,
PP915-44,PP915-44__solo.webp,1527,987,0.986,7,PP915-44__item.webp,265,900,2.3,0.0261,#bbe0f2,
PP915-45,PP915-45__solo.webp,1527,987,0.987,7,PP915-45__item.webp,264,900,2.3,0.0261,#dec960,
PP915-46,PP915-46__solo.webp,1527,987,0.986,6,PP915-46__item.webp,264,900,2.3,0.0261,#6abd55,
PP915-47,PP915-47__solo.webp,1527,987,0.986,6,PP915-47__item.webp,264,900,2.3,0.0261,#57b96c,
PP915-48,PP915-48__solo.webp,1527,987,0.986,6,PP915-48__item.webp,264,900,2.3,0.0261,#b6b16f,
PP915-49,PP915-49__solo.webp,1527,987,0.986,6,PP915-49__item.webp,264,900,2.3,0.0261,#fdf0ac,
PP915-5,PP915-5__solo.webp,1527,987,0.982,6,PP915-5__item.webp,264,900,2.3,0.0261,#c62666,
PP915-50,PP915-50__solo.webp,1527,987,0.987,7,PP915-50__item.webp,264,900,2.3,0.0261,#087f61,
PP915-51,PP915-51__solo.webp,1527,987,0.987,7,PP915-51__item.webp,265,900,2.3,0.0261,#afdbf4,
PP915-52,PP915-52__solo.webp,1527,987,0.986,7,PP915-52__item.webp,264,900,2.3,0.0261,#00a55b,
PP915-53,PP915-53__solo.webp,1527,987,0.987,7,PP915-53__item.webp,264,900,2.3,0.0261,#09a98f,
PP915-54,PP915-54__solo.webp,1527,987,0.986,7,PP915-54__item.webp,264,900,2.3,0.0261,#2d8368,
PP915-55,PP915-55__solo.webp,1527,987,0.987,7,PP915-55__item.webp,264,900,2.3,0.0261,#00b48d,
PP915-56,PP915-56__solo.webp,1527,987,0.986,8,PP915-56__item.webp,264,900,2.3,0.0261,#00b36c,
PP915-57,PP915-57__solo.webp,1527,987,0.987,6,PP915-57__item.webp,264,900,2.3,0.0261,#aeb0d6,
PP915-58,PP915-58__solo.webp,1527,987,0.987,8,PP915-58__item.webp,264,900,2.3,0.0261,#83c8a9,
PP915-59,PP915-59__solo.webp,1527,987,0.986,7,PP915-59__item.webp,264,900,2.3,0.0261,#9dcc95,
PP915-6,PP915-6__solo.webp,1527,987,0.986,6,PP915-6__item.webp,264,900,2.3,0.0261,#e75cc1,
PP915-60,PP915-60__solo.webp,1527,987,0.976,6,PP915-60__item.webp,265,900,2.3,0.0261,#f0efaf,
PP915-61,PP915-61__solo.webp,1527,987,0.987,6,PP915-61__item.webp,264,900,2.3,0.0261,#1ca095,
PP915-62,PP915-62__solo.webp,1527,987,0.986,6,PP915-62__item.webp,264,900,2.3,0.0261,#008298,
PP915-63,PP915-63__solo.webp,1527,987,0.987,6,PP915-63__item.webp,264,900,2.3,0.0261,#019ca1,
PP915-64,PP915-64__solo.webp,1527,987,0.986,6,PP915-64__item.webp,264,900,2.3,0.0261,#0094c4,
PP915-65,PP915-65__solo.webp,1527,987,0.986,6,PP915-65__item.webp,264,900,2.3,0.0261,#3bb9c5,
PP915-66,PP915-66__solo.webp,1527,987,0.986,6,PP915-66__item.webp,264,900,2.3,0.0261,#46bfde,
PP915-67,PP915-67__solo.webp,1527,987,0.986,6,PP915-67__item.webp,264,900,2.3,0.0261,#99d3df,
PP915-68,PP915-68__solo.webp,1527,987,0.987,6,PP915-68__item.webp,264,900,2.3,0.0261,#49b79e,
PP915-69,PP915-69__solo.webp,1527,987,0.987,6,PP915-69__item.webp,264,900,2.3,0.0261,#01507b,
PP915-7,PP915-7__solo.webp,1527,987,0.983,6,PP915-7__item.webp,264,900,2.3,0.0261,#f4b1b8,
PP915-70,PP915-70__solo.webp,1527,987,0.986,7,PP915-70__item.webp,264,900,2.3,0.0261,#0065b0,
PP915-71,PP915-71__solo.webp,1527,987,0.986,7,PP915-71__item.webp,264,900,2.3,0.0261,#142e85,
PP915-72,PP915-72__solo.webp,1527,987,0.986,7,PP915-72__item.webp,265,900,2.3,0.0261,#cbdbac,
PP915-73,PP915-73__solo.webp,1527,987,0.986,7,PP915-73__item.webp,264,900,2.3,0.0261,#552589,
PP915-74,PP915-74__solo.webp,1527,987,0.987,7,PP915-74__item.webp,264,900,2.3,0.0261,#01459a,
PP915-75,PP915-75__solo.webp,1527,961,0.95,5,PP915-75__item.webp,265,900,2.3,0.0261,#d1cce3,
PP915-76,PP915-76__solo.webp,1527,987,0.986,7,PP915-76__item.webp,264,900,2.3,0.0261,#38b6de,
PP915-77,PP915-77__solo.webp,1527,987,0.986,7,PP915-77__item.webp,264,900,2.3,0.0261,#b9a9ce,
PP915-78,PP915-78__solo.webp,1527,987,0.986,7,PP915-78__item.webp,265,900,2.3,0.0261,#d6e6bf,
PP915-79,PP915-79__solo.webp,1527,987,0.986,7,PP915-79__item.webp,264,900,2.3,0.0261,#b3d296,
PP915-8,PP915-8__solo.webp,1527,987,0.986,6,PP915-8__item.webp,264,900,2.3,0.0261,#f19db5,
PP915-80,PP915-80__solo.webp,1527,987,0.987,7,PP915-80__item.webp,264,900,2.3,0.0261,#61afdf,
PP915-81,PP915-81__solo.webp,1527,987,0.986,6,PP915-81__item.webp,264,900,2.3,0.0261,#674196,
PP915-82,PP915-82__solo.webp,1527,987,0.986,6,PP915-82__item.webp,264,900,2.3,0.0261,#8f519c,
PP915-83,PP915-83__solo.webp,1527,987,0.986,6,PP915-83__item.webp,264,900,2.3,0.0261,#8b73a5,
PP915-84,PP915-84__solo.webp,1527,987,0.986,6,PP915-84__item.webp,264,900,2.3,0.0261,#e3037f,
PP915-85,PP915-85__solo.webp,1527,987,0.986,6,PP915-85__item.webp,264,900,2.3,0.0261,#c04f91,
PP915-86,PP915-86__solo.webp,1527,987,0.986,6,PP915-86__item.webp,264,900,2.3,0.0261,#ef98b8,
PP915-87,PP915-87__solo.webp,1527,987,0.987,6,PP915-87__item.webp,264,900,2.3,0.0261,#b52b76,
PP915-88,PP915-88__solo.webp,1527,987,0.986,7,PP915-88__item.webp,264,900,2.3,0.0261,#ea6ea4,
PP915-89,PP915-89__solo.webp,1527,987,0.986,6,PP915-89__item.webp,264,900,2.3,0.0261,#f09dd1,
PP915-9,PP915-9__solo.webp,1527,987,0.987,7,PP915-9__item.webp,264,900,2.3,0.0261,#ed7419,
PP915-90,PP915-90__solo.webp,1527,987,0.986,7,PP915-90__item.webp,264,900,2.3,0.0261,#f6b978,
PP915-91,PP915-91__solo.webp,1527,987,0.986,6,PP915-91__item.webp,264,900,2.3,0.0261,#86514d,
PP915-92,PP915-92__solo.webp,1527,987,0.986,6,PP915-92__item.webp,264,900,2.3,0.0261,#725351,
PP915-93,PP915-93__solo.webp,1527,961,0.956,6,PP915-93__item.webp,265,900,2.3,0.0261,#d9e7c3,
PP915-94,PP915-94__solo.webp,1527,987,0.986,7,PP915-94__item.webp,264,900,2.3,0.0261,#8d5139,
PP915-95,PP915-95__solo.webp,1527,987,0.987,7,PP915-95__item.webp,264,900,2.3,0.0261,#a37c6d,
PP915-96,PP915-96__solo.webp,1527,987,0.986,7,PP915-96__item.webp,264,900,2.3,0.0261,#d68bac,
PP915-97,PP915-97__solo.webp,1527,987,0.986,6,PP915-97__item.webp,264,900,2.3,0.0261,#ec9568,
PP915-98,PP915-98__solo.webp,1527,987,0.987,7,PP915-98__item.webp,264,900,2.3,0.0261,#5f423c,
PP915-99,PP915-99__solo.webp,1527,987,0.986,6,PP915-99__item.webp,264,900,2.3,0.0261,#725245,
PP917-12,PP917-12__solo.webp,1532,965,0.991,4,PP917-12__item.webp,114,900,5.96,0.0665,,
PP917-18,PP917-18__solo.webp,1530,965,0.993,5,PP917-18__item.webp,113,900,5.96,0.0665,,
PP917-24,PP917-24__solo.webp,1529,965,0.992,4,PP917-24__item.webp,113,900,5.96,0.0665,,
PP917-36,PP917-36__solo.webp,1532,965,0.993,5,PP917-36__item.webp,114,900,5.96,0.0665,,
PP917-48,PP917-48__solo.webp,1213,940,0.831,3,PP917-48__item.webp,133,900,5.96,0.0665,,
PP917-6,PP917-6__solo.webp,992,964,0.806,7,PP917-6__p4.webp,113,900,5.96,0.0665,,
PP917-96,PP917-96__solo.webp,1212,939,0.832,3,PP917-96__item.webp,113,900,5.96,0.0665,,
PP920,PP920__solo.webp,1531,946,0.992,3,PP920__item.webp,156,900,,,,
PP921,PP921__solo.webp,1554,954,0.991,3,PP921__item.webp,121,900,,,,
PP922-01,PP922-01__solo.webp,1058,940,0.841,3,PP922-01__item.webp,103,900,20.79,0.1286,,
PP922-02,PP922-02__solo.webp,1066,941,0.842,3,PP922-02__item.webp,237,900,20.79,0.1286,,
PP922-03,PP922-03__solo.webp,1066,941,0.842,3,PP922-03__item.webp,237,900,20.79,0.1286,,
PP922-04,PP922-04__solo.webp,1066,941,0.842,3,PP922-04__item.webp,237,900,20.79,0.1286,,
PP922-05,PP922-05__solo.webp,1066,946,0.842,3,PP922-05__item.webp,237,900,20.79,0.1286,,
PP922-06,PP922-06__solo.webp,1066,952,0.844,3,PP922-06__item.webp,235,900,20.79,0.1286,,
PP922-07,PP922-07__solo.webp,1066,951,0.843,3,PP922-07__item.webp,235,900,20.79,0.1286,,
PP922-08,PP922-08__solo.webp,1066,952,0.843,3,PP922-08__item.webp,235,900,20.79,0.1286,,
PP922-09,PP922-09__solo.webp,1066,949,0.843,3,PP922-09__item.webp,236,900,20.79,0.1286,,
PP922-10,PP922-10__solo.webp,1066,951,0.843,3,PP922-10__item.webp,103,900,20.79,0.1286,,
PP922-11,PP922-11__solo.webp,1066,951,0.844,3,PP922-11__item.webp,235,900,20.79,0.1286,,
PP922-12,PP922-12__solo.webp,1066,948,0.843,3,PP922-12__item.webp,104,900,20.79,0.1286,,
PP922-13,PP922-13__solo.webp,1066,948,0.845,3,PP922-13__item.webp,103,900,20.79,0.1286,,
PP922-14,PP922-14__solo.webp,1066,955,0.844,3,PP922-14__item.webp,102,900,20.79,0.1286,,
PP922-15,PP922-15__solo.webp,1066,955,0.843,3,PP922-15__item.webp,102,900,20.79,0.1286,,
PP922-16,PP922-16__solo.webp,1066,951,0.843,2,PP922-16__item.webp,103,900,20.79,0.1286,,
PP922-17,PP922-17__solo.webp,1066,953,0.843,3,PP922-17__item.webp,102,900,20.79,0.1286,,
PP922-18,PP922-18__solo.webp,1066,954,0.843,2,PP922-18__item.webp,104,900,20.79,0.1286,,
PP922-19,PP922-19__solo.webp,1066,955,0.842,3,PP922-19__item.webp,102,900,20.79,0.1286,,
PP922-20,PP922-20__solo.webp,1066,955,0.842,3,PP922-20__item.webp,102,900,20.79,0.1286,,
PP922-21,PP922-21__solo.webp,1066,956,0.843,3,PP922-21__item.webp,104,900,20.79,0.1286,,
PP922-22,PP922-22__solo.webp,1066,970,0.845,2,PP922-22__item.webp,105,900,20.79,0.1286,,
PP922-23,PP922-23__solo.webp,1066,952,0.844,3,PP922-23__item.webp,236,900,20.79,0.1286,,
PP922-24,PP922-24__solo.webp,1066,957,0.845,3,PP922-24__item.webp,234,900,20.79,0.1286,,
PP922-25,PP922-25__solo.webp,1066,957,0.844,3,PP922-25__item.webp,234,900,20.79,0.1286,,
PP922-26,PP922-26__solo.webp,1066,956,0.889,2,PP922-26__item.webp,235,900,20.79,0.1286,,
PP922-27,PP922-27__solo.webp,1066,955,0.841,2,PP922-27__item.webp,237,900,20.79,0.1286,,
PP922-28,PP922-28__solo.webp,1529,955,0.991,3,PP922-28__p3.webp,237,900,20.79,0.1286,,
PP927-12,PP927-12__solo.webp,1528,954,0.991,17,PP927-12__item.webp,322,698,0.29,0.0459,,
PP927-24,PP927-24__solo.webp,1528,959,0.991,13,PP927-24__item.webp,404,643,0.29,0.0459,,
PP927-36,PP927-36__solo.webp,1528,959,0.992,8,PP927-36__item.webp,127,863,0.29,0.0459,,
PP928-01,PP928-01__solo.webp,1529,948,0.993,6,PP928-01__item.webp,116,900,7.79,0.0386,,
PP928-02,PP928-02__solo.webp,1529,948,0.993,6,PP928-02__item.webp,115,900,7.79,0.0386,,
PP928-03,PP928-03__solo.webp,1529,948,0.993,6,PP928-03__item.webp,116,900,7.79,0.0386,,
PP93-1010,PP93-1010__solo.webp,1532,941,0.991,3,PP93-1010__item.webp,816,410,0.08,0.0086,,
PP93-1515,PP93-1515__solo.webp,1532,941,0.991,3,PP93-1515__item.webp,816,410,0.08,0.0086,,
PP93-1824,PP93-1824__solo.webp,1178,937,0.882,2,PP93-1824__item.webp,815,409,0.08,0.0086,,
PP93-66,PP93-66__solo.webp,1192,823,0.872,2,PP93-66__item.webp,815,409,0.08,0.0086,,
PP93-88,PP93-88__solo.webp,1209,855,0.883,2,PP93-88__item.webp,815,410,0.08,0.0086,,
PP930,PP930__solo.webp,1087,938,0.933,4,PP930__item.webp,63,900,21.25,0.0123,,
PP930P,PP930P__solo.webp,1086,938,0.929,4,PP930P__item.webp,62,900,21.25,0.0123,,
PP931,PP931__solo.webp,1091,939,0.942,4,PP931__item.webp,63,900,21.25,0.0123,,
PP932,PP932__solo.webp,1298,947,0.953,4,PP932__item.webp,63,900,21.25,0.0123,,
PP938,PP938__solo.webp,1085,938,0.925,5,PP938__item.webp,81,863,50.44,0.0576,,
PP939,PP939__solo.webp,1184,944,0.944,4,PP939__item.webp,105,815,50.44,0.0576,,
PP94-1010,PP94-1010__solo.webp,1525,942,0.99,4,PP94-1010__item.webp,304,546,0.02,0.0011,,
PP94-1515,PP94-1515__solo.webp,1525,942,0.988,7,PP94-1515__item.webp,304,546,0.02,0.0011,,
PP94-1824,PP94-1824__solo.webp,1211,769,0.875,3,PP94-1824__item.webp,320,574,0.02,0.0011,,
PP94-66,PP94-66__solo.webp,1525,942,0.989,4,PP94-66__item.webp,304,546,0.02,0.0011,,
PP94-88,PP94-88__solo.webp,1525,942,0.989,4,PP94-88__item.webp,304,546,0.02,0.0011,,
PP942-01,PP942-01__solo.webp,1140,927,0.903,7,PP942-01__item.webp,189,322,48.24,0.0886,,
PP942-14,PP942-14__solo.webp,1097,935,0.845,7,PP942-14__item.webp,154,324,48.24,0.0886,,
PP943-10,PP943-10__solo.webp,1145,914,0.926,4,PP943-10__item.webp,153,900,53.77,0.1056,,
PP943-15,PP943-15__solo.webp,1283,937,0.94,4,PP943-15__item.webp,115,813,53.77,0.1056,,
PP943-24,PP943-24__solo.webp,1274,827,0.947,2,PP943-24__item.webp,119,864,53.77,0.1056,,
PP95-1824,PP95-1824__solo.webp,1530,944,0.985,2,PP95-1824__item.webp,312,444,4.8,0.0451,,
PP95-2020,PP95-2020__solo.webp,1531,941,0.986,4,PP95-2020__item.webp,370,367,4.8,0.0451,,
PP95-2025,PP95-2025__solo.webp,1528,941,0.986,3,PP95-2025__item.webp,371,443,4.8,0.0451,,
PP95-2030,PP95-2030__solo.webp,1528,953,0.985,4,PP95-2030__item.webp,367,390,4.8,0.0451,,
PP95-2050,PP95-2050__solo.webp,1528,945,0.989,3,PP95-2050__item.webp,388,685,4.8,0.0451,,
PP95-2430,PP95-2430__solo.webp,1528,945,0.986,3,PP95-2430__item.webp,377,395,4.8,0.0451,,
PP95-3030,PP95-3030__solo.webp,1528,943,0.986,2,PP95-3030__item.webp,397,396,4.8,0.0451,,
PP95-3040,PP95-3040__solo.webp,1527,944,0.986,3,PP95-3040__item.webp,396,419,4.8,0.0451,,
PP95-4040,PP95-4040__solo.webp,1527,942,0.987,3,PP95-4040__item.webp,422,418,4.8,0.0451,,
PP95-4050,PP95-4050__solo.webp,1528,943,0.987,3,PP95-4050__item.webp,422,444,4.8,0.0451,,
PP95-5050,PP95-5050__solo.webp,1528,942,0.987,3,PP95-5050__item.webp,447,444,4.8,0.0451,,
PP950-03,PP950-03__solo.webp,1528,908,0.993,7,PP950-03__item.webp,419,392,8.36,0.1381,,
PP950-04,PP950-04__solo.webp,1528,917,0.874,6,,,,8.36,0.1381,,
PP950-05,PP950-05__solo.webp,1528,895,0.993,8,,,,8.36,0.1381,,
PP950-06,PP950-06__solo.webp,1528,917,0.993,5,,,,8.36,0.1381,,
PP950-07,PP950-07__solo.webp,1528,908,0.991,7,PP950-07__item.webp,460,397,8.36,0.1381,,
PP950-09,PP950-09__solo.webp,1528,908,0.99,7,PP950-09__item.webp,400,413,8.36,0.1381,,
PP950-11,PP950-11__solo.webp,1528,908,0.991,7,,,,8.36,0.1381,,
PP950-12,PP950-12__solo.webp,1528,915,0.989,7,PP950-12__item.webp,446,385,8.36,0.1381,,
PP96-2030,PP96-2030__solo.webp,1525,955,0.985,4,PP96-2030__item.webp,363,521,5.26,0.1538,,
PP96-3040,PP96-3040__solo.webp,1529,944,0.986,3,PP96-3040__item.webp,443,564,5.26,0.1538,,
PP96-4050,PP96-4050__solo.webp,1529,943,0.988,4,PP96-4050__item.webp,566,563,5.26,0.1538,,
PP97-2020,PP97-2020__solo.webp,1530,955,0.989,5,PP97-2020__item.webp,354,354,7.72,0.1207,,
PP97-2525,PP97-2525__solo.webp,1529,952,0.99,4,PP97-2525__item.webp,458,490,7.72,0.1207,,
PP97-3030,PP97-3030__solo.webp,1534,952,0.99,5,PP97-3030__item.webp,491,493,7.72,0.1207,,
PP97-3535,PP97-3535__solo.webp,1530,952,0.99,3,PP97-3535__item.webp,503,502,7.72,0.1207,,
PP97-4040,PP97-4040__solo.webp,1534,952,0.991,4,PP97-4040__item.webp,554,554,7.72,0.1207,,
PP97-4545,PP97-4545__solo.webp,1530,947,0.992,4,PP97-4545__item.webp,593,646,7.72,0.1207,,
PP97-5050,PP97-5050__solo.webp,1530,944,0.993,3,PP97-5050__item.webp,644,644,7.72,0.1207,,
PP98-100100,PP98-100100__solo.webp,1529,944,0.995,4,PP98-100100__item.webp,834,834,8.01,0.063,,
PP98-100120,PP98-100120__solo.webp,1529,957,0.987,3,PP98-100120__item.webp,771,892,8.01,0.063,,
PP98-1616,PP98-1616__solo.webp,1533,941,0.985,3,PP98-1616__item.webp,315,321,8.01,0.063,,
PP98-1824,PP98-1824__solo.webp,1529,944,0.985,2,PP98-1824__item.webp,290,382,8.01,0.063,,
PP98-2020,PP98-2020__solo.webp,1531,953,0.987,2,PP98-2020__item.webp,543,436,8.01,0.063,,
PP98-2025,PP98-2025__solo.webp,1539,957,0.988,2,PP98-2025__item.webp,387,470,8.01,0.063,,
PP98-2030,PP98-2030__solo.webp,1530,944,0.988,2,PP98-2030__item.webp,345,508,8.01,0.063,,
PP98-2050,PP98-2050__solo.webp,1528,942,0.989,4,PP98-2050__item.webp,367,613,8.01,0.063,,
PP98-2430,PP98-2430__solo.webp,1529,944,0.986,3,PP98-2430__item.webp,332,395,8.01,0.063,,
PP98-3030,PP98-3030__solo.webp,1533,955,0.987,2,PP98-3030__item.webp,564,405,8.01,0.063,,
PP98-3040,PP98-3040__solo.webp,1528,943,0.987,2,PP98-3040__item.webp,335,426,8.01,0.063,,
PP98-3060,PP98-3060__solo.webp,1529,944,0.989,4,PP98-3060__item.webp,395,545,8.01,0.063,,
PP98-4040,PP98-4040__solo.webp,1528,944,0.988,2,PP98-4040__item.webp,411,422,8.01,0.063,,
PP98-4050,PP98-4050__solo.webp,1528,943,0.987,2,PP98-4050__item.webp,347,446,8.01,0.063,,
PP98-4060,PP98-4060__solo.webp,1529,942,0.988,4,PP98-4060__item.webp,338,545,8.01,0.063,,
PP98-4080,PP98-4080__solo.webp,1529,943,0.991,3,PP98-4080__item.webp,378,752,8.01,0.063,,
PP98-50100,PP98-50100__solo.webp,1529,944,0.992,2,PP98-50100__item.webp,430,834,8.01,0.063,,
PP98-5050,PP98-5050__solo.webp,1528,943,0.981,3,PP98-5050__item.webp,446,445,8.01,0.063,,
PP98-5060,PP98-5060__solo.webp,1529,946,0.99,4,PP98-5060__item.webp,472,549,8.01,0.063,,
PP98-5070,PP98-5070__solo.webp,1529,943,0.991,3,PP98-5070__item.webp,473,659,8.01,0.063,,
PP98-6060,PP98-6060__solo.webp,1529,944,0.991,4,PP98-6060__item.webp,546,546,8.01,0.063,,
PP98-6080,PP98-6080__solo.webp,1529,943,0.993,3,PP98-6080__item.webp,543,752,8.01,0.063,,
PP98-6090,PP98-6090__solo.webp,1529,942,0.993,3,PP98-6090__item.webp,553,813,8.01,0.063,,
PP99-100100,PP99-100100__solo.webp,1535,965,0.995,4,PP99-100100__item.webp,847,855,13.29,0.1076,,
PP99-100120,PP99-100120__solo.webp,1536,972,0.995,2,PP99-100120__item.webp,775,900,13.29,0.1076,,
PP99-1824,PP99-1824__solo.webp,1529,944,0.985,2,PP99-1824__item.webp,298,382,13.29,0.1076,,
PP99-2020,PP99-2020__solo.webp,1528,943,0.986,2,PP99-2020__item.webp,372,426,13.29,0.1076,,
PP99-2025,PP99-2025__solo.webp,1529,944,0.988,2,PP99-2025__item.webp,372,458,13.29,0.1076,,
PP99-2030,PP99-2030__solo.webp,1529,943,0.988,3,PP99-2030__item.webp,342,564,13.29,0.1076,,
PP99-2050,PP99-2050__solo.webp,1523,942,0.989,4,PP99-2050__item.webp,368,613,13.29,0.1076,,
PP99-2430,PP99-2430__solo.webp,1535,957,0.987,2,PP99-2430__item.webp,516,410,13.29,0.1076,,
PP99-3030,PP99-3030__solo.webp,1537,955,0.987,2,PP99-3030__item.webp,400,409,13.29,0.1076,,
PP99-3040,PP99-3040__solo.webp,1534,955,0.987,3,PP99-3040__item.webp,516,430,13.29,0.1076,,
PP99-3060,PP99-3060__solo.webp,1536,959,0.99,4,PP99-3060__item.webp,410,560,13.29,0.1076,,
PP99-4040,PP99-4040__solo.webp,1535,958,0.988,2,PP99-4040__item.webp,596,439,13.29,0.1076,,
PP99-4050,PP99-4050__solo.webp,1533,953,0.988,3,PP99-4050__item.webp,348,457,13.29,0.1076,,
PP99-4060,PP99-4060__solo.webp,1536,956,0.988,4,PP99-4060__item.webp,339,559,13.29,0.1076,,
PP99-4080,PP99-4080__solo.webp,1539,952,0.991,3,PP99-4080__item.webp,397,762,13.29,0.1076,,
PP99-50100,PP99-50100__solo.webp,1535,957,0.992,2,PP99-50100__item.webp,632,853,13.29,0.1076,,
PP99-5050,PP99-5050__solo.webp,1533,953,0.982,2,PP99-5050__item.webp,459,459,13.29,0.1076,,
PP99-5060,PP99-5060__solo.webp,1537,956,0.99,3,PP99-5060__item.webp,479,565,13.29,0.1076,,
PP99-5070,PP99-5070__solo.webp,1538,954,0.992,3,PP99-5070__item.webp,483,676,13.29,0.1076,,
PP99-6060,PP99-6060__solo.webp,1535,957,0.991,4,PP99-6060__item.webp,559,562,13.29,0.1076,,
PP99-6080,PP99-6080__solo.webp,1535,959,0.993,3,PP99-6080__item.webp,551,768,13.29,0.1076,,
PP99-6090,PP99-6090__solo.webp,1539,957,0.993,3,PP99-6090__item.webp,571,825,13.29,0.1076,,
PS001,PS001__solo.webp,1213,911,0.895,3,PS001__item.webp,444,374,,,,
PS002,PS002__solo.webp,715,912,0.591,2,PS002__item.webp,715,510,,,,
PS003,PS003__solo.webp,1148,821,0.856,2,PS003__item.webp,463,405,50.67,0.0994,,
PS003V,PS003V__solo.webp,1161,884,0.88,2,PS003V__item.webp,463,399,50.67,0.0994,,
PS004,PS004__solo.webp,1192,947,0.861,2,PS004__item.webp,406,439,50.67,0.0994,,
PS005,PS005__solo.webp,1206,896,0.891,2,PS005__item.webp,437,453,9.17,0.0677,,
PS006-01,PS006-01__solo.webp,1204,878,0.886,2,PS006-01__item.webp,735,345,129.95,0.1382,,
PS006,PS006__solo.webp,1166,906,0.885,2,PS006__item.webp,385,416,129.95,0.1382,,
PS007,PS007__solo.webp,559,381,0.461,1,PS007__item.webp,559,381,50.67,0.0994,,
PS033,PS033__solo.webp,831,425,0.576,1,PS033__item.webp,831,425,14.11,0.1488,,
PS033V,PS033V__solo.webp,1410,843,0.983,4,PS033V__item.webp,900,460,14.11,0.1488,,
PS034,PS034__solo.webp,1157,868,0.881,2,PS034__item.webp,753,520,14.11,0.1488,,
PS035,PS035__solo.webp,1532,946,0.991,1,PS035__item.webp,289,630,,,,
PS036,PS036__solo.webp,1126,948,0.891,2,PS036__item.webp,288,629,9.17,0.0677,,
PS037,PS037__solo.webp,1145,944,0.881,3,PS037__item.webp,288,630,9.17,0.0677,,
PS038,PS038__solo.webp,1144,940,0.862,2,PS038__item.webp,288,630,9.17,0.0677,,
PS201,PS201__solo.webp,885,637,0.781,2,PS201__item.webp,311,495,6.39,0.1081,,
PS202,PS202__solo.webp,917,727,0.829,3,PS202__item.webp,352,591,6.39,0.1081,,
PS203,PS203__solo.webp,912,706,0.81,2,PS203__item.webp,413,585,6.39,0.1081,,
PS204,PS204__solo.webp,993,756,0.764,2,PS204__item.webp,450,684,6.39,0.1081,,
PS205,PS205__solo.webp,1165,929,0.811,2,PS205__item.webp,581,737,6.39,0.1081,,
PS206,PS206__solo.webp,1049,795,0.819,2,PS206__item.webp,506,774,6.39,0.1081,,
PS207,PS207__solo.webp,1031,800,0.854,2,PS207__item.webp,492,787,6.39,0.1081,,
PS208,PS208__solo.webp,1157,866,0.85,2,PS208__item.webp,606,866,6.39,0.1081,,
PS209,PS209__solo.webp,1194,895,0.858,2,PS209__item.webp,605,895,6.39,0.1081,,
PS210,PS210__solo.webp,1194,938,0.85,2,PS210__item.webp,626,900,6.39,0.1081,,
PS211,PS211__solo.webp,1134,915,0.875,2,PS211__item.webp,533,505,6.39,0.1081,,
PT100,PT100__solo.webp,1521,860,0.993,3,PT100__item.webp,683,597,,,,
PT102,PT102__solo.webp,1027,923,0.89,3,PT102__item.webp,458,580,98.02,0.1094,,
PT103,PT103__solo.webp,1415,816,0.986,3,PT103__item.webp,432,588,71.32,0.1689,,
PT104,PT104__solo.webp,948,937,0.877,2,PT104__item.webp,311,639,98.02,0.1094,,
PT105,PT105__solo.webp,873,831,0.875,2,PT105__item.webp,273,565,71.32,0.1689,,
PT106,PT106__solo.webp,979,812,0.973,2,PT106__item.webp,533,681,,,,
PT108,PT108__solo.webp,854,839,0.953,3,PT108__item.webp,251,659,,,,
PT109,PT109__solo.webp,1134,945,0.976,3,PT109__item.webp,826,695,,,,
PT110,PT110__solo.webp,890,933,0.973,2,PT110__item.webp,288,770,,,,
PT112,PT112__solo.webp,1023,866,0.978,3,PT112__item.webp,687,716,,,,
PT119,PT119__solo.webp,1163,819,0.909,2,PT119__item.webp,398,600,,,,
PT120,PT120__solo.webp,1202,808,0.905,3,PT120__item.webp,516,586,,,,
PT121,PT121__solo.webp,1215,757,0.977,3,PT121__item.webp,821,627,,,,
PT122,PT122__solo.webp,1528,848,0.965,4,PT122__item.webp,295,641,,,,
PT134,PT134__solo.webp,1519,968,0.982,5,PT134__item.webp,359,900,,,,
PT135,PT135__solo.webp,1489,942,0.897,4,PT135__item.webp,900,622,,,,
PT137,PT137__solo.webp,1527,899,0.984,5,PT137__item.webp,643,889,,,,
PT140,PT140__solo.webp,881,877,0.828,2,PT140__item.webp,284,620,,,,
PT141,PT141__solo.webp,883,884,0.827,2,PT141__item.webp,283,620,,,,
PT142-1,PT142-1__solo.webp,872,738,0.891,2,PT142-1__item.webp,400,499,74.54,0.0391,,
PT142-2,PT142-2__solo.webp,869,740,0.879,2,PT142-2__item.webp,395,489,74.54,0.0391,,
PT143-1,PT143-1__solo.webp,1278,848,0.987,3,PT143-1__item.webp,672,517,3.26,0.0889,,
PT143-2,PT143-2__solo.webp,1261,846,0.985,3,PT143-2__item.webp,627,484,3.26,0.0889,,
PT143-3,PT143-3__solo.webp,1260,846,0.985,3,PT143-3__item.webp,581,448,3.26,0.0889,,
PT143-4,PT143-4__solo.webp,1527,674,0.968,3,PT143-4__p2.webp,410,543,3.26,0.0889,,
PT200,PT200__solo.webp,1527,940,0.99,3,PT200__item.webp,541,607,,,,
PT201,PT201__solo.webp,1568,943,0.991,4,PT201__item.webp,778,545,,,,
PT300,PT300__solo.webp,1528,949,0.992,3,PT300__item.webp,868,583,61.03,0.0364,,
PT300B,PT300B__solo.webp,874,947,0.728,2,PT300B__item.webp,874,588,61.03,0.0364,,
PT300D,PT300D__solo.webp,1528,950,0.993,3,PT300D__item.webp,868,583,61.03,0.0364,,
PT300N,PT300N__solo.webp,1538,948,0.992,3,PT300N__item.webp,867,583,61.03,0.0364,,
PT301,PT301__solo.webp,1529,948,0.994,3,PT301__item.webp,900,605,61.03,0.0364,,
PT301B,PT301B__solo.webp,991,952,0.762,2,PT301B__item.webp,900,605,61.03,0.0364,,
PT301D,PT301D__solo.webp,1529,949,0.995,3,PT301D__item.webp,900,605,61.03,0.0364,,
PT301N,PT301N__solo.webp,1540,951,0.994,3,PT301N__item.webp,900,605,61.03,0.0364,,
PT302B,PT302B__solo.webp,1111,950,0.79,2,PT302B__item.webp,900,605,92.19,0.0425,,
PT302D,PT302D__solo.webp,1529,953,0.995,3,PT302D__item.webp,900,604,92.19,0.0425,,
PT302N,PT302N__solo.webp,1541,949,0.995,3,PT302N__item.webp,900,605,92.19,0.0425,,
PT303,PT303__solo.webp,1527,943,0.994,6,PT303__item.webp,414,612,2.99,0.0303,,
PT304,PT304__solo.webp,1534,948,0.994,6,PT304__item.webp,464,680,2.99,0.0303,,
PT307,PT307__solo.webp,1533,943,0.99,3,PT307__item.webp,647,464,0.15,0.0181,,
PT308,PT308__solo.webp,1532,945,0.992,3,PT308__item.webp,754,539,0.15,0.0181,,
PT309,PT309__solo.webp,1532,942,0.995,3,PT309__item.webp,900,643,0.15,0.0181,,
PT310-01,PT310-01__solo.webp,1528,966,0.992,8,PT310-01__item.webp,440,339,,,,
PT311-01,PT311-01__solo.webp,1528,967,0.992,9,PT311-01__item.webp,817,340,,,,
PT312,PT312__solo.webp,1523,939,0.984,4,PT312__item.webp,701,501,0.24,0.0061,,
PT313,PT313__solo.webp,1527,944,0.988,3,PT313__item.webp,843,599,0.24,0.0061,,
PT314,PT314__solo.webp,1530,933,0.991,3,PT314__item.webp,900,644,,,,
PT315,PT315__solo.webp,1540,952,0.972,4,PT315__item.webp,900,623,18.66,0.0347,,
PT316,PT316__solo.webp,1540,952,0.975,4,PT316__item.webp,900,623,18.66,0.0347,,
PT317,PT317__solo.webp,1540,952,0.987,3,PT317__item.webp,900,604,,,,
PY001,PY001__solo.webp,1229,898,0.926,4,PY001__item.webp,815,821,,,,
PY002,PY002__solo.webp,1010,948,0.908,4,PY002__item.webp,563,900,,,,
PY003,PY003__solo.webp,1399,921,0.981,10,PY003__item.webp,833,899,,,,
PY006,PY006__solo.webp,1418,900,0.996,2,PY006__item.webp,706,832,,,,
PY007,PY007__solo.webp,1366,945,0.996,6,PY007__item.webp,640,900,,,,
PY008,PY008__solo.webp,1304,898,0.785,3,PY008__item.webp,533,831,,,,
PY035-1,PY035-1__solo.webp,1527,857,0.99,3,PY035-1__item.webp,591,243,62.08,0.0334,,
PY035-2,PY035-2__solo.webp,1541,863,0.99,3,PY035-2__item.webp,590,243,62.08,0.0334,,
PY036-1,PY036-1__solo.webp,1527,892,0.992,3,PY036-1__item.webp,671,276,62.08,0.0334,,
PY036-2,PY036-2__solo.webp,1537,900,0.992,3,PY036-2__item.webp,675,278,62.08,0.0334,,
PY037,PY037__solo.webp,1524,886,0.991,3,PY037__item.webp,670,275,62.08,0.0334,,
PY038,PY038__solo.webp,1527,857,0.989,3,PY038__item.webp,591,243,62.08,0.0334,,
PY039-1,PY039-1__solo.webp,1526,933,0.994,4,PY039-1__item.webp,742,305,62.08,0.0334,,
PY039-2,PY039-2__solo.webp,1530,928,0.994,5,PY039-2__item.webp,749,308,62.08,0.0334,,
PY040-01,PY040-01__solo.webp,1530,945,0.993,10,PY040-01__item.webp,900,535,69.96,0.1357,,
PY040-02,PY040-02__solo.webp,1527,947,0.993,10,PY040-02__item.webp,900,536,69.96,0.1357,,
PY041-01,PY041-01__solo.webp,1531,942,0.988,4,PY041-01__item.webp,413,392,10.88,0.0584,,
PY041-02,PY041-02__solo.webp,1527,942,0.988,4,PY041-02__item.webp,415,405,10.88,0.0584,,
PY042-01,PY042-01__solo.webp,1529,950,0.988,4,PY042-01__item.webp,315,388,45.02,0.1572,,
PY042-02,PY042-02__solo.webp,1531,945,0.988,3,PY042-02__item.webp,524,900,45.02,0.1572,,
PY043,PY043__solo.webp,1202,873,0.882,5,PY043__item.webp,161,241,69.96,0.1357,,
PY044,PY044__solo.webp,1530,946,0.994,3,PY044__item.webp,365,364,10.88,0.0584,,
PY045,PY045__solo.webp,1529,945,0.994,4,PY045__item.webp,390,706,45.02,0.1572,,
PY046,PY046__solo.webp,1529,953,0.994,4,PY046__item.webp,380,853,69.96,0.1357,,
PY047,PY047__solo.webp,1528,948,0.994,4,PY047__item.webp,379,853,69.96,0.1357,,
PY048,PY048__solo.webp,1527,948,0.989,6,PY048__item.webp,566,446,,,,
PY049,PY049__solo.webp,1526,946,0.994,9,PY049__item.webp,900,516,,,,
PY050,PY050__solo.webp,1215,849,0.863,4,PY050__item.webp,760,742,,,,
PY051,PY051__solo.webp,1528,912,0.992,5,PY051__item.webp,534,346,,,,
PY052,PY052__solo.webp,1186,868,0.844,4,PY052__item.webp,742,258,,,,
PY053,PY053__solo.webp,1527,650,0.992,12,PY053__item.webp,619,572,7.83,0.1339,,
PY054,PY054__solo.webp,1532,588,0.992,2,PY054__item.webp,617,585,7.83,0.1339,,
PY055,PY055__solo.webp,1530,589,0.991,3,PY055__item.webp,641,585,7.83,0.1339,,
PY056,PY056__solo.webp,1527,731,0.987,3,PY056__item.webp,624,601,7.83,0.1339,,
PY057,PY057__solo.webp,1529,690,0.992,4,PY057__item.webp,626,619,7.83,0.1339,,
PY058,PY058__solo.webp,1533,623,0.991,1,PY058__item.webp,606,573,7.83,0.1339,,
S001,S001__solo.webp,1522,970,0.981,4,S001__item.webp,157,900,,,,
S002,S002__solo.webp,1534,933,0.982,7,S002__item.webp,551,611,,,,
S003,S003__solo.webp,1525,959,0.971,6,S003__item.webp,44,900,,,,
S004,S004__solo.webp,1103,910,0.942,4,S004__item.webp,557,236,,,,
S005,S005__solo.webp,1157,879,0.876,5,S005__item.webp,351,570,33.2,0.072,,
S006,S006__solo.webp,1486,946,0.973,6,S006__item.webp,190,867,,,,
S007,S007__solo.webp,1109,859,0.901,6,S007__item.webp,799,393,,,,
S008,S008__solo.webp,1476,982,0.928,7,S008__item.webp,64,900,0.26,0.0161,,
S009,S009__solo.webp,1457,980,0.925,7,S009__item.webp,65,900,0.26,0.0161,,
S010,S010__solo.webp,885,834,0.854,5,S010__item.webp,597,834,,,,
S011,S011__solo.webp,860,833,0.853,5,S011__item.webp,84,569,,,,
S012-01,S012-01__solo.webp,1468,928,0.976,8,S012-01__item.webp,96,757,72.7,0.115,,
S012-02,S012-02__solo.webp,1046,854,0.834,5,S012-02__item.webp,99,757,72.7,0.115,,
S013-01,S013-01__solo.webp,1527,926,0.99,5,S013-01__item.webp,550,270,0.4,0.0205,,
S013-02,S013-02__solo.webp,1527,928,0.99,5,S013-02__item.webp,551,272,0.4,0.0205,,
S017,S017__solo.webp,934,857,0.8,5,S017__item.webp,303,857,,,,
S018,S018__solo.webp,1009,904,0.897,7,S018__item.webp,418,241,,,,
S019,S019__solo.webp,1503,941,0.981,7,S019__item.webp,302,832,,,,
S020,S020__solo.webp,1176,838,0.912,6,S020__item.webp,443,548,,,,
S021,S021__solo.webp,1152,892,0.936,4,S021__item.webp,395,506,,,,
S022,S022__solo.webp,1095,908,0.885,12,S022__item.webp,191,297,,,,
S023,S023__solo.webp,1157,789,0.899,5,S023__item.webp,362,652,,,,
S024,S024__solo.webp,1165,909,0.892,7,S024__item.webp,826,867,,,,
S025,S025__solo.webp,1516,953,0.989,9,S025__item.webp,658,746,,,,
S026,S026__solo.webp,1170,876,0.889,4,S026__item.webp,851,443,,,,
S027,S027__solo.webp,1044,887,0.919,3,S027__item.webp,435,335,,,,
S028,S028__solo.webp,1119,884,0.91,4,S028__item.webp,383,383,,,,
S029,S029__solo.webp,1084,780,0.897,14,S029__item.webp,900,647,,,,
S030,S030__solo.webp,1151,937,0.856,4,S030__item.webp,531,450,,,,
S031,S031__solo.webp,1512,832,0.984,8,S031__item.webp,900,664,,,,
S032,S032__solo.webp,1494,804,0.983,5,S032__item.webp,900,682,,,,
S033,S033__solo.webp,1510,963,0.991,5,S033__item.webp,900,761,,,,
S034,S034__solo.webp,760,864,0.947,6,S034__item.webp,575,783,,,,
S037,S037__solo.webp,839,793,0.815,3,S037__item.webp,362,616,12.75,0.1951,,
S038,S038__solo.webp,781,799,0.783,3,S038__item.webp,750,799,12.75,0.1951,,
S039,S039__solo.webp,921,934,0.876,3,S039__item.webp,45,900,0.45,0.0129,,
S040,S040__solo.webp,1143,951,0.911,3,S040__item.webp,45,900,0.45,0.0129,,
S041,S041__solo.webp,1011,819,0.939,4,S041__item.webp,538,819,0.13,0.01,,
S042,S042__solo.webp,1054,685,0.903,3,S042__item.webp,54,723,0.13,0.01,,
S043,S043__solo.webp,1521,904,0.961,8,S043__item.webp,900,370,1.29,0.0603,,
S044,S044__solo.webp,1516,891,0.962,9,S044__item.webp,900,381,1.29,0.0603,,
S046-01,S046-01__solo.webp,1453,964,0.982,5,S046-01__item.webp,176,900,0.16,0.002,,
S046-02,S046-02__solo.webp,1452,964,0.981,5,S046-02__item.webp,176,900,0.16,0.002,,
S047,S047__solo.webp,1173,847,0.891,3,S047__item.webp,735,398,2.33,0.0645,,
S048,S048__solo.webp,1156,856,0.897,3,S048__item.webp,606,421,2.33,0.0645,,
S049,S049__solo.webp,1525,925,0.981,7,S049__item.webp,681,651,,,,
S050-01,S050-01__solo.webp,1157,652,0.907,3,S050-01__item.webp,322,652,29.57,0.0279,,
S050-02,S050-02__solo.webp,1157,652,0.891,3,S050-02__item.webp,322,652,29.57,0.0279,,
S050-03,S050-03__solo.webp,1157,652,0.91,4,S050-03__item.webp,322,652,29.57,0.0279,,
S050-04,S050-04__solo.webp,1157,652,0.906,4,S050-04__item.webp,322,652,29.57,0.0279,,
S050-05,S050-05__solo.webp,1157,652,0.886,4,S050-05__item.webp,322,652,29.57,0.0279,,
S050-06,S050-06__solo.webp,1157,652,0.892,4,S050-06__item.webp,322,652,29.57,0.0279,,
S050-07,S050-07__solo.webp,1157,652,0.897,4,S050-07__item.webp,322,652,29.57,0.0279,,
S050-08,S050-08__solo.webp,1139,652,0.894,4,S050-08__item.webp,322,652,29.57,0.0279,,
S050-09,S050-09__solo.webp,1483,656,0.948,5,S050-09__item.webp,323,652,29.57,0.0279,,
S050-10,S050-10__solo.webp,1139,652,0.89,4,S050-10__item.webp,322,652,29.57,0.0279,,
S050-11,S050-11__solo.webp,1138,653,0.894,4,S050-11__item.webp,322,653,29.57,0.0279,,
S050-12,S050-12__solo.webp,1139,652,0.914,4,S050-12__item.webp,322,652,29.57,0.0279,,
S051,S051__solo.webp,1472,903,0.95,7,S051__item.webp,900,640,,,,
S052,S052__solo.webp,1450,902,0.945,7,S052__item.webp,900,636,,,,
S053,S053__solo.webp,1120,793,0.904,6,S053__item.webp,900,637,,,,
S054,S054__solo.webp,1529,937,0.758,3,S054__item.webp,900,348,,,,
S055-01,S055-01__solo.webp,1521,919,0.976,5,S055-01__item.webp,146,799,66.5,0.0648,,
S055-02,S055-02__solo.webp,1522,919,0.976,5,S055-02__item.webp,146,790,66.5,0.0648,,
S055-03,S055-03__solo.webp,1522,919,0.975,5,S055-03__item.webp,145,793,66.5,0.0648,,
S056-01,S056-01__solo.webp,1523,948,0.973,6,S056-01__item.webp,226,882,0.2,0.0217,,
S056-02,S056-02__solo.webp,1523,948,0.972,6,S056-02__item.webp,222,882,0.2,0.0217,,
S059,S059__solo.webp,1201,908,0.896,7,S059__item.webp,553,283,,,,
S060,S060__solo.webp,1213,751,0.935,5,S060__item.webp,532,751,,,,
S061,S061__solo.webp,1056,913,0.89,9,S061__item.webp,900,790,,,,
S062,S062__solo.webp,1208,961,0.868,4,S062__item.webp,576,487,,,,
S063-1,S063-1__solo.webp,1304,905,0.943,4,S063-1__item.webp,510,250,49.45,0.1058,,
S063-2,S063-2__solo.webp,1294,901,0.946,4,S063-2__item.webp,507,249,49.45,0.1058,,
S063-3,S063-3__solo.webp,1124,920,0.938,5,S063-3__item.webp,441,732,49.45,0.1058,,
S063,S063__solo.webp,1167,734,0.916,6,S063__item.webp,443,734,49.45,0.1058,,
S064,S064__solo.webp,1010,867,0.924,5,S064__item.webp,330,507,49.45,0.1058,,
S065,S065__solo.webp,1524,969,0.98,4,S065__item.webp,79,900,,,,
S066,S066__solo.webp,1156,756,0.857,3,S066__item.webp,72,736,,,,
S068,S068__solo.webp,1508,954,0.984,8,S068__item.webp,165,831,33.2,0.072,,
S071,S071__solo.webp,1521,904,0.968,10,S071__item.webp,900,366,,,,
SA034-1,SA034-1__solo.webp,1568,944,0.993,5,SA034-1__item.webp,635,285,91.91,0.1792,,
SA034-2,SA034-2__solo.webp,1568,934,0.992,5,SA034-2__p2.webp,413,438,91.91,0.1792,,
SA035,SA035__solo.webp,1520,847,0.992,7,SA035__item.webp,602,298,,,,
SA036,SA036__solo.webp,1527,839,0.99,4,SA036__item.webp,900,384,16.26,0.164,,
SA039,SA039__solo.webp,1527,940,0.991,3,SA039__p2.webp,900,365,16.26,0.164,,
SA040,SA040__solo.webp,1527,924,0.994,4,SA040__p1.webp,900,399,16.26,0.164,,
SA041,SA041__solo.webp,1568,966,0.994,4,SA041__p3.webp,900,466,16.26,0.164,,
SA043,SA043__solo.webp,1568,950,0.995,5,SA043__item.webp,729,430,33.68,0.1577,,
SA044,SA044__solo.webp,1534,917,0.995,4,SA044__p1.webp,900,202,33.68,0.1577,,
SA045-1,SA045-1__solo.webp,1568,987,0.99,5,SA045-1__item.webp,900,457,102.88,0.1287,,
SA045-2,SA045-2__solo.webp,1568,987,0.991,4,SA045-2__item.webp,893,460,102.88,0.1287,,
SA047,SA047__solo.webp,1568,958,0.99,4,SA047__item.webp,828,465,,,,
SA050,SA050__solo.webp,1568,968,0.988,5,SA050__item.webp,869,444,36.62,0.2009,,
SA051,SA051__solo.webp,1523,936,0.991,3,SA051__p1.webp,900,342,36.62,0.2009,,
SA317-1,SA317-1__solo.webp,1525,945,0.99,5,SA317-1__item.webp,753,773,88.71,0.0757,,
SA317-7,SA317-7__solo.webp,1525,940,0.991,3,SA317-7__item.webp,765,776,88.71,0.0757,,
SA318-1,SA318-1__solo.webp,1528,949,0.99,3,SA318-1__item.webp,587,827,70.91,0.123,,
SA318-2,SA318-2__solo.webp,1528,947,0.99,3,SA318-2__item.webp,586,825,70.91,0.123,,
SA318-6,SA318-6__solo.webp,1528,940,0.99,3,SA318-6__item.webp,578,821,70.91,0.123,,
SA319-1,SA319-1__solo.webp,1525,939,0.994,2,SA319-1__p1.webp,655,900,52.73,0.0322,,up
SA319-3,SA319-3__solo.webp,1525,939,0.994,2,SA319-3__item.webp,656,900,52.73,0.0322,,
SA319-4,SA319-4__solo.webp,1525,940,0.994,2,SA319-4__item.webp,655,900,52.73,0.0322,,
SA319-5,SA319-5__solo.webp,1525,938,0.994,2,SA319-5__item.webp,657,900,52.73,0.0322,,
SA319-6,SA319-6__solo.webp,1525,940,0.994,2,SA319-6__item.webp,655,900,52.73,0.0322,,
SA320-2,SA320-2__solo.webp,1525,935,0.994,2,SA320-2__item.webp,640,900,,,,
SA321-1,SA321-1__solo.webp,1531,951,0.987,4,SA321-1__item.webp,480,823,68.49,0.0966,,
SA321-2,SA321-2__solo.webp,1525,944,0.987,4,SA321-2__item.webp,480,820,68.49,0.0966,,
SA321-6,SA321-6__solo.webp,1525,941,0.986,4,SA321-6__item.webp,468,813,68.49,0.0966,,
SA321-7,SA321-7__solo.webp,1525,941,0.987,4,SA321-7__item.webp,476,813,68.49,0.0966,,
SA510-1,SA510-1__solo.webp,1543,795,0.986,4,SA510-1__item.webp,842,704,74.8,0.0994,,
SA510-2,SA510-2__solo.webp,1567,884,0.987,5,SA510-2__item.webp,841,705,74.8,0.0994,,
SA510-6,SA510-6__solo.webp,1567,884,0.986,5,SA510-6__item.webp,832,699,74.8,0.0994,,
SA510-7,SA510-7__solo.webp,1544,805,0.988,4,SA510-7__item.webp,855,709,74.8,0.0994,,
