famiglia,capitolo,sottocategoria,n_codici,membri,sug_finestra,sug_gruppo,sug_nota,gruppo,separa,finestra,img,descrizione,badge,nota
PA552,SCRITTURA&CORREZIONE,ACCESSORI,1,PA552,,,,,,,,,,
PA553,SCRITTURA&CORREZIONE,ACCESSORI,1,PA553,,,,,,,,,,
PA137,SCRITTURA&CORREZIONE,CORRETTORI A NASTRO,4,PA137 PA137-3 PA137M PA137M-3,PA137M · W1 colore di punta BLU,MP CORRETTORE A NASTRO X · M3 stesso design 3 formati,,MP CORRETTORE A NASTRO X,,,,,,
PA189,SCRITTURA&CORREZIONE,CORRETTORI A NASTRO,1,PA189,,,,,,,,,,
PA403,SCRITTURA&CORREZIONE,CORRETTORI A NASTRO,1,PA403,,,,,,,,,,
PA404,SCRITTURA&CORREZIONE,CORRETTORI A NASTRO,1,PA404,,,,,,,,,,
PA415,SCRITTURA&CORREZIONE,CORRETTORI A NASTRO,1,PA415,,MP CORRETTORE A NASTRO X · M3 stesso design 3 formati,,MP CORRETTORE A NASTRO X,,,,,,
PA419,SCRITTURA&CORREZIONE,CORRETTORI A NASTRO,1,PA419,,,,,,,,,,
PA422,SCRITTURA&CORREZIONE,CORRETTORI A NASTRO,1,PA422-3,,MP CORRETTORE A NASTRO X 3PZ · M3 stesso design 4 formati,,MP CORRETTORE A NASTRO X 3PZ,,,,,,
PA423,SCRITTURA&CORREZIONE,CORRETTORI A NASTRO,1,PA423-3,,MP CORRETTORE A NASTRO X 3PZ · M3 stesso design 4 formati,,MP CORRETTORE A NASTRO X 3PZ,,,,,,
PA425,SCRITTURA&CORREZIONE,CORRETTORI A NASTRO,1,PA425,,,,,,,,,,
PA426,SCRITTURA&CORREZIONE,CORRETTORI A NASTRO,2,PA426 PA426-1,,,,,,,,,,
PA429,SCRITTURA&CORREZIONE,CORRETTORI A NASTRO,1,PA429-01,,,,,,,,,,
PA452,SCRITTURA&CORREZIONE,CORRETTORI A NASTRO,1,PA452-01,,MP CORRETTORE A NASTRO X · M3 stesso design 3 formati,,MP CORRETTORE A NASTRO X,,,,,,
PA453,SCRITTURA&CORREZIONE,CORRETTORI A NASTRO,1,PA453-3,,MP CORRETTORE A NASTRO X 3PZ COL. ASS. · M3 stesso design 2 formati,,MP CORRETTORE A NASTRO X 3PZ COL. ASS.,,,,,,
PA454,SCRITTURA&CORREZIONE,CORRETTORI A NASTRO,1,PA454-3,,MP CORRETTORE A NASTRO X 3PZ · M3 stesso design 4 formati,,MP CORRETTORE A NASTRO X 3PZ,,,,,,
PA455-1,SCRITTURA&CORREZIONE,CORRETTORI A NASTRO,2,PA455-1 PA455-2,,,,,,,,,,
PA457-01,SCRITTURA&CORREZIONE,CORRETTORI A NASTRO,6,PA457-01 PA457-02 PA457-03 PA457-04 PA457-05 PA457S,,MP CORRETTORE A NASTRO X 3PZ · M3 stesso design 4 formati,,MP CORRETTORE A NASTRO X 3PZ,,,,,,
PA464-01,SCRITTURA&CORREZIONE,CORRETTORI A NASTRO,2,PA464-01 PA464-02,,MP CORRETTORE A NASTRO X 3PZ COL. ASS. · M3 stesso design 2 formati,,MP CORRETTORE A NASTRO X 3PZ COL. ASS.,,,,,,
PA465-01,SCRITTURA&CORREZIONE,CORRETTORI A NASTRO,2,PA465-01 PA465-02,,MP CORRETTORE A NASTRO MM X M · M3 stesso design 2 formati,,MP CORRETTORE A NASTRO MM X M,,,,,,
PA466-01,SCRITTURA&CORREZIONE,CORRETTORI A NASTRO,2,PA466-01 PA466-02,,MP CORRETTORE A NASTRO MM X M · M3 stesso design 2 formati,,MP CORRETTORE A NASTRO MM X M,,,,,,
PA467-1,SCRITTURA&CORREZIONE,CORRETTORI A NASTRO,2,PA467-1 PA467-2,,MP MINI CORRETTORE A NASTRO X · M3 stesso design 2 formati,,,,,,,,
PA468-1,SCRITTURA&CORREZIONE,CORRETTORI A NASTRO,2,PA468-1 PA468-2,,MP MINI CORRETTORE A NASTRO X · M3 stesso design 2 formati,,,,,,,,
PA541,SCRITTURA&CORREZIONE,CORRETTORI A NASTRO,1,PA541,,,,,,,,,,
PA138,SCRITTURA&CORREZIONE,CORRETTORI A PENNA,2,PA138 PA138-3,,,,,,,,,,
PA376,SCRITTURA&CORREZIONE,CORRETTORI A PENNA,1,PA376,,,,,,,,,,
PA431,SCRITTURA&CORREZIONE,CORRETTORI A PENNA,1,PA431,,MP CORRETTORE A PENNA 4PZ · M3 stesso design 2 formati,,MP CORRETTORE A PENNA 4PZ,,,,,,
PA432,SCRITTURA&CORREZIONE,CORRETTORI A PENNA,1,PA432,,MP MINI CORRETTORE A PENNA 4PZ · M3 stesso design 2 formati,,MP MINI CORRETTORE A PENNA 4PZ,,,,,,
PA433,SCRITTURA&CORREZIONE,CORRETTORI A PENNA,1,PA433,,,,,,,PA433,,,
PA434,SCRITTURA&CORREZIONE,CORRETTORI A PENNA,1,PA434,,MP CORRETTORE A PENNA 4PZ · M3 stesso design 2 formati,,MP CORRETTORE A PENNA 4PZ,,,,,,
PA435,SCRITTURA&CORREZIONE,CORRETTORI A PENNA,1,PA435,,MP MINI CORRETTORE A PENNA 4PZ · M3 stesso design 2 formati,,MP MINI CORRETTORE A PENNA 4PZ,,,,,,
PA139,SCRITTURA&CORREZIONE,CORRETTORI A PENNELLO,1,PA139,,,,,,,,,,
EX032,SCRITTURA&CORREZIONE,EVIDENZIATORI,1,EX032,,,,,,,,,,
PE488,SCRITTURA&CORREZIONE,EVIDENZIATORI,1,PE488,,MP EVIDENZIATORE 2-5MM COLORI FLUO · M3 stesso design 2 formati,,MP EVIDENZIATORE 2-5MM COLORI FLUO,,,,,,
PE489,SCRITTURA&CORREZIONE,EVIDENZIATORI,1,PE489,,MP EVIDENZIATORE 2-5MM COLORI FLUO · M3 stesso design 2 formati,,MP EVIDENZIATORE 2-5MM COLORI FLUO,,,,,,
PE503,SCRITTURA&CORREZIONE,EVIDENZIATORI,1,PE503,,,,,,,,,,
PE504,SCRITTURA&CORREZIONE,EVIDENZIATORI,1,PE504,,,,,,,,,,
PE505,SCRITTURA&CORREZIONE,EVIDENZIATORI,1,PE505,,,,,,,,,,
PE516,SCRITTURA&CORREZIONE,EVIDENZIATORI,1,PE516,,,,,,,,,,
PE517,SCRITTURA&CORREZIONE,EVIDENZIATORI,1,PE517,,,,,,,,,,
PE519,SCRITTURA&CORREZIONE,EVIDENZIATORI,1,PE519,,,,,,,,,,
PE530,SCRITTURA&CORREZIONE,EVIDENZIATORI,1,PE530,,,,,,,,,,
PE531,SCRITTURA&CORREZIONE,EVIDENZIATORI,1,PE531,,,,,,,,,,
PE532,SCRITTURA&CORREZIONE,EVIDENZIATORI,1,PE532,,,,,,,,,,
PE533,SCRITTURA&CORREZIONE,EVIDENZIATORI,1,PE533,,,,,,,,,,
PE534VL-S,SCRITTURA&CORREZIONE,EVIDENZIATORI,23,PE534-01 PE534-04 PE534-05 PE534-06 PE534-07 PE534-08 PE534-09 PE534-10 PE534-11 PE534-12 PE534AC-S PE534AF-S PE534AM-S PE534GC-S PE534MF-S PE534MO-S PE534NC-S PE534NF-S PE534RF-S PE534TQ-S PE534VA-S PE534VF-S PE534VL-S,PE534AF-S · W1 colore di punta BLU,,,,,PE534-05,PE534-01,,,
PE535,SCRITTURA&CORREZIONE,EVIDENZIATORI,1,PE535,,,,,,,,,,
PE537,SCRITTURA&CORREZIONE,EVIDENZIATORI,1,PE537,,,,,,,PE537,,,
PE546S,SCRITTURA&CORREZIONE,EVIDENZIATORI,2,PE546 PE546S,,,,,,,PE546S,,,
PE551V,SCRITTURA&CORREZIONE,GESSO LIQUIDO,8,PE551A PE551AM PE551B PE551NA PE551R PE551RO PE551TQ PE551V,,,,,,,,,,
PE552V,SCRITTURA&CORREZIONE,GESSO LIQUIDO,8,PE552A PE552AM PE552B PE552NA PE552R PE552RO PE552TQ PE552V,,,,,,,,,,
PA375,SCRITTURA&CORREZIONE,GOMME,1,PA375,,,,,,,,,,
PA865,SCRITTURA&CORREZIONE,GOMME,1,PA865,,,,,,,,,,
PA1102,SCRITTURA&CORREZIONE,GOMME,1,PA1102,,,,,,,,,,
PG122,SCRITTURA&CORREZIONE,GOMME,1,PG122-01,,,,,,,,,,
PG128,SCRITTURA&CORREZIONE,GOMME,1,PG128,,,,,,,,,,
PG136,SCRITTURA&CORREZIONE,GOMME,1,PG136,,,,,,,,,,
PG139-3,SCRITTURA&CORREZIONE,GOMME,2,PG139-1 PG139-3,,,,,,,,,,
PG143,SCRITTURA&CORREZIONE,GOMME,1,PG143,,,,,,,,,,
PG145,SCRITTURA&CORREZIONE,GOMME,1,PG145,,,,,,,,,,
PG150,SCRITTURA&CORREZIONE,GOMME,1,PG150,,,,,,,,,,
PG151,SCRITTURA&CORREZIONE,GOMME,1,PG151,,,,,,,,,,
PG153,SCRITTURA&CORREZIONE,GOMME,1,PG153,,,,,,,,,,
PG156,SCRITTURA&CORREZIONE,GOMME,1,PG156,,,,,,,,,,
PG157,SCRITTURA&CORREZIONE,GOMME,1,PG157,,,,,,,,,,
PG160,SCRITTURA&CORREZIONE,GOMME,1,PG160,,,,,,,,,,
PG162,SCRITTURA&CORREZIONE,GOMME,1,PG162,,,,,,,,,,
PG163,SCRITTURA&CORREZIONE,GOMME,1,PG163,,,,,,,,,,
PG168,SCRITTURA&CORREZIONE,GOMME,2,PG168 PG168,,,,,,,,,,
PG178-02,SCRITTURA&CORREZIONE,GOMME,2,PG178-01 PG178-02,,,,,,,,,,
PG179R-01,SCRITTURA&CORREZIONE,GOMME,5,PG179-01 PG179-02 PG179-03 PG179-04 PG179R-01,,,,,,,PG179-01,,,
PG181,SCRITTURA&CORREZIONE,GOMME,1,PG181,,,,,,,,,,
PG186-02,SCRITTURA&CORREZIONE,GOMME,2,PG186-01 PG186-02,,,,,,,,,,
PG189-02,SCRITTURA&CORREZIONE,GOMME,2,PG189-01 PG189-02,,,,,,,,,,
PG191,SCRITTURA&CORREZIONE,GOMME,1,PG191,,,,,,,,,,
PG236-02,SCRITTURA&CORREZIONE,GOMME,2,PG236-01 PG236-02,,,,,,,,,,
PA667,SCRITTURA&CORREZIONE,KIT DI SCRITTURA,1,PA667,,MP SET SCRITTURA 2*MATITE HB+GOMMA+TEMPERINO · M3 stesso design 4 formati,,MP SET SCRITTURA 2*MATITE HB+GOMMA+TEMPERINO,,,,,,
PA668,SCRITTURA&CORREZIONE,KIT DI SCRITTURA,1,PA668,,MP SET SCRITTURA 2*MATITE HB+GOMMA+TEMPERINO · M3 stesso design 4 formati,,MP SET SCRITTURA 2*MATITE HB+GOMMA+TEMPERINO,,,,,,
PA669,SCRITTURA&CORREZIONE,KIT DI SCRITTURA,1,PA669,,MP SET SCRITTURA 2*MATITE HB+GOMMA+TEMPERINO · M3 stesso design 4 formati,,MP SET SCRITTURA 2*MATITE HB+GOMMA+TEMPERINO,,,,,,
PA670,SCRITTURA&CORREZIONE,KIT DI SCRITTURA,1,PA670,,MP SET SCRITTURA 2*MATITE HB+GOMMA+TEMPERINO · M3 stesso design 4 formati,,MP SET SCRITTURA 2*MATITE HB+GOMMA+TEMPERINO,,,,,,
PE240-01,SCRITTURA&CORREZIONE,KIT DI SCRITTURA,10,PE240-01 PE240-04 PE240A PE240AC PE240M PE240N PE240N-S PE240R PE240R-S PE240RO,PE240A · W1 colore di punta BLU,,,,,PE240A,,,,
PE431,SCRITTURA&CORREZIONE,MARCATORE A VERNICE,1,PE431,,,,PE431,,PE431,,,,
PE439,SCRITTURA&CORREZIONE,MARCATORE A VERNICE,1,PE439,,,,PE431,,,PE439,,,
PE440,SCRITTURA&CORREZIONE,MARCATORE A VERNICE,1,PE440,,,,PE440,,,,,,
PE441,SCRITTURA&CORREZIONE,MARCATORE A VERNICE,1,PE441,,,,PE440,,,,,,
PE445,SCRITTURA&CORREZIONE,MARCATORE A VERNICE,1,PE445,,,,PE453,,,,,,
PE453,SCRITTURA&CORREZIONE,MARCATORE A VERNICE,1,PE453,,,,PE453,,,,,,
PE454,SCRITTURA&CORREZIONE,MARCATORE A VERNICE,1,PE454,,,,PE453,,,,,,
PE455,SCRITTURA&CORREZIONE,MARCATORE A VERNICE,1,PE455,,,,PE453,,,,,,
PE180,SCRITTURA&CORREZIONE,MARCATORE INDELEBILE,3,PE180 PE180O PE180P,,,,,,,,,,
PE185,SCRITTURA&CORREZIONE,MARCATORE INDELEBILE,1,PE185,,,,,,,,,,
PE411,SCRITTURA&CORREZIONE,MARCATORE INDELEBILE,8,PE411 PE411-S PE412 PE412-S PE413 PE413-S PE414 PE414-S,PE413 · W1 colore di punta BLU,,,,,PE413,,,,
PE415,SCRITTURA&CORREZIONE,MARCATORE INDELEBILE,7,PE415 PE415-S PE416 PE417 PE417-S PE418 PE418-S,PE417 · W1 colore di punta BLU,,,,,PE417,,,,
PE419,SCRITTURA&CORREZIONE,MARCATORE INDELEBILE,2,PE419 PE419-4,,,,,,,,,,
PE420,SCRITTURA&CORREZIONE,MARCATORE INDELEBILE,2,PE420 PE420-4,,,,,,,,,,
PE460-1,SCRITTURA&CORREZIONE,MARCATORE INDELEBILE,2,PE460-1 PE460-3,,,,,PE460-3,,,,,
PE461,SCRITTURA&CORREZIONE,MARCATORE INDELEBILE,2,PE461 PE461N-S,,,,PE461,,,,,,
PE462,SCRITTURA&CORREZIONE,MARCATORE INDELEBILE,1,PE462,,,,PE461,,,,,,
PE463,SCRITTURA&CORREZIONE,MARCATORE INDELEBILE,1,PE463,,,,PE461,,,,,,
PE486V-S,SCRITTURA&CORREZIONE,MARCATORE INDELEBILE,12,PE486 PE486-0 PE486-1 PE486-2 PE486-3 PE486-4 PE486-5 PE486-OR PE486-PL PE486A-S PE486N-S PE486R-S,PE486-2 · W1 colore di punta BLU,,,,,PE486-2,,,,
PE493-3,SCRITTURA&CORREZIONE,MARCATORE INDELEBILE,4,PE493 PE493-1 PE493-2 PE493-3,PE493-3 · W1 colore di punta BLU,,,,,PE493-3,,,,
PE511R-S,SCRITTURA&CORREZIONE,MARCATORE INDELEBILE,7,PE511-01 PE511-02 PE511-03 PE511-06 PE511A-S PE511N-S PE511R-S,PE511A-S · W1 colore di punta BLU,,,,,PE511A-S,,,,
PE513-02,SCRITTURA&CORREZIONE,MARCATORE INDELEBILE,2,PE513-01 PE513-02,PE513-02 · W1 colore di punta BLU,,,,,PE513-02,,,,
PE539-03,SCRITTURA&CORREZIONE,MARCATORE INDELEBILE,3,PE539-01 PE539-02 PE539-03,PE539-02 · W1 colore di punta BLU,,,,,PE539-02,,,,
PE541R-S,SCRITTURA&CORREZIONE,MARCATORE INDELEBILE,5,PE541-1 PE541-2 PE541A-S PE541N-S PE541R-S,PE541A-S · W1 colore di punta BLU,,,,,PE541A-S,,,,
PE549-03,SCRITTURA&CORREZIONE,MARCATORE INDELEBILE,3,PE549-01 PE549-02 PE549-03,,,,,,,,,,
PE471,SCRITTURA&CORREZIONE,MARCATORE TESSILE,1,PE471,,,,PE472,,,,,,
PE472,SCRITTURA&CORREZIONE,MARCATORE TESSILE,1,PE472,,,,PE472,,,PE474,,,
PE473,SCRITTURA&CORREZIONE,MARCATORE TESSILE,1,PE473,,,,PE472,,,,,,
PE474,SCRITTURA&CORREZIONE,MARCATORE TESSILE,1,PE474,,,,PE472,,,,,,
PE305,SCRITTURA&CORREZIONE,MATITE COLORATE,3,PE305 PE305H PE305T,,,,,,,,,,
PE327,SCRITTURA&CORREZIONE,MATITE COLORATE,1,PE327,,,,,,,PE327,,,
PE328,SCRITTURA&CORREZIONE,MATITE COLORATE,1,PE328,,,,,,,,,,
PE334,SCRITTURA&CORREZIONE,MATITE COLORATE,1,PE334,,,,,,,,,,
PE340,SCRITTURA&CORREZIONE,MATITE COLORATE,1,PE340,,,,,,,,,,
PE342-1,SCRITTURA&CORREZIONE,MATITE ETERNE,2,PE342-1 PE342-2,,,,,,,,,,
PE560,SCRITTURA&CORREZIONE,MATITE ETERNE,1,PE560,,,,,,,,,,
PE299,SCRITTURA&CORREZIONE,MATITE GRAFITE,1,PE299G,,,,,,,,,,
PE300,SCRITTURA&CORREZIONE,MATITE GRAFITE,2,PE300 PE300-3,,,,,,,,,,
PE301,SCRITTURA&CORREZIONE,MATITE GRAFITE,2,PE301 PE301-3,,,,,,,,,,
PE307,SCRITTURA&CORREZIONE,MATITE GRAFITE,1,PE307,,,,,,,,,,
PE311,SCRITTURA&CORREZIONE,MATITE GRAFITE,1,PE311,,,,,,,,,,
PE312,SCRITTURA&CORREZIONE,MATITE GRAFITE,1,PE312,,,,,,,,,,
PE313,SCRITTURA&CORREZIONE,MATITE GRAFITE,1,PE313,,,,,,,,,,
PE314,SCRITTURA&CORREZIONE,MATITE GRAFITE,1,PE314,,MP MATITA HB + GOMMA 4PZ · M3 stesso design 2 formati,,MP MATITA HB + GOMMA 4PZ,,,,,,
PE315-2B,SCRITTURA&CORREZIONE,MATITE GRAFITE,5,PE315-2B PE315-2H PE315-B PE315-H PE315-HB,PE315-B · W2 taglia media,,,,,PE315-B,,,,
PE324,SCRITTURA&CORREZIONE,MATITE GRAFITE,1,PE324,,,,,,,,,,
PE325,SCRITTURA&CORREZIONE,MATITE GRAFITE,1,PE325,,MP MATITA HB + GOMMA 4PZ · M3 stesso design 2 formati,,MP MATITA HB + GOMMA 4PZ,,,,,,
PE332,SCRITTURA&CORREZIONE,MATITE GRAFITE,1,PE332,,,,,,,,,,
PE333-2B,SCRITTURA&CORREZIONE,MATITE GRAFITE,5,PE333-2B PE333-2H PE333-B PE333-H PE333-HB,PE333-B · W2 taglia media,,,,,PE333-B,,,,
PE338,SCRITTURA&CORREZIONE,MATITE GRAFITE,1,PE338,,,,,,,,,,
PE362,SCRITTURA&CORREZIONE,MATITE GRAFITE,1,PE362,,,,,,,,,,
PE330,SCRITTURA&CORREZIONE,PENNARELLI CALIBRATI,1,PE330,,,,,,,,,,
PE331-01,SCRITTURA&CORREZIONE,PENNARELLI CALIBRATI,10,PE331-01 PE331-02 PE331-03 PE331-04 PE331-05 PE331-06 PE331-07 PE331-09 PE331-10 PE331-11,PE331-06 · W2 taglia media,,,,,PE331-06,,,,
PE128-01,SCRITTURA&CORREZIONE,PENNARELLI PER LAVAGNA,5,PE128-01 PE128-02 PE128-03 PE128B PE128C,PE128-03 · W2 taglia media,,,,,PE128-03,,,,
PE487V-S,SCRITTURA&CORREZIONE,PENNARELLI PER LAVAGNA,10,PE487 PE487-1 PE487-2 PE487-3 PE487-4 PE487-5 PE487A-S PE487N-S PE487R-S PE487V-S,PE487-2 · W1 colore di punta BLU,,,,,PE487-2,,,,
PE494-9,SCRITTURA&CORREZIONE,PENNARELLI PER LAVAGNA,9,PE494-1 PE494-2 PE494-3 PE494-4 PE494-5 PE494-6 PE494-7 PE494-9 PE494-10,PE494-2 · W1 colore di punta BLU,,,,,PE494-2,,,,
PA930,SCRITTURA&CORREZIONE,PENNARELLI SPECIALI,1,PA930,,,,,,,,,,
PE242-01,SCRITTURA&CORREZIONE,PENNE A INCHIOSTRO LIQUIDO,7,PE242-01 PE242A PE242A-S PE242N PE242N-S PE242R PE242R-S,,,,,,,,,,
PE243-01,SCRITTURA&CORREZIONE,PENNE A INCHIOSTRO LIQUIDO,7,PE243-01 PE243A PE243A-S PE243N PE243N-S PE243R PE243R-S,,,,,,,,,,
PE244,SCRITTURA&CORREZIONE,PENNE A INCHIOSTRO LIQUIDO,2,PE244 PE244-1,,,,,,,,,,
PE246,SCRITTURA&CORREZIONE,PENNE A INCHIOSTRO LIQUIDO,1,PE246,,,,,,,,,,
PE263,SCRITTURA&CORREZIONE,PENNE A INCHIOSTRO OLIO,1,PE263-6,,,,,,,PE263-6,,,
PE348-01,SCRITTURA&CORREZIONE,PENNE A INCHIOSTRO OLIO,4,PE348-01 PE348-02 PE348-03 PE348-04,,,,,,,,,,
PE206A-S,SCRITTURA&CORREZIONE,PENNE A PUNTA FINE,22,PE206A-S PE206AC-S PE206AL-S PE206AM-S PE206AO-S PE206CA-S PE206CE-S PE206FU-S PE206GR-S PE206MA-S PE206MO-S PE206N-S PE206NA-S PE206OR-S PE206PL-S PE206PU-S PE206R-S PE206RO-S PE206TQ-S PE206V-S PE206VM-S PE206VO-S,,,,,,,,,,
PE102,SCRITTURA&CORREZIONE,PENNE A SFERA,1,PE102,,,,,,,,,,
PE106,SCRITTURA&CORREZIONE,PENNE A SFERA,1,PE106,,,,,,,,,,
PE140,SCRITTURA&CORREZIONE,PENNE A SFERA,18,PE140 PE140-01 PE140-02 PE140-03 PE140-04 PE140-05 PE140-06 PE140-07 PE140-08 PE140-12 PE140-13 PE140-14 PE140-16 PE140A-12 PE140A-S PE140N-12 PE140N-S PE140R-S,PE140-01 · W1 colore di punta BLU,,,,,PE140-01,,,,
PE143,SCRITTURA&CORREZIONE,PENNE A SFERA,1,PE143,,,,,,,,,,
PE144,SCRITTURA&CORREZIONE,PENNE A SFERA,6,PE144 PE144A PE144N PE144O PE144OA PE144ON,PE144A · W1 colore di punta BLU,,,,,PE144A,,,,
PE162,SCRITTURA&CORREZIONE,PENNE A SFERA,1,PE162,,,,,,,,,,
PE198,SCRITTURA&CORREZIONE,PENNE A SFERA,1,PE198,,,,,,,,,,
PE199,SCRITTURA&CORREZIONE,PENNE A SFERA,1,PE199,,,,,,,,,,
PE216-4,SCRITTURA&CORREZIONE,PENNE A SFERA,3,PE216-4 PE216A PE216A-S,,MP PENNA SFERA CANCELLABILE 0.7MM 4PZ · M3 stesso design 2 formati,,MP PENNA SFERA CANCELLABILE 0.7MM 4PZ,,,,,,
PE216N,SCRITTURA&CORREZIONE,PENNE A SFERA,4,PE216N PE216N-S PE216R PE216R-S,,,,,,,,,,
PE217-4,SCRITTURA&CORREZIONE,PENNE A SFERA,7,PE217-4 PE217A PE217A-S PE217N PE217N-S PE217R PE217R-S,,MP PENNA SFERA CANCELLABILE 0.7MM 4PZ · M3 stesso design 2 formati,,MP PENNA SFERA CANCELLABILE 0.7MM 4PZ,,,,,,
PE221,SCRITTURA&CORREZIONE,PENNE A SFERA,1,PE221,,,,,,,,,,
PE234,SCRITTURA&CORREZIONE,PENNE A SFERA,1,PE234,,,,,,,,,,
PE250-1,SCRITTURA&CORREZIONE,PENNE A SFERA,3,PE250-1 PE250-2 PE250-3,,,,,,,,,,
PE251,SCRITTURA&CORREZIONE,PENNE A SFERA,1,PE251,,,,,,,,,,
PE259,SCRITTURA&CORREZIONE,PENNE A SFERA,1,PE259,,,,,,,,,,
PE259-50A,SCRITTURA&CORREZIONE,PENNE A SFERA,9,PE259-50A PE259-50N PE259-50R PE259-50V PE259A PE259N PE259O PE259OA PE259ON,PE259-50A · W1 colore di punta BLU,,,,,PE259-50A,,,,
PE260,SCRITTURA&CORREZIONE,PENNE A SFERA,1,PE260,,,,,,,,,,
PE261,SCRITTURA&CORREZIONE,PENNE A SFERA,2,PE261 PE261P,,,,,,,,,,
PE262-18,SCRITTURA&CORREZIONE,PENNE A SFERA,2,PE262-6 PE262-18,,,,,,,,,,
PE264,SCRITTURA&CORREZIONE,PENNE A SFERA,1,PE264,,MP PENNA SFERA 0.7MM CON BASE ANTIFURTO BLU · M3 stesso design 3 formati,,MP PENNA SFERA 0.7MM CON BASE ANTIFURTO BLU,,,,,,
PE265,SCRITTURA&CORREZIONE,PENNE A SFERA,1,PE265,,MP PENNA SFERA 0.7MM CON BASE ANTIFURTO BLU · M3 stesso design 3 formati,,MP PENNA SFERA 0.7MM CON BASE ANTIFURTO BLU,,,,,,
PE268A,SCRITTURA&CORREZIONE,PENNE A SFERA,2,PE268A PE268N,,MP PENNA SFERA 0.7MM CON BASE ANTIFURTO BLU · M3 stesso design 3 formati,,MP PENNA SFERA 0.7MM CON BASE ANTIFURTO BLU,,,,,,
PE557-1,SCRITTURA&CORREZIONE,PENNE A SFERA,2,PE557-1 PE557S,,,,,,,,,,
PE215A,SCRITTURA&CORREZIONE,PENNE CANCELLABILI,3,PE215A PE215N PE215R,,,,,,,,,,
PE358-01,SCRITTURA&CORREZIONE,PENNE CANCELLABILI,2,PE358-01 PE358-02,,,,,,,,,,
PE543,SCRITTURA&CORREZIONE,PENNE CANCELLABILI,1,PE543,,,,,,,,,,
PE544,SCRITTURA&CORREZIONE,PENNE CANCELLABILI,1,PE544,,,,,,,,,,
PE545,SCRITTURA&CORREZIONE,PENNE CANCELLABILI,1,PE545,,,,,,,,,,
PE105,SCRITTURA&CORREZIONE,PENNE GEL,8,PE105 PE105-5 PE105O PE105O-5 PE123 PE123-5 PE124 PE124-5,,,,,,,,,,
PE147,SCRITTURA&CORREZIONE,PENNE GEL,6,PE147 PE147-1 PE147-2 PE147-4 PE147-5 PE147N-IT,PE147-1 · W1 colore di punta BLU,,,,,PE147-1,,,,
PE164-1,SCRITTURA&CORREZIONE,PENNE GEL,5,PE164-1 PE164-2 PE164-3 PE164A-S PE164N-S,,,,,,,,,,
PE224,SCRITTURA&CORREZIONE,PENNE GEL,6,PE224 PE224-1 PE224-2 PE224-4 PE224-5 PE224N-IT,,,,,,,,,,
PE236,SCRITTURA&CORREZIONE,PENNE GEL,1,PE236P,,,,,,,,,,
PE254,SCRITTURA&CORREZIONE,PENNE GEL,1,PE254-01,,,,,,,,,,
PE257-01,SCRITTURA&CORREZIONE,PENNE GEL,6,PE257-01 PE257-02 PE257-03 PE257A-S PE257N-S PE257R-S,PE257A-S · W2 taglia media,,,,,PE257A-S,,,,
PE349,SCRITTURA&CORREZIONE,PENNE GEL,1,PE349,,,,,,,,,,
PE131,SCRITTURA&CORREZIONE,PORTAMINE,2,PE131 PE131R,,MP PORTAMINE 2.0MM CON AFFILAMINE + RICARICHE HB · M3 stesso design 2 formati,,MP PORTAMINE 2.0MM CON AFFILAMINE + RICARICHE HB,,,,,,
PE134,SCRITTURA&CORREZIONE,PORTAMINE,1,PE134,,,,PE134,,,,,,
PE135,SCRITTURA&CORREZIONE,PORTAMINE,1,PE135,,,,PE134,,,,,,
PE178,SCRITTURA&CORREZIONE,PORTAMINE,1,PE178,,,,PE178,,,,,,
PE179,SCRITTURA&CORREZIONE,PORTAMINE,1,PE179,,,,PE178,,,,,,
PE194,SCRITTURA&CORREZIONE,PORTAMINE,1,PE194,,,,PE194,,,,,,
PE195,SCRITTURA&CORREZIONE,PORTAMINE,1,PE195,,,,PE194,,,,,,
PE223,SCRITTURA&CORREZIONE,PORTAMINE,1,PE223,,MP PORTAMINE 2.0MM CON AFFILAMINE + RICARICHE HB · M3 stesso design 2 formati,,MP PORTAMINE 2.0MM CON AFFILAMINE + RICARICHE HB,,,,,,
PE228,SCRITTURA&CORREZIONE,PORTAMINE,1,PE228,,,,,,,,,,
PE295,SCRITTURA&CORREZIONE,PORTAMINE,1,PE295,,,,PE295,,,,,,
PE296,SCRITTURA&CORREZIONE,PORTAMINE,1,PE296,,,,PE295,,,,,,
PE547,SCRITTURA&CORREZIONE,PORTAMINE,1,PE547S,,,,,,,,,,
PE548,SCRITTURA&CORREZIONE,PORTAMINE,1,PE548S,,,,,,,,,,
PA538,SCRITTURA&CORREZIONE,TEMPERINI,1,PA538,,,,,,,,,,
PA809,SCRITTURA&CORREZIONE,TEMPERINI,1,PA809,,,,,,,,,,
PA811,SCRITTURA&CORREZIONE,TEMPERINI,1,PA811,,,,,,,,,,
PA816,SCRITTURA&CORREZIONE,TEMPERINI,1,PA816,,,,,,,,,,
PA818,SCRITTURA&CORREZIONE,TEMPERINI,1,PA818,,MP TEMPERAMATITE DOPPIO FORO CON SERBATOIO CO · M3 stesso design 5 formati,,MP TEMPERAMATITE DOPPIO FORO CON SERBATOIO CO,,,,,,
PA829,SCRITTURA&CORREZIONE,TEMPERINI,1,PA829,,MP TEMPERAMATITE DOPPIO FORO CON SERBATOIO CO · M3 stesso design 5 formati,,MP TEMPERAMATITE DOPPIO FORO CON SERBATOIO CO,,,,,,
PA831,SCRITTURA&CORREZIONE,TEMPERINI,1,PA831,,MP TEMPERAMATITE DOPPIO FORO CON SERBATOIO CO · M3 stesso design 5 formati,,MP TEMPERAMATITE DOPPIO FORO CON SERBATOIO CO,,,,,,
PA832,SCRITTURA&CORREZIONE,TEMPERINI,1,PA832,,,,,,,,,,
PA833,SCRITTURA&CORREZIONE,TEMPERINI,1,PA833,,MP TEMPERAMATITE DOPPIO FORO CON SERBATOIO+ COPERC · M3 stesso design 3 formati,,MP TEMPERAMATITE DOPPIO FORO CON SERBATOIO+ COPERC,,,,,,
PA834,SCRITTURA&CORREZIONE,TEMPERINI,1,PA834,,MP TEMPERAMATITE DOPPIO FORO CON SERBATOIO+ COPERC · M3 stesso design 3 formati,,MP TEMPERAMATITE DOPPIO FORO CON SERBATOIO+ COPERC,,,,,,
PA835,SCRITTURA&CORREZIONE,TEMPERINI,1,PA835,,,,,,,,,,
PA838,SCRITTURA&CORREZIONE,TEMPERINI,1,PA838,,MP TEMPERAMATITE DOPPIO FORO CON SERBATOIO+ COPERC · M3 stesso design 3 formati,,MP TEMPERAMATITE DOPPIO FORO CON SERBATOIO+ COPERC,,,,,,
PA840,SCRITTURA&CORREZIONE,TEMPERINI,1,PA840,,MP TEMPERAMATITE DOPPIO FORO CON SERBATOIO CO · M3 stesso design 5 formati,,MP TEMPERAMATITE DOPPIO FORO CON SERBATOIO CO,,,,,,
PA841,SCRITTURA&CORREZIONE,TEMPERINI,1,PA841,,,,,,,,,,
PA842,SCRITTURA&CORREZIONE,TEMPERINI,1,PA842,,,,,,,,,,
PA843,SCRITTURA&CORREZIONE,TEMPERINI,1,PA843,,,,,,,,,,
PA844,SCRITTURA&CORREZIONE,TEMPERINI,1,PA844,,,,,,,,,,
PA845,SCRITTURA&CORREZIONE,TEMPERINI,1,PA845,,,,,,,,,,
PA846,SCRITTURA&CORREZIONE,TEMPERINI,1,PA846,,MP TEMPERAMATITE DOPPIO FORO CON SERBATOIO CO · M3 stesso design 5 formati,,MP TEMPERAMATITE DOPPIO FORO CON SERBATOIO CO,,,,,,
PA847,SCRITTURA&CORREZIONE,TEMPERINI,1,PA847,,,,,,,,,,
PA848,SCRITTURA&CORREZIONE,TEMPERINI,1,PA848,,,,,,,,,,
PA855,SCRITTURA&CORREZIONE,TEMPERINI,1,PA855,,MP TEMPERAMATITE ELETTRICO DA BANCO COL. ASS. · M3 stesso design 2 formati,,MP TEMPERAMATITE ELETTRICO DA BANCO COL. ASS.,,,,,,
PA856,SCRITTURA&CORREZIONE,TEMPERINI,1,PA856,,MP TEMPERAMATITE ELETTRICO DA BANCO COL. ASS. · M3 stesso design 2 formati,,MP TEMPERAMATITE ELETTRICO DA BANCO COL. ASS.,,,,,,
PA858,SCRITTURA&CORREZIONE,TEMPERINI,1,PA858,,,,,,,,,,
PA859,SCRITTURA&CORREZIONE,TEMPERINI,1,PA859,,,,,,,,,,
PA860,SCRITTURA&CORREZIONE,TEMPERINI,1,PA860,,,,,,,,,,
PA861,SCRITTURA&CORREZIONE,TEMPERINI,1,PA861,,,,,,,,,,
PA863,SCRITTURA&CORREZIONE,TEMPERINI,1,PA863,,,,,,,,,,
PA967,SCRITTURA&CORREZIONE,TEMPERINI,1,PA967,,MP TEMPERINO CON SERBATOIO · M3 stesso design 2 formati,,MP TEMPERINO CON SERBATOIO,,,,,,
PA972,SCRITTURA&CORREZIONE,TEMPERINI,1,PA972,,MP TEMPERINO CON SERBATOIO · M3 stesso design 2 formati,,MP TEMPERINO CON SERBATOIO,,,,,,
PA600,UFFICIO,APPENDICARTELLO,1,PA600IT,,,,,,,,,,
PT300,UFFICIO,BACHECA SUGHERO,4,PT300 PT300B PT300D PT300N,,MP BACHECA IN SUGHERO · M3 stesso design 2 formati,,MP BACHECA IN SUGHERO,,,,,,
PT301,UFFICIO,BACHECA SUGHERO,4,PT301 PT301B PT301D PT301N,,MP BACHECA IN SUGHERO · M3 stesso design 2 formati,,MP BACHECA IN SUGHERO,,,,,,
PP022-02,UFFICIO,BADGE,2,PP022-01 PP022-02,,,,,,,,,,
PP023-02,UFFICIO,BADGE,2,PP023-01 PP023-02,,MP PORTA BADGE VERTICALE · M3 stesso design 2 formati,,MP PORTA BADGE VERTICALE,,,,,,
PP024-02,UFFICIO,BADGE,2,PP024-01 PP024-02,,MP PORTA BADGE VERTICALE · M3 stesso design 2 formati,,MP PORTA BADGE VERTICALE,,,,,,
PP025-02,UFFICIO,BADGE,2,PP025-01 PP025-02,,,,,,,,,,
PP028-02,UFFICIO,BADGE,2,PP028-01 PP028-02,,,,PP028-02,,,,,,
PP029-01,UFFICIO,BADGE,2,PP029-01 PP029-02,,,,PP028-02,,,,,,
PP038,UFFICIO,BADGE,1,PP038-01,,MP BADGE IDENTIFICATIVO ORIZZONTALE · M3 stesso design 2 formati,,MP BADGE IDENTIFICATIVO ORIZZONTALE,,,,,,
PP039,UFFICIO,BADGE,1,PP039-01,,MP BADGE IDENTIFICATIVO ORIZZONTALE · M3 stesso design 2 formati,,MP BADGE IDENTIFICATIVO ORIZZONTALE,,,,,,
PP061-05,UFFICIO,BADGE,5,PP061-01 PP061-02 PP061-03 PP061-04 PP061-05,PP061-04 · W1 colore di punta BLU,,,,,PP061-04,PP061-01,,,
PP062-05,UFFICIO,BADGE,5,PP062-01 PP062-02 PP062-03 PP062-04 PP062-05,PP062-04 · W1 colore di punta BLU,,,,,PP062-04,PP062-01,,,
PL905,UFFICIO,BASE DA TAGLIO,1,PL905,,MP BASE DA TAGLIO · M3 stesso design 3 formati,,MP BASE DA TAGLIO,,,,,,
PL906,UFFICIO,BASE DA TAGLIO,1,PL906,,MP BASE DA TAGLIO · M3 stesso design 3 formati,,MP BASE DA TAGLIO,,,,,,
PL907,UFFICIO,BASE DA TAGLIO,1,PL907,,MP BASE DA TAGLIO · M3 stesso design 3 formati,,MP BASE DA TAGLIO,,,,,,
PS001,UFFICIO,BUSTE,1,PS001,,,,PS001,,,,,,
PS002,UFFICIO,BUSTE,1,PS002,,,,PS001,,,,,,
PS003,UFFICIO,BUSTE,2,PS003 PS003V,,MP BUSTA 20PZ · M3 stesso design 3 formati,,MP BUSTA 20PZ,,,,,,
PS004,UFFICIO,BUSTE,1,PS004,,MP BUSTA 20PZ · M3 stesso design 3 formati,,MP BUSTA 20PZ,,,,,,
PS005,UFFICIO,BUSTE,1,PS005,,MP BUSTA 10PZ C/ASSORT · M3 stesso design 4 formati,,MP BUSTA 10PZ C/ASSORT,,,,,,
PS006,UFFICIO,BUSTE,2,PS006 PS006-01,,,,MP BUSTA 20PZ,,,,,,
PS007,UFFICIO,BUSTE,1,PS007,,MP BUSTA 20PZ · M3 stesso design 3 formati,,MP BUSTA 20PZ,,,,,,
PS033,UFFICIO,BUSTE,2,PS033 PS033V,,MP BUSTA 60PZ · M3 stesso design 2 formati,,MP BUSTA 60PZ,,,,,,
PS034,UFFICIO,BUSTE,1,PS034,,MP BUSTA 60PZ · M3 stesso design 2 formati,,MP BUSTA 60PZ,,,,,,
PS035,UFFICIO,BUSTE,1,PS035,,,,,,,,,,
PS036,UFFICIO,BUSTE,1,PS036,,MP BUSTA 10PZ C/ASSORT · M3 stesso design 4 formati,,MP BUSTA 10PZ C/ASSORT,,,,,,
PS037,UFFICIO,BUSTE,1,PS037,,MP BUSTA 10PZ C/ASSORT · M3 stesso design 4 formati,,MP BUSTA 10PZ C/ASSORT,,,,,,
PS038,UFFICIO,BUSTE,1,PS038,,MP BUSTA 10PZ C/ASSORT · M3 stesso design 4 formati,,MP BUSTA 10PZ C/ASSORT,,,,,,
PS201,UFFICIO,BUSTE,1,PS201,,MP BUSTA IMBOTTITA · M3 stesso design 11 formati,,MP BUSTA IMBOTTITA,,,,,,
PS202,UFFICIO,BUSTE,1,PS202,,MP BUSTA IMBOTTITA · M3 stesso design 11 formati,,MP BUSTA IMBOTTITA,,,,,,
PS203,UFFICIO,BUSTE,1,PS203,,MP BUSTA IMBOTTITA · M3 stesso design 11 formati,,MP BUSTA IMBOTTITA,,,,,,
PS204,UFFICIO,BUSTE,1,PS204,,MP BUSTA IMBOTTITA · M3 stesso design 11 formati,,MP BUSTA IMBOTTITA,,,,,,
PS205,UFFICIO,BUSTE,1,PS205,,MP BUSTA IMBOTTITA · M3 stesso design 11 formati,,MP BUSTA IMBOTTITA,,,,,,
PS206,UFFICIO,BUSTE,1,PS206,,MP BUSTA IMBOTTITA · M3 stesso design 11 formati,,MP BUSTA IMBOTTITA,,,,,,
PS207,UFFICIO,BUSTE,1,PS207,,MP BUSTA IMBOTTITA · M3 stesso design 11 formati,,MP BUSTA IMBOTTITA,,,,,,
PS208,UFFICIO,BUSTE,1,PS208,,MP BUSTA IMBOTTITA · M3 stesso design 11 formati,,MP BUSTA IMBOTTITA,,,,,,
PS209,UFFICIO,BUSTE,1,PS209,,MP BUSTA IMBOTTITA · M3 stesso design 11 formati,,MP BUSTA IMBOTTITA,,,,,,
PS210,UFFICIO,BUSTE,1,PS210,,MP BUSTA IMBOTTITA · M3 stesso design 11 formati,,MP BUSTA IMBOTTITA,,,,,,
PS211,UFFICIO,BUSTE,1,PS211,,MP BUSTA IMBOTTITA · M3 stesso design 11 formati,,MP BUSTA IMBOTTITA,,,,,,
PE026,UFFICIO,CALCOLATRICI,4,PE026 PE026-1 PE026-2 PE026-3,,,,,,,,,,
PE027,UFFICIO,CALCOLATRICI,2,PE027 PE027-1,,,,,,,,,,
PE028,UFFICIO,CALCOLATRICI,3,PE028 PE028-1 PE028-2,,,,,,,,,,
PE029,UFFICIO,CALCOLATRICI,3,PE029 PE029-1 PE029-2,,,,,,,,,,
PE031-1,UFFICIO,CALCOLATRICI,2,PE031-1 PE031-2,,,,,,,,,,
PE032-01,UFFICIO,CALCOLATRICI,4,PE032-01 PE032-02 PE032-03 PE032-04,PE032-03 · W1 colore di punta BLU,,,,,PE032-03,,,,
PE033-1,UFFICIO,CALCOLATRICI,2,PE033-1 PE033-2,,,,,,,,,,
PE034-1,UFFICIO,CALCOLATRICI,2,PE034-1 PE034-2,,,,,,,,,,
PE035,UFFICIO,CALCOLATRICI,1,PE035-1,,,,,,,,,,
PE036,UFFICIO,CALCOLATRICI,1,PE036-01,,,,,,,,,,
PA122,UFFICIO,CAMPANELLI,2,PA122 PA122L,,,,,,,,,,
PA168,UFFICIO,CANCELLINI,4,PA168 PA168B PA168M PA168P,,,,,,,,,,
PA949,UFFICIO,CANCELLINI,1,PA949B,,,,,,,,,,
PN202A,UFFICIO,CARTA CARBONE,2,PN202A PN202N,,,,,,,,,,
PN300,UFFICIO,CARTA DA STAMPANTE,1,PN300,,MP CARTA PER STAMPANTE · M3 stesso design 4 formati,,MP CARTA PER STAMPANTE,,,,,,
PN303,UFFICIO,CARTA DA STAMPANTE,1,PN303,,MP CARTA PER STAMPANTE COL. ASS. · M3 stesso design 2 formati,,MP CARTA PER STAMPANTE COL. ASS.,,,,,,
PN304,UFFICIO,CARTA DA STAMPANTE,1,PN304,,MP CARTA PER STAMPANTE · M3 stesso design 4 formati,,MP CARTA PER STAMPANTE,,,,,,
PN305,UFFICIO,CARTA DA STAMPANTE,1,PN305,,MP CARTA PER STAMPANTE COL. ASS. · M3 stesso design 2 formati,,MP CARTA PER STAMPANTE COL. ASS.,,,,,,
PN307,UFFICIO,CARTA DA STAMPANTE,1,PN307,,MP CARTA PER STAMPANTE · M3 stesso design 4 formati,,MP CARTA PER STAMPANTE,,,,,,
PN331,UFFICIO,CARTA DA STAMPANTE,1,PN331,,MP CARTA PER STAMPANTE · M3 stesso design 4 formati,,MP CARTA PER STAMPANTE,,,,,,
PN240,UFFICIO,CARTA FOTOGRAFICA,3,PN240 PN240A4 PN241A4,,,,,,,,,,
PN166-05,UFFICIO,CARTONCINI PER SCHEDARIO,1,PN166-01,,,,,,,,,,
PA214,UFFICIO,CASSETTE,3,PA214-01 PA214-02 PA214-03,PA214-02 · W2 taglia media,,,,,PA214-02,,,,
PA919,UFFICIO,CESTINI,2,PA919 PA919C,PA919C · W1 colore di punta BLU,MP CESTINO METALLICO NERO · M3 stesso design 3 formati,,MP CESTINO METALLICO NERO,,,,,,
PA920,UFFICIO,CESTINI,2,PA920 PA920C,,MP CESTINO METALLICO NERO · M3 stesso design 3 formati,,MP CESTINO METALLICO NERO,,,,,,
PA921,UFFICIO,CESTINI,1,PA921,,MP CESTINO METALLICO NERO · M3 stesso design 3 formati,,MP CESTINO METALLICO NERO,,,,,,
CLIP,UFFICIO,CLIP,15,PA381 PA382 PA383 PA384 PA385 PA386 PA387 PA388 PA389 PA390 PA443 PA444 PA445 PA446 PA447,PA386 · W1 colore di punta BLU,,,,,PA386,,,,
PA110,UFFICIO,CLIP,1,PA110,,,,,,,,,,
PA364,UFFICIO,CLIP,2,PA364 PA364P,,,,,,,,,,
PA365,UFFICIO,CLIP,1,PA365,,,,,,,,,,
PP031,UFFICIO,COLLE,2,PP031 PP031B,,,,,,,,,,
PA148,UFFICIO,CORNICI,3,PA148-A3 PA148-A4 PA148-A5,PA148-A4 · W2 taglia media,,,,,PA148-A4,,,,
PA215,UFFICIO,CUSTODIE,2,PA215-01 PA215-S,,,,,,,,,,
PA216,UFFICIO,CUSTODIE,1,PA216-01,,,,,,,,,,
PT200,UFFICIO,DISTRUGGIDOCUMENTI,1,PT200,,,,,,,,,,
PG00X,UFFICIO,ELASTICI,18,PG004 PG005 PG006 PG007 PG008 PG009 PG010 PG011 PG012 PG013 PG014 PG015 PG016 PG017 PG018 PG019 PG020 PG021,,,,,,,,,,
PN125-87,UFFICIO,ETICHETTE,28,PN125-01 PN125-02 PN125-03 PN125-05 PN125-19 PN125-20 PN125-21 PN125-23 PN125-25 PN125-26 PN125-28 PN125-32 PN125-34 PN125-35 PN125-40 PN125-41 PN125-42 PN125-43 PN125-55 PN125-56 PN125-57 PN125-63 PN125-67 PN125-69 PN125-70 PN125-71 PN125-86 PN125-87,PN125-40 · W2 taglia media,,,,,PN125-40,,,,
PN138,UFFICIO,ETICHETTE,2,PN138-1 PN138-2,,,,,PN138-2,,,,,
PN150,UFFICIO,ETICHETTE,1,PN150-01,,,,,,,,,,
PN151-39,UFFICIO,ETICHETTE,40,PN151-00 PN151-01 PN151-02 PN151-03 PN151-04 PN151-05 PN151-06 PN151-07 PN151-08 PN151-09 PN151-10 PN151-11 PN151-12 PN151-13 PN151-14 PN151-15 PN151-16 PN151-17 PN151-18 PN151-19 PN151-20 PN151-21 PN151-22 PN151-23 PN151-24 PN151-25 PN151-26 PN151-27 PN151-28 PN151-29 PN151-30 PN151-31 PN151-32 PN151-33 PN151-34 PN151-35 PN151-36 PN151-37 PN151-38 PN151-39,PN151-20 · W2 taglia media,,40 codici: valuta hero/superspread (overrides) · M4,,,PN151-20,,,,
PA345,UFFICIO,FERMACAMPIONI,5,PA345-1 PA345-2 PA354-1 PA354-2 PA354-3,,,,,,,,,,
PA352,UFFICIO,FERMACAMPIONI,8,PA352-1 PA352-2 PA352-3 PA352-4 PA352-5 PA352-6 PA352-7 PA352-8,,,,,,,,,,
PO212,UFFICIO,FERMACARTE,1,PO212,,,,,,,,,,
PA342,UFFICIO,FERMAGLI,8,PA342-1 PA342-2 PA342-4 PA342-5 PA342-6 PA342-7 PA342-8 PA342-9,,,,,,,,,,
PN204,UFFICIO,FOGLI IN ACETATO TRASPARENTE,1,PN204,,,,,,,,,,
PT137,UFFICIO,FORBICI,1,PT137,,,,,,,,,,
PT143,UFFICIO,FORBICI,4,PT143-1 PT143-2 PT143-3 PT143-4,PT143-3 · W2 taglia media,,,,,PT143-3,,,,
PA169,UFFICIO,GESSETTI,1,PA169,,,,,,,,,,
PA181,UFFICIO,GESSETTI,2,PA181 PA181B,,,,,,,,,,
PA193,UFFICIO,GESSETTI,1,PA193,,,,PA193,,,,,,
PA194,UFFICIO,GESSETTI,1,PA194,,,,PA193,,,,,,
PA195,UFFICIO,GESSETTI,1,PA195,,,,PA193,,,,,,
PA201,UFFICIO,GESSETTI,1,PA201,,,,PA201,PA201 PA202,,,,,
PA202,UFFICIO,GESSETTI,1,PA202,,,,PA201,,,,,,
PA420,UFFICIO,GESSETTI,2,PA420 PA420P,,,,,,,,,,
PA440,UFFICIO,GOMMINI ADESIVI,1,PA440,,,,,,,,,,
PA441,UFFICIO,GOMMINI ADESIVI,1,PA441,,,,,,,,,,
PA146,UFFICIO,LAVAGNE,4,PA146 PA146-1 PA146-2 PA146-3,PA146-2 · W2 taglia media,,,,,PA146-2,,,,
PT302,UFFICIO,LAVAGNE,3,PT302B PT302D PT302N,PT302D · W2 taglia media,,,,,PT302D,,,,
PT303,UFFICIO,LAVAGNE,1,PT303,,MP LAVAGNA COMBO MAGNETICA/ARDESIA · M3 stesso design 2 formati,,MP LAVAGNA COMBO MAGNETICA/ARDESIA,,,,,,
PT304,UFFICIO,LAVAGNE,1,PT304,,MP LAVAGNA COMBO MAGNETICA/ARDESIA · M3 stesso design 2 formati,,MP LAVAGNA COMBO MAGNETICA/ARDESIA,,,,,,
PT307,UFFICIO,LAVAGNE,1,PT307,,MP LAVAGNA MAGNETICA C/ALLUMINIO · M3 stesso design 3 formati,,MP LAVAGNA MAGNETICA C/ALLUMINIO,,,,,,
PT308,UFFICIO,LAVAGNE,1,PT308,,MP LAVAGNA MAGNETICA C/ALLUMINIO · M3 stesso design 3 formati,,MP LAVAGNA MAGNETICA C/ALLUMINIO,,,,,,
PT309,UFFICIO,LAVAGNE,1,PT309,,MP LAVAGNA MAGNETICA C/ALLUMINIO · M3 stesso design 3 formati,,MP LAVAGNA MAGNETICA C/ALLUMINIO,,,,,,
PT310,UFFICIO,LAVAGNE,1,PT310-01,,,,,,,,,,
PT311,UFFICIO,LAVAGNE,1,PT311-01,,,,,,,,,,
PT312,UFFICIO,LAVAGNE,1,PT312,,MP LAVAGNA MAGNETICA BIANCO IN ALLUMINIO · M3 stesso design 2 formati,,MP LAVAGNA MAGNETICA BIANCO IN ALLUMINIO,,,,,,
PT313,UFFICIO,LAVAGNE,1,PT313,,MP LAVAGNA MAGNETICA BIANCO IN ALLUMINIO · M3 stesso design 2 formati,,MP LAVAGNA MAGNETICA BIANCO IN ALLUMINIO,,,,,,
PT314,UFFICIO,LAVAGNE,1,PT314,,,,,,,,,,
PT315,UFFICIO,LAVAGNE,1,PT315,,MP LAVAGNA MAGNETICA · M3 stesso design 2 formati,,MP LAVAGNA MAGNETICA,,,,,,
PT316,UFFICIO,LAVAGNE,1,PT316,,MP LAVAGNA MAGNETICA · M3 stesso design 2 formati,,MP LAVAGNA MAGNETICA,,,,,,
PT317,UFFICIO,LAVAGNE,1,PT317,,,,,,,,,,
PC911,UFFICIO,LEGGII,2,PC911 PC911A,PC911A · W1 colore di punta BLU,,,,,PC911A,,,,
PA170,UFFICIO,LENTI,1,PA170,,MP LENTE DI INGRANDIMENTO · M3 stesso design 4 formati,,MP LENTE DI INGRANDIMENTO,,,,,,
PA171,UFFICIO,LENTI,1,PA171,,MP LENTE DI INGRANDIMENTO · M3 stesso design 4 formati,,MP LENTE DI INGRANDIMENTO,,,,,,
PA172,UFFICIO,LENTI,1,PA172,,MP LENTE DI INGRANDIMENTO · M3 stesso design 4 formati,,MP LENTE DI INGRANDIMENTO,,,,,,
PA173,UFFICIO,LENTI,1,PA173,,MP LENTE DI INGRANDIMENTO · M3 stesso design 4 formati,,MP LENTE DI INGRANDIMENTO,,,,,,
PA174,UFFICIO,LENTI,1,PA174,,,,,,,,,,
PA175,UFFICIO,LENTI,1,PA175,,MP LENTE DI INGRANDIMENTO BORDO METALLICO · M3 stesso design 4 formati,,MP LENTE DI INGRANDIMENTO BORDO METALLICO,,,,,,
PA176,UFFICIO,LENTI,1,PA176,,MP LENTE DI INGRANDIMENTO BORDO METALLICO · M3 stesso design 4 formati,,MP LENTE DI INGRANDIMENTO BORDO METALLICO,,,,,,
PA177,UFFICIO,LENTI,1,PA177,,MP LENTE DI INGRANDIMENTO BORDO METALLICO · M3 stesso design 4 formati,,MP LENTE DI INGRANDIMENTO BORDO METALLICO,,,,,,
PA178,UFFICIO,LENTI,1,PA178,,MP LENTE DI INGRANDIMENTO BORDO METALLICO · M3 stesso design 4 formati,,MP LENTE DI INGRANDIMENTO BORDO METALLICO,,,,,,
PA102,UFFICIO,LEVAPUNTI,1,PA102,,,,,,,,,,
PA106,UFFICIO,LEVAPUNTI,1,PA106,,,,,,,,,,
PA348,UFFICIO,MAGNETI,7,PA348-1 PA348-2 PA348-3 PA348-4 PA348-5 PA348-6 PA348-7,,,,,,,,,,
PA442,UFFICIO,MAGNETI,4,PA442-1 PA442-2 PA442-3 PA442-4,PA442-3 · W2 taglia media,,,,,PA442-3,,,,
MOLLE FERMACARTE,UFFICIO,MOLLE,7,PA391 PA392 PA393 PA394 PA395 PA396 PA397,,,,,,,,,,
PA351,UFFICIO,MOLLETTE,2,PA351-1 PA351-2,,,,,,,,,,
PA359,UFFICIO,MOLLETTE,6,PA359-1 PA359-2 PA359-3 PA359-4 PA359-5 PA359-6,PA359-4 · W1 colore di punta BLU,,,,,PA359-4,,,,
PA500,UFFICIO,NASTRI ADESIVI,1,PA500,,,,,,,,,,
PA501,UFFICIO,NASTRI ADESIVI,1,PA501,,,,,,,,,,
PA502,UFFICIO,NASTRI ADESIVI,1,PA502,,,,,,,,,,
PA503,UFFICIO,NASTRI ADESIVI,3,PA503 PA503R PA503T,,,,,,,,,,
PA504,UFFICIO,NASTRI ADESIVI,1,PA504,,,,,,,,,,
PA505,UFFICIO,NASTRI ADESIVI,1,PA505,,,,,,,,,,
PA506-01,UFFICIO,NASTRI ADESIVI,4,PA506-01 PA506-02 PA506-03 PA506-05,PA506-03 · W2 taglia media,,,,,PA506-03,,,,
PA507-01,UFFICIO,NASTRI ADESIVI,4,PA507-01 PA507-02 PA507-03 PA507-05,PA507-03 · W2 taglia media,,,,,PA507-03,,,,
PA508-01,UFFICIO,NASTRI ADESIVI,2,PA508-01 PA508-03,,,,,,,,,,
PA509-01,UFFICIO,NASTRI ADESIVI,2,PA509-01 PA509-02,,,,,,,PA509-01,,,
PA511-01,UFFICIO,NASTRI ADESIVI,2,PA511-01 PA511-02,,,,,,,,,,
PA512-01,UFFICIO,NASTRI ADESIVI,2,PA512-01 PA512-02,,,,,,,,,,
PA514,UFFICIO,NASTRI ADESIVI,1,PA514,,,,,,,,,,
PA515,UFFICIO,NASTRI ADESIVI,1,PA515,,,,,,,,,,
PA516,UFFICIO,NASTRI ADESIVI,1,PA516-1,,,,,,,,,,
PA517-01,UFFICIO,NASTRI ADESIVI,4,PA517-01 PA517-02 PA517-03 PA517-04,PA517-03 · W2 taglia media,,,,,PA517-03,,,,
PA518-01,UFFICIO,NASTRI ADESIVI,4,PA518-01 PA518-02 PA518-03 PA518-04,PA518-03 · W2 taglia media,,,,,PA518-03,,,,
PA524-01,UFFICIO,NASTRI ADESIVI,2,PA524-01 PA524-02,,,,,,,,,,
PA537,UFFICIO,NASTRI ADESIVI,1,PA537,,,,,,,,,,
PA011,UFFICIO,NASTRI TERMOADESIVI,1,PA011,,,,,,,,,,
PA012,UFFICIO,NASTRI TERMOADESIVI,3,PA012-01 PA012-02 PA012-06,,,,,,,,,,
PN030N-1,UFFICIO,NOTE,4,PN030N-1 PN030N-2 PN030N-3 PN030N-4,,,,,,,,,,
PN032-4,UFFICIO,NOTE,4,PN032-1 PN032-2 PN032-3 PN032-4,,,,,,,,,,
PN802,UFFICIO,NOTE,3,PN800 PN801 PN802,,,,,,,,,,
PN170,UFFICIO,NOTE ADESIVE,2,PN170 PN170-1,,MP NOTE ADESIVE GIALLO CHIARO · M3 stesso design 4 formati,,MP NOTE ADESIVE GIALLO CHIARO,,,,,,
PN171,UFFICIO,NOTE ADESIVE,2,PN171 PN171-1,,MP NOTE ADESIVE GIALLO CHIARO · M3 stesso design 4 formati,,MP NOTE ADESIVE GIALLO CHIARO,,,,,,
PN172,UFFICIO,NOTE ADESIVE,2,PN172 PN172-1,,MP NOTE ADESIVE GIALLO CHIARO · M3 stesso design 4 formati,,MP NOTE ADESIVE GIALLO CHIARO,,,,,,
PN173,UFFICIO,NOTE ADESIVE,2,PN173 PN173-1,,MP NOTE ADESIVE GIALLO CHIARO · M3 stesso design 4 formati,,MP NOTE ADESIVE GIALLO CHIARO,,,,,,
PN174,UFFICIO,NOTE ADESIVE,1,PN174,,MP NOTE ADESIVE COL. ASS. FLUO · M3 stesso design 6 formati,,MP NOTE ADESIVE COL. ASS. FLUO,,,,,,
PN175,UFFICIO,NOTE ADESIVE,1,PN175,,MP NOTE ADESIVE COL. ASS. FLUO · M3 stesso design 6 formati,,MP NOTE ADESIVE COL. ASS. FLUO,,,,,,
PN176,UFFICIO,NOTE ADESIVE,1,PN176,,MP NOTE ADESIVE COL. ASS. FLUO · M3 stesso design 6 formati,,MP NOTE ADESIVE COL. ASS. FLUO,,,,,,
PN177,UFFICIO,NOTE ADESIVE,1,PN177,,,,,,,,,,
PN178,UFFICIO,NOTE ADESIVE,1,PN178,,,,,,,,,,
PN179,UFFICIO,NOTE ADESIVE,1,PN179,,,,,,,,,,
PN180,UFFICIO,NOTE ADESIVE,1,PN180,,,,,,,,,,
PN181,UFFICIO,NOTE ADESIVE,1,PN181,,,,,,,,,,
PN182,UFFICIO,NOTE ADESIVE,1,PN182,,MP NOTE ADESIVE COL. ASS. FLUO · M3 stesso design 6 formati,,MP NOTE ADESIVE COL. ASS. FLUO,,,,,,
PN183,UFFICIO,NOTE ADESIVE,1,PN183,,MP NOTE ADESIVE COL. ASS. FLUO · M3 stesso design 6 formati,,MP NOTE ADESIVE COL. ASS. FLUO,,,,,,
PN185,UFFICIO,NOTE ADESIVE,1,PN185,,MP NOTE ADESIVE COL. ASS. FLUO · M3 stesso design 6 formati,,MP NOTE ADESIVE COL. ASS. FLUO,,,,,,
PN187,UFFICIO,NOTE ADESIVE,1,PN187,,MP NOTE ADESIVE COL. ASS. · M3 stesso design 5 formati,,MP NOTE ADESIVE COL. ASS.,,,,,,
PN188,UFFICIO,NOTE ADESIVE,1,PN188,,MP NOTE ADESIVE COL. ASS. · M3 stesso design 5 formati,,MP NOTE ADESIVE COL. ASS.,,,,,,
PN189,UFFICIO,NOTE ADESIVE,1,PN189,,MP NOTE ADESIVE COL. ASS. · M3 stesso design 5 formati,,MP NOTE ADESIVE COL. ASS.,,,,,,
PN191,UFFICIO,NOTE ADESIVE,1,PN191,,MP NOTE ADESIVE COL. ASS. · M3 stesso design 5 formati,,MP NOTE ADESIVE COL. ASS.,,,,,,
PN192,UFFICIO,NOTE ADESIVE,1,PN192,,MP NOTE ADESIVE COL. ASS. · M3 stesso design 5 formati,,MP NOTE ADESIVE COL. ASS.,,,,,,
PN194,UFFICIO,NOTE ADESIVE,1,PN194,,MP NOTE ADESIVE 4*50F COL. ASS. · M3 stesso design 2 formati,,MP NOTE ADESIVE 4*50F COL. ASS.,,,,,,
PN195,UFFICIO,NOTE ADESIVE,1,PN195,,MP NOTE ADESIVE 4*50F COL. ASS. · M3 stesso design 2 formati,,MP NOTE ADESIVE 4*50F COL. ASS.,,,,,,
PN198,UFFICIO,NOTE ADESIVE,1,PN198,,,,,,,,,,
PN346-05,UFFICIO,NOTE ADESIVE,3,PN346-01 PN346-02 PN346-05,,MP NOTE ADESIVE TRASPARENTI · M3 stesso design 2 formati,,MP NOTE ADESIVE TRASPARENTI,,,,,,
PN347-03,UFFICIO,NOTE ADESIVE,2,PN347-02 PN347-03,,MP NOTE ADESIVE TRASPARENTI · M3 stesso design 2 formati,,MP NOTE ADESIVE TRASPARENTI,,,,,,
PN350-03,UFFICIO,NOTE ADESIVE,2,PN350-01 PN350-03,,,,,,,,,,
PN353,UFFICIO,NOTE ADESIVE,1,PN353-01,,,,,,,,,,
PN823,UFFICIO,NOTE ADESIVE,16,PN810 PN811 PN812 PN813 PN814 PN815 PN816 PN817-01 PN817-02 PN817-03 PN817-04 PN817-05 PN820 PN821 PN822 PN823,PN817-02 · W2 taglia media,,,,,PN817-02,,,,
PA902,UFFICIO,ORGANIZER,3,PA902 PA902P PA902PL,,MP ORGANIZER DA SCRIVANIA SCOMPARTI NERO · M3 stesso design 2 formati,,MP ORGANIZER DA SCRIVANIA SCOMPARTI NERO,,,,,,
PA903,UFFICIO,ORGANIZER,3,PA903 PA903P PA903PL,,,,,,,,,,
PA904,UFFICIO,ORGANIZER,3,PA904 PA904P PA904PL,,MP ORGANIZER DA SCRIVANIA SCOMPARTI NERO · M3 stesso design 2 formati,,MP ORGANIZER DA SCRIVANIA SCOMPARTI NERO,,,,,,
PA924B,UFFICIO,ORGANIZER,2,PA924B PA924N,,,,,,,,,,
PA925B,UFFICIO,ORGANIZER,2,PA925B PA925N,,,,,,,,,,
PA926B,UFFICIO,ORGANIZER,2,PA926B PA926N,,,,,,,,,,
PA927B,UFFICIO,ORGANIZER,2,PA927B PA927N,,,,,,,,,,
PA621,UFFICIO,PERFORATORI,1,PA621,,,,PA621,,,,,,
PA622,UFFICIO,PERFORATORI,1,PA622,,,,PA621,,,,,,
PA623,UFFICIO,PERFORATORI,1,PA623,,,,PA621,,,,,,
PA624,UFFICIO,PERFORATORI,1,PA624,,MP PERFORATORE REGOLABILE FORI NERO · M3 stesso design 2 formati,,MP PERFORATORE REGOLABILE FORI NERO,,,,,,
PA625,UFFICIO,PERFORATORI,1,PA625,,MP PERFORATORE REGOLABILE FORI NERO · M3 stesso design 2 formati,,MP PERFORATORE REGOLABILE FORI NERO,,,,,,
PA643,UFFICIO,PERFORATORI,1,PA643,,MP PERFORATORE A FORI FF · M3 stesso design 2 formati,,MP PERFORATORE A FORI FF,,,,,,
PA650,UFFICIO,PERFORATORI,1,PA650,,,,,,,,,,
PA651,UFFICIO,PERFORATORI,1,PA651,,MP PERFORATORE A FORI FF · M3 stesso design 2 formati,,MP PERFORATORE A FORI FF,,,,,,
PA652,UFFICIO,PERFORATORI,1,PA652,,,,,,,,,,
PA653,UFFICIO,PERFORATORI,1,PA653,,,,,,,,,,
PA103,UFFICIO,PERFORATRICI,1,PA103,,,,,,,,,,
PA104,UFFICIO,PERFORATRICI,1,PA104,,,,,,,,,,
PA105,UFFICIO,PERFORATRICI,1,PA105,,,,,,,,,,
PA107,UFFICIO,PERFORATRICI,1,PA107,,MP PERFORATRICE MANUALE 1FORO COL. ASS. · M3 stesso design 2 formati,,MP PERFORATRICE MANUALE 1FORO COL. ASS.,,,,,,
PA108,UFFICIO,PERFORATRICI,1,PA108,,MP PERFORATRICE MANUALE 1FORO COL. ASS. · M3 stesso design 2 formati,,MP PERFORATRICE MANUALE 1FORO COL. ASS.,,,,,,
PA160,UFFICIO,PINZATRICI,1,PA160G,,,,,,,,,,
PA531,UFFICIO,PINZATRICI,1,PA531-1,,MP CUCITRICE BIANCA SENZA PUNTI METALLICI · M3 stesso design 2 formati,,MP CUCITRICE BIANCA SENZA PUNTI METALLICI,,,,,,
PA532,UFFICIO,PINZATRICI,1,PA532-1,,MP CUCITRICE BIANCA SENZA PUNTI METALLICI · M3 stesso design 2 formati,,MP CUCITRICE BIANCA SENZA PUNTI METALLICI,,,,,,
PA601,UFFICIO,PINZATRICI,1,PA601,,,,,,,,,,
PA602,UFFICIO,PINZATRICI,1,PA602,,,,,,,,,,
PA603,UFFICIO,PINZATRICI,1,PA603,,,,,,,,,,
PA604,UFFICIO,PINZATRICI,1,PA604,,,,,,,,,,
PA606,UFFICIO,PINZATRICI,1,PA606,,,,,,,,,,
PA607,UFFICIO,PINZATRICI,1,PA607,,,,,,,,,,
PA609,UFFICIO,PINZATRICI,1,PA609,,MP PINZATRICE DA BANCO 24/6 26/6 METAL + RICARICA · M3 stesso design 2 formati,,MP PINZATRICE DA BANCO 24/6 26/6 METAL + RICARICA,,,,,,
PA611,UFFICIO,PINZATRICI,1,PA611,,MP PINZATRICE DA BANCO 24/6 26/6 METAL + RICARICA · M3 stesso design 2 formati,,MP PINZATRICE DA BANCO 24/6 26/6 METAL + RICARICA,,,,,,
PA612,UFFICIO,PINZATRICI,1,PA612,,MP MINI PINZATRICE 24/6 26/6 COL. ASS. + RICARICA · M3 stesso design 4 formati,,MP MINI PINZATRICE 24/6 26/6 COL. ASS. + RICARICA,,,,,,
PA613,UFFICIO,PINZATRICI,1,PA613,,MP MINI PINZATRICE 24/6 26/6 COL. ASS. + RICARICA · M3 stesso design 4 formati,,MP MINI PINZATRICE 24/6 26/6 COL. ASS. + RICARICA,,,,,,
PA615,UFFICIO,PINZATRICI,1,PA615,,MP PINZATRICE M 24/6 26/6 COL. ASS. + RICARICA PUN · M3 stesso design 2 formati,,MP PINZATRICE M 24/6 26/6 COL. ASS. + RICARICA PUN,,,,,,
PA616,UFFICIO,PINZATRICI,1,PA616,,MP PINZATRICE M 24/6 26/6 COL. ASS. + RICARICA PUN · M3 stesso design 2 formati,,MP PINZATRICE M 24/6 26/6 COL. ASS. + RICARICA PUN,,,,,,
PA620,UFFICIO,PINZATRICI,1,PA620,,MP MINI PINZATRICE 24/6 26/6 COL. ASS. + RICARICA · M3 stesso design 4 formati,,MP MINI PINZATRICE 24/6 26/6 COL. ASS. + RICARICA,,,,,,
PA627,UFFICIO,PINZATRICI,2,PA627 PA627C,,,,,,,,,,
PA628,UFFICIO,PINZATRICI,2,PA628 PA628C,,,,,,,,,,
PA629,UFFICIO,PINZATRICI,2,PA629 PA629C,,,,,,,,,,
PA630,UFFICIO,PINZATRICI,2,PA630 PA630C,,,,,,,,,,
PA631,UFFICIO,PINZATRICI,1,PA631,,,,,,,,,,
PA632,UFFICIO,PINZATRICI,1,PA632,,,,,,,,,,
PA633,UFFICIO,PINZATRICI,1,PA633,,,,,,,,,,
PA636,UFFICIO,PINZATRICI,2,PA636 PA636P,,MP MINI PINZATRICE 24/6 26/6 COL. ASS. + RICARICA · M3 stesso design 4 formati,,MP MINI PINZATRICE 24/6 26/6 COL. ASS. + RICARICA,,,,,,
PA638,UFFICIO,PINZATRICI,1,PA638,,,,,,,,,,
PA640,UFFICIO,PINZATRICI,1,PA640,,,,,,,,,,
PA641-01,UFFICIO,PINZATRICI,2,PA641-01 PA642-01,,,,,,,,,,
PA957,UFFICIO,PINZATRICI,1,PA957,,,,,,,,,,
PA1105,UFFICIO,PINZATRICI,1,PA1105,,,,,,,,,,
PN126-15,UFFICIO,PLANNER,1,PN126-12,,,,,,,,,,
PT201,UFFICIO,PLASTIFICATRICE,1,PT201,,,,,,,,,,
PA112,UFFICIO,PORTA NASTRI ADESIVI,1,PA112,,,,,,,,,,
PA130,UFFICIO,PORTA NASTRI ADESIVI,1,PA130,,,,,,,,,,
PA135,UFFICIO,PORTA NASTRI ADESIVI,1,PA135,,,,,,,,,,
PA520,UFFICIO,PORTA NASTRI ADESIVI,1,PA520,,,,,,,,,,
PA525,UFFICIO,PORTA NASTRI ADESIVI,1,PA525,,,,,,,,,,
PA528,UFFICIO,PORTA NASTRI ADESIVI,2,PA528 PA528P,,,,,,,,,,
PA922,UFFICIO,PORTA OMBRELLI,1,PA922,,,,,,,,,,
PA221,UFFICIO,PORTACARTE,2,PA221 PA221-S,,,,,,,,,,
PA343,UFFICIO,PORTACHIAVI,5,PA343-1 PA343-2 PA343-3 PA343-4 PA343-5,,,,,,,,,,
PA344,UFFICIO,PORTACHIAVI,3,PA344-1 PA344-2 PA344-3,,,,,,,,,,
PA355,UFFICIO,PORTACHIAVI,3,PA355-1 PA355-2 PA355-3,PA355-2 · W2 taglia media,,,,,PA355-2,,,,
PA533,UFFICIO,PORTACHIAVI,1,PA533,,,,,,,,,,
PA535,UFFICIO,PORTACHIAVI,1,PA535,,,,,,,,,,
PA907,UFFICIO,PORTACORRISPONDENZA,1,PA907,,,,,,,,,,
PO016,UFFICIO,PORTACORRISPONDENZA,7,PO001 PO002 PO003 PO004 PO005 PO006 PO007,PO003 · W1 colore di punta BLU,,,,,PO003,,,,
PA905,UFFICIO,PORTADOCUMENTI,1,PA905,,,,,,,,,,
PA906,UFFICIO,PORTADOCUMENTI,1,PA906,,MP PORTADOCUMENTI ORIZZONTALE VASSOI NERO · M3 stesso design 2 formati,,MP PORTADOCUMENTI ORIZZONTALE VASSOI NERO,,,,,,
PA908,UFFICIO,PORTADOCUMENTI,1,PA908,,MP PORTADOCUMENTI ORIZZONTALE VASSOI NERO · M3 stesso design 2 formati,,MP PORTADOCUMENTI ORIZZONTALE VASSOI NERO,,,,,,
PA954-0913,UFFICIO,PORTANOMI E PORTADEPLIANT,4,PA954-0913 PA954-1015 PA954-1318 PA954-2130,PA954-1318 · W2 taglia media,,,,,PA954-1318,,,,
PA966-01,UFFICIO,PORTANOMI E PORTADEPLIANT,4,PA966-01 PA966-05 PA966-07 PA966-09,PA966-07 · W2 taglia media,,,,,PA966-07,,,,
PA900,UFFICIO,PORTAPENNE,4,PA900 PA900C PA900P PA900PL,PA900C · W1 colore di punta BLU,,,,,PA900C,,,,
PA901,UFFICIO,PORTAPENNE,4,PA901 PA901C PA901P PA901PL,PA901C · W1 colore di punta BLU,,,,,PA901C,,,,
PA914,UFFICIO,PORTAPENNE,1,PA914,,,,,,,,,,
PA915,UFFICIO,PORTAPENNE,1,PA915,,,,,,,,,,
PA916,UFFICIO,PORTAPENNE,1,PA916,,,,,,,,,,
PA933,UFFICIO,PORTAPENNE,1,PA933,,,,,,,,,,
PA934,UFFICIO,PORTAPENNE,1,PA934,,,,,,,,,,
PA939,UFFICIO,PORTAPENNE,1,PA939,,,,,,,,,,
PA945,UFFICIO,PORTAPENNE,1,PA945B,,,,,,,,,,
PA946,UFFICIO,PORTAPENNE,1,PA946B,,,,,,,,,,
PA948,UFFICIO,PORTAPENNE,1,PA948B,,,,,,,,,,
PA963,UFFICIO,PORTAPENNE,1,PA963N,,MP PORTAPENNE · M3 stesso design 3 formati,,MP PORTAPENNE,,,,,,
PA964,UFFICIO,PORTAPENNE,1,PA964N,,MP PORTAPENNE · M3 stesso design 3 formati,,MP PORTAPENNE,,,,,,
PA965,UFFICIO,PORTAPENNE,1,PA965B,,MP PORTAPENNE · M3 stesso design 3 formati,,MP PORTAPENNE,,,,,,
PA909,UFFICIO,PORTARIVISTE,1,PA909,,,,,,,,,,
PA166,UFFICIO,PULIZIA,1,PA166,,,,,,,,,,
PA167,UFFICIO,PULIZIA,1,PA167,,,,,,,,,,
PA230,UFFICIO,PULIZIA,1,PA230,,,,,,,,,,
PA140,UFFICIO,PUNTI METALLICI,2,PA140 PA140Q,,,,,,,,,,
PA141,UFFICIO,PUNTI METALLICI,2,PA141 PA141Q,,,,,,,,,,
PA165,UFFICIO,PUNTI METALLICI,1,PA165,,,,,,,,,,
PA183,UFFICIO,PUNTI METALLICI,1,PA183,,,,,,,,,,
PA212,UFFICIO,PUNTI METALLICI,1,PA212,,MP PUNTI METALLICI 23/13 CONF. 1000PZ ARGENTO · M3 stesso design 2 formati,,MP PUNTI METALLICI 23/13 CONF. 1000PZ ARGENTO,,,,,,
PA213,UFFICIO,PUNTI METALLICI,1,PA213,,MP PUNTI METALLICI 23/13 CONF. 1000PZ ARGENTO · M3 stesso design 2 formati,,MP PUNTI METALLICI 23/13 CONF. 1000PZ ARGENTO,,,,,,
PA220,UFFICIO,PUNTI METALLICI,1,PA220,,,,,,,,,,
PA132,UFFICIO,REGGILIBRI,1,PA132,,,,PA132,,,,,,
PA133,UFFICIO,REGGILIBRI,1,PA133,,,,PA132,,,,,,
PA131,UFFICIO,RILEGATORI,2,PA131 PA131P,,,,,,,,,,
PN340-02,UFFICIO,SCONTRINI ED ETICHETTE,2,PN340-02 PN340-03,,MP ETICHE. PREZZO FLUORESCENTI GIALLO · M3 stesso design 2 formati,,MP ETICHE. PREZZO FLUORESCENTI GIALLO,,,,,,
PN341-03,UFFICIO,SCONTRINI ED ETICHETTE,2,PN341-02 PN341-03,,MP ETICHE. PREZZO FLUORESCENTI GIALLO · M3 stesso design 2 formati,,MP ETICHE. PREZZO FLUORESCENTI GIALLO,,,,,,
PN345-03,UFFICIO,SCONTRINI ED ETICHETTE,2,PN345-02 PN345-03,,,,,,,,,,
PN529IT,UFFICIO,SCONTRINI ED ETICHETTE,1,PN533,,,,,,,,,,
PN108,UFFICIO,SEGNAPAGINE,1,PN108,,,,,,,,,,
PN109,UFFICIO,SEGNAPAGINE,1,PN109,,,,,,,,,,
PN110P,UFFICIO,SEGNAPAGINE,2,PN110 PN110P,,,,,,,,,,
PN310,UFFICIO,SEGNAPAGINE,1,PN310,,MP SEGNAPAGINE ADESIVI RIMOVIBILI COL. ASS · M3 stesso design 3 formati,,MP SEGNAPAGINE ADESIVI RIMOVIBILI COL. ASS,,,,,,
PN311,UFFICIO,SEGNAPAGINE,1,PN311,,MP SEGNAPAGINE ADESIVI RIMOVIBILI COL. ASS · M3 stesso design 3 formati,,MP SEGNAPAGINE ADESIVI RIMOVIBILI COL. ASS,,,,,,
PN312,UFFICIO,SEGNAPAGINE,1,PN312,,MP SEGNAPAGINE ADESIVI RIMOVIBILI COL. ASS · M3 stesso design 3 formati,,MP SEGNAPAGINE ADESIVI RIMOVIBILI COL. ASS,,,,,,
PN314,UFFICIO,SEGNAPAGINE,1,PN314,,,,,,,,,,
PN315,UFFICIO,SEGNAPAGINE,1,PN315,,MP SEGNAPAGINE ADESIVI RIMOVIBILI COL. ASS. · M3 stesso design 2 formati,,MP SEGNAPAGINE ADESIVI RIMOVIBILI COL. ASS.,,,,,,
PN316,UFFICIO,SEGNAPAGINE,1,PN316,,MP SEGNAPAGINE ADESIVI RIMOVIBILI COL. ASS. · M3 stesso design 2 formati,,MP SEGNAPAGINE ADESIVI RIMOVIBILI COL. ASS.,,,,,,
PA109,UFFICIO,SPARAMOLLE,1,PA109,,,,,,,,,,
PA341,UFFICIO,SPILLI,7,PA341-1 PA341-2 PA341-3 PA341-4 PA341-5 PA341-6 PA341-7,,,,,,,,,,
PA346,UFFICIO,SPILLI,4,PA346-1 PA346-2 PA346-3 PA346-4,,,,,,,,,,
PA347,UFFICIO,SPILLI,2,PA347-1 PA347-2,,,,,,,,,,
PA350,UFFICIO,SPILLI,3,PA350-1 PA350-2 PA350-3,,,,,,,,,,
PA356,UFFICIO,SPILLI,2,PA356-1 PA356-2,,,,,,,,,,
PA357,UFFICIO,SPILLI,1,PA357-1,,,,,,,,,,
PA358,UFFICIO,SPILLI,6,PA358-1 PA358-2 PA358-3 PA358-4 PA358-5 PA358-6,PA358-4 · W2 taglia media,,,,,PA358-4,,,,
PA016,UFFICIO,TAGLIACARTE,1,PA016,,MP TAGLIACARTA A RULLO · M3 stesso design 2 formati,,MP TAGLIACARTA A RULLO,,,,,,
PA017,UFFICIO,TAGLIACARTE,1,PA017,,,,,,,,,,
PA1104,UFFICIO,TAGLIACARTE,1,PA1104,,MP TAGLIACARTA A RULLO · M3 stesso design 2 formati,,MP TAGLIACARTA A RULLO,,,,,,
PH001,UFFICIO,TAGLIERINI,1,PH001,,,,,,,,,,
PH002,UFFICIO,TAGLIERINI,1,PH002,,,,,,,,,,
PH003,UFFICIO,TAGLIERINI,1,PH003,,,,,,,,,,
PH006,UFFICIO,TAGLIERINI,1,PH006,,,,,,,,,,
PA952-6035,UFFICIO,TAPPETINI,3,PA952-6035 PA952-8040 PA952-9043,PA952-8040 · W2 taglia media,,,,,PA952-8040,,,,
PO301R,UFFICIO,TIMBRI E INCHIOSTRI,3,PO301A PO301N PO301R,,,,,,,,,,
PO305R,UFFICIO,TIMBRI E INCHIOSTRI,3,PO305A PO305N PO305R,,,,,,,,,,
PM264,UFFICIO,TIMBRI TESSILI,1,PM264,,,,,,,,,,
PC005,ARCHIVIAZIONE,BUSTE,2,PC005 PC005-P,,MP BUSTA TRASPARENTE CHIUSURA BOTTONE COL. ASS. · M3 stesso design 4 formati,,MP BUSTA TRASPARENTE CHIUSURA BOTTONE COL. ASS.,,,,,,
PC006,ARCHIVIAZIONE,BUSTE,1,PC006,,MP BUSTA TRASPARENTE CHIUSURA BOTTONE COL. ASS. · M3 stesso design 4 formati,,MP BUSTA TRASPARENTE CHIUSURA BOTTONE COL. ASS.,,,,,,
PC007,ARCHIVIAZIONE,BUSTE,1,PC007,,,,,,,,,,
PC010,ARCHIVIAZIONE,BUSTE,1,PC010,,,,,,,,,,
PC011,ARCHIVIAZIONE,BUSTE,1,PC011,,MP BUSTA TRASPARENTE CHIUSURA RAPIDA COL. ASS. · M3 stesso design 3 formati,,MP BUSTA TRASPARENTE CHIUSURA RAPIDA COL. ASS.,,,,,,
PC012,ARCHIVIAZIONE,BUSTE,1,PC012,,,,,,,,,,
PC013,ARCHIVIAZIONE,BUSTE,1,PC013,,MP BUSTA TRASPARENTE LUCIDA CHIUSURA BOTTONE CO · M3 stesso design 3 formati,,MP BUSTA TRASPARENTE LUCIDA CHIUSURA BOTTONE CO,,,,,,
PC014,ARCHIVIAZIONE,BUSTE,1,PC014,,MP BUSTA TRASPARENTE LUCIDA CHIUSURA BOTTONE CO · M3 stesso design 3 formati,,MP BUSTA TRASPARENTE LUCIDA CHIUSURA BOTTONE CO,,,,,,
PC015,ARCHIVIAZIONE,BUSTE,1,PC015,,,,,,,,,,
PC016,ARCHIVIAZIONE,BUSTE,1,PC016,,,,,,,,,,
PC017,ARCHIVIAZIONE,BUSTE,1,PC017,,MP BUSTA TRASPARENTE CHIUSURA VELCRO COL. ASS. · M3 stesso design 2 formati,,MP BUSTA TRASPARENTE CHIUSURA VELCRO COL. ASS.,,,,,,
PC018,ARCHIVIAZIONE,BUSTE,1,PC018,,,,,,,,,,
PC019,ARCHIVIAZIONE,BUSTE,1,PC019,,MP BUSTA TRASPARENTE CHIUSURA BOTTONE NEUTRO · M3 stesso design 4 formati,,MP BUSTA TRASPARENTE CHIUSURA BOTTONE NEUTRO,,,,,,
PC020,ARCHIVIAZIONE,BUSTE,1,PC020,,,,,,,,,,
PC021,ARCHIVIAZIONE,BUSTE,1,PC021,,,,,,,,,,
PC022,ARCHIVIAZIONE,BUSTE,1,PC022,,,,,,,,,,
PC023,ARCHIVIAZIONE,BUSTE,1,PC023,,MP BUSTA TRASPARENTE CHIUSURA RAPIDA COL. ASS. · M3 stesso design 3 formati,,MP BUSTA TRASPARENTE CHIUSURA RAPIDA COL. ASS.,,,,,,
PC024,ARCHIVIAZIONE,BUSTE,1,PC024,,MP BUSTA TRASPARENTE CHIUSURA RAPIDA COL. ASS. · M3 stesso design 3 formati,,MP BUSTA TRASPARENTE CHIUSURA RAPIDA COL. ASS.,,,,,,
PC025,ARCHIVIAZIONE,BUSTE,1,PC025,,MP BUSTA TRASP. BICOLOR CHIUSURA BOTTONE COL. A · M3 stesso design 2 formati,,MP BUSTA TRASP. BICOLOR CHIUSURA BOTTONE COL. A,,,,,,
PC026,ARCHIVIAZIONE,BUSTE,1,PC026,,MP BUSTA TRASP. BICOLOR CHIUSURA BOTTONE COL. A · M3 stesso design 2 formati,,MP BUSTA TRASP. BICOLOR CHIUSURA BOTTONE COL. A,,,,,,
PC027,ARCHIVIAZIONE,BUSTE,3,PC027 PC027C PC027T,PC027C · W2 taglia media,MP BUSTA TRASPARENTE LUCIDA CHIUSURA BOTTONE CO · M3 stesso design 3 formati,,MP BUSTA TRASPARENTE LUCIDA CHIUSURA BOTTONE CO,,,,,,
PC028,ARCHIVIAZIONE,BUSTE,1,PC028,,,,,,,,,,
PC029,ARCHIVIAZIONE,BUSTE,2,PC029 PC029T,,,,,,,,,,
PC030,ARCHIVIAZIONE,BUSTE,1,PC030,,MP BUSTA TRASPARENTE CHIUSURA BOTTONE NEUTRO · M3 stesso design 4 formati,,MP BUSTA TRASPARENTE CHIUSURA BOTTONE NEUTRO,,,,,,
PC031,ARCHIVIAZIONE,BUSTE,1,PC031,,,,,,,,,,
PC035,ARCHIVIAZIONE,BUSTE,1,PC035,,,,,,,,,,
PC038,ARCHIVIAZIONE,BUSTE,1,PC038,,,,,,,,,,
PC039,ARCHIVIAZIONE,BUSTE,1,PC039,,,,,,,,,,
PC040,ARCHIVIAZIONE,BUSTE,1,PC040,,MP BUSTA TRASPARENTE CHIUSURA BOTTONE COL. ASS. · M3 stesso design 4 formati,,MP BUSTA TRASPARENTE CHIUSURA BOTTONE COL. ASS.,,,,,,
PC041,ARCHIVIAZIONE,BUSTE,1,PC041,,MP BUSTA TRASPARENTE CHIUSURA BOTTONE NEUTRO · M3 stesso design 4 formati,,MP BUSTA TRASPARENTE CHIUSURA BOTTONE NEUTRO,,,,,,
PC042,ARCHIVIAZIONE,BUSTE,1,PC042,,MP BUSTA TRASPARENTE CHIUSURA VELCRO COL. ASS. · M3 stesso design 2 formati,,MP BUSTA TRASPARENTE CHIUSURA VELCRO COL. ASS.,,,,,,
PC043,ARCHIVIAZIONE,BUSTE,1,PC043,,,,,,,,,,
PC044,ARCHIVIAZIONE,BUSTE,1,PC044,,MP BUSTA BIGLIETTI VISITA TRASPARENTE CHIUSURA VEL · M3 stesso design 2 formati,,MP BUSTA BIGLIETTI VISITA TRASPARENTE CHIUSURA VEL,,,,,,
PC045,ARCHIVIAZIONE,BUSTE,1,PC045,,MP BUSTA BIGLIETTI VISITA TRASPARENTE CHIUSURA VEL · M3 stesso design 2 formati,,MP BUSTA BIGLIETTI VISITA TRASPARENTE CHIUSURA VEL,,,,,,
PC048,ARCHIVIAZIONE,BUSTE,1,PC048,,,,,,,,,,
PC103,ARCHIVIAZIONE,BUSTE,1,PC103,,MP BUSTA MULTIUSO IN TESSUTO C/CERNIERA COL. AS · M3 stesso design 2 formati,,MP BUSTA MULTIUSO IN TESSUTO C/CERNIERA COL. AS,,,,,,
PC104,ARCHIVIAZIONE,BUSTE,1,PC104,,MP BUSTA MULTIUSO IN TESSUTO C/CERNIERA COL. AS · M3 stesso design 2 formati,,MP BUSTA MULTIUSO IN TESSUTO C/CERNIERA COL. AS,,,,,,
PC105,ARCHIVIAZIONE,BUSTE,1,PC105,,,,,,,,,,
PC113-A4,ARCHIVIAZIONE,BUSTE,7,PC113-A4 PC113-A5 PC113-A6 PC113-A7 PC113-B5 PC113-B6 PC113-B7,PC113-A7 · W2 taglia media,,,,,PC113-A7,,,,
PC148,ARCHIVIAZIONE,BUSTE,2,PC148 PC148-P,,,,,,,,,,
PC149,ARCHIVIAZIONE,BUSTE,1,PC149T,,,,,,,,,,
PC211,ARCHIVIAZIONE,BUSTE,1,PC211,,MP BUSTA TRASPARENTE CHIUSURA BOTTONE COL. ASS. · M3 stesso design 4 formati,,MP BUSTA TRASPARENTE CHIUSURA BOTTONE COL. ASS.,,,,,,
PC212,ARCHIVIAZIONE,BUSTE,1,PC212,,,,,,,,,,
PC213,ARCHIVIAZIONE,BUSTE,1,PC213,,MP BUSTA TRASPARENTE CHIUSURA BOTTONE NEUTRO · M3 stesso design 4 formati,,MP BUSTA TRASPARENTE CHIUSURA BOTTONE NEUTRO,,,,,,
PC220,ARCHIVIAZIONE,BUSTE,1,PC220,,,,,,,,,,
PC221,ARCHIVIAZIONE,BUSTE,1,PC221,,MP BUSTA TRASLUCIDA CHIUSURA BOTTONE+PORTATESSE · M3 stesso design 2 formati,,MP BUSTA TRASLUCIDA CHIUSURA BOTTONE+PORTATESSE,,,,,,
PC222,ARCHIVIAZIONE,BUSTE,1,PC222,,,,,,,,,,
PC223,ARCHIVIAZIONE,BUSTE,1,PC223,,,,,,,,,,
PC224,ARCHIVIAZIONE,BUSTE,1,PC224,,MP BUSTA TRASLUCIDA CHIUSURA BOTTONE+PORTATESSE · M3 stesso design 2 formati,,MP BUSTA TRASLUCIDA CHIUSURA BOTTONE+PORTATESSE,,,,,,
PC225,ARCHIVIAZIONE,BUSTE,1,PC225,,,,,,,,,,
PC226,ARCHIVIAZIONE,BUSTE,1,PC226,,,,,,,,,,
PC227,ARCHIVIAZIONE,BUSTE,1,PC227,,,,,,,,,,
PC228,ARCHIVIAZIONE,BUSTE,1,PC228,,,,,,,,,,
PC230,ARCHIVIAZIONE,BUSTE,2,PC230 PC230T,,,,,,,,,,
PC539-01,ARCHIVIAZIONE,BUSTE,12,PC539-01 PC539-02 PC539-03 PC539-04 PC539-05 PC539-06 PC539-07 PC539-09 PC539-10 PC539-11 PC539-12 PC539-13,PC539-06 · W1 colore di punta BLU,MP BUSTA CHIUSURA BOTTONE NERO · M3 stesso design 3 formati,,MP BUSTA CHIUSURA BOTTONE NERO,,,,,,
PC540-01,ARCHIVIAZIONE,BUSTE,8,PC540-01 PC540-02 PC540-03 PC540-04 PC540-06 PC540-08 PC540-09 PC540-13,PC540-06 · W1 colore di punta BLU,MP BUSTA CHIUSURA BOTTONE NERO · M3 stesso design 3 formati,,MP BUSTA CHIUSURA BOTTONE NERO,,,,,,
PC541-01,ARCHIVIAZIONE,BUSTE,7,PC541-01 PC541-02 PC541-03 PC541-04 PC541-06 PC541-09 PC541-13,PC541-06 · W1 colore di punta BLU,MP BUSTA CHIUSURA BOTTONE NERO · M3 stesso design 3 formati,,MP BUSTA CHIUSURA BOTTONE NERO,,,,,,
PC555,ARCHIVIAZIONE,BUSTE,1,PC555,,,,,,,,,,
PC556,ARCHIVIAZIONE,BUSTE,1,PC556,,,,,,,,,,
PC901,ARCHIVIAZIONE,BUSTE,4,PC901 PC901-50 PC901-100IT PC901A5-50,PC901-100IT · W2 taglia media,,,,,PC901-100IT,,,,
PC902,ARCHIVIAZIONE,BUSTE,3,PC902-50IT PC902-100IT PC902IT,PC902-100IT · W2 taglia media,,,,,PC902-100IT,,,,
PC903,ARCHIVIAZIONE,BUSTE,3,PC903 PC903-50 PC903-100IT,PC903-50 · W2 taglia media,,,,,PC903-50,,,,
PC905,ARCHIVIAZIONE,BUSTE,1,PC905-50,,,,,,,,,,
PC059,ARCHIVIAZIONE,CARTELLE,1,PC059,,,,,,,,,,
PC074,ARCHIVIAZIONE,CARTELLE,1,PC074,,,,,,,,,,
PC075,ARCHIVIAZIONE,CARTELLE,1,PC075,,,,,,,,,,
PC076,ARCHIVIAZIONE,CARTELLE,1,PC076,,,,,,,,,,
PC092,ARCHIVIAZIONE,CARTELLE,1,PC092,,,,,,,,,,
PC101,ARCHIVIAZIONE,CARTELLE,1,PC101,,MP CARTELLA LEMBI CHIUSURA ELASTICO COL. ASS. · M3 stesso design 5 formati,,MP CARTELLA LEMBI CHIUSURA ELASTICO COL. ASS.,,,,,,
PC101IT,ARCHIVIAZIONE,CARTELLE,13,PC101IT PC101IT-01 PC101IT-02 PC101IT-03 PC101IT-04 PC101IT-05 PC101IT-06 PC101IT-07 PC101IT-08 PC101IT-09 PC101IT-F PC101IT-P PC101P,PC101IT-01 · W1 colore di punta BLU,MP CARTELLA LEMBI CHIUSURA ELASTICO COL. ASS. · M3 stesso design 5 formati,,MP CARTELLA LEMBI CHIUSURA ELASTICO COL. ASS.,,,,,,
PC102,ARCHIVIAZIONE,CARTELLE,1,PC102,,MP CARTELLA LEMBI CHIUSURA ELASTICO COL. ASS. · M3 stesso design 5 formati,,MP CARTELLA LEMBI CHIUSURA ELASTICO COL. ASS.,,,,,,
PC102IT,ARCHIVIAZIONE,CARTELLE,4,PC102IT PC102IT-F PC102IT-P PC102IT-PL,,,,,,,,,,
PC103IT-01,ARCHIVIAZIONE,CARTELLE,8,PC103IT-01 PC103IT-02 PC103IT-03 PC103IT-04 PC103IT-05 PC103IT-06 PC103IT-07 PC103IT-08,,,,,,,,,,
PC105IT-01,ARCHIVIAZIONE,CARTELLE,8,PC105IT-01 PC105IT-02 PC105IT-03 PC105IT-04 PC105IT-05 PC105IT-06 PC105IT-07 PC105IT-08,,,,,,,,,,
PC107IT-01,ARCHIVIAZIONE,CARTELLE,8,PC107IT-01 PC107IT-02 PC107IT-03 PC107IT-04 PC107IT-05 PC107IT-06 PC107IT-07 PC107IT-08,,,,,,,,,,
PC111IT-01,ARCHIVIAZIONE,CARTELLE,5,PC111IT-01 PC111IT-03 PC111IT-05 PC111IT-07 PC111IT-08,,,,,,,,,,
PC134,ARCHIVIAZIONE,CARTELLE,1,PC134,,,,,,,,,,
PC165,ARCHIVIAZIONE,CARTELLE,1,PC165,,,,,,,,,,
PC301,ARCHIVIAZIONE,CARTELLE,1,PC301,,MP CARTELLA LEMBI CHIUSURA ELASTICO COL. ASS. · M3 stesso design 5 formati,,MP CARTELLA LEMBI CHIUSURA ELASTICO COL. ASS.,,,,,,
PC302,ARCHIVIAZIONE,CARTELLE,1,PC302,,MP CARTELLA LEMBI CHIUSURA ELASTICO COL. ASS. · M3 stesso design 5 formati,,MP CARTELLA LEMBI CHIUSURA ELASTICO COL. ASS.,,,,,,
PC303,ARCHIVIAZIONE,CARTELLE,2,PC303 PC303IT,,MP CARTELLA LEMBI TRASLUCIDA CHIUSURA ELASTIC · M3 stesso design 3 formati,,MP CARTELLA LEMBI TRASLUCIDA CHIUSURA ELASTIC,,,,,,
PC305,ARCHIVIAZIONE,CARTELLE,6,PC305 PC305A PC305AF PC305AF-P PC305F PC305F-P,PC305AF · W1 colore di punta BLU,,,,,PC305AF,,,,
PC306,ARCHIVIAZIONE,CARTELLE,1,PC306,,,,,,,,,,
PC307,ARCHIVIAZIONE,CARTELLE,1,PC307,,,,,,,,,,
PC308,ARCHIVIAZIONE,CARTELLE,1,PC308,,MP CARTELLA LEMBI TRASLUCIDA CHIUSURA ELASTIC · M3 stesso design 3 formati,,MP CARTELLA LEMBI TRASLUCIDA CHIUSURA ELASTIC,,,,,,
PC331,ARCHIVIAZIONE,CARTELLE,3,PC331 PC332 PC333,PC333 · W1 colore di punta BLU,,,,,PC333,,,,
PC335,ARCHIVIAZIONE,CARTELLE,4,PC335 PC335A PC335AF PC335F,PC335A · W1 colore di punta BLU,,,,,PC335A,,,,
PC341,ARCHIVIAZIONE,CARTELLE,1,PC341,,MP CARTELLA TRASLUCIDA GOMMATA 3LEMBI CHIUSURA · M3 stesso design 2 formati,,MP CARTELLA TRASLUCIDA GOMMATA 3LEMBI CHIUSURA,,,,,,
PC342,ARCHIVIAZIONE,CARTELLE,1,PC342,,MP CARTELLA TRASLUCIDA GOMMATA 3LEMBI CHIUSURA · M3 stesso design 2 formati,,MP CARTELLA TRASLUCIDA GOMMATA 3LEMBI CHIUSURA,,,,,,
PC346,ARCHIVIAZIONE,CARTELLE,1,PC346,,,,,,,,,,
PC348,ARCHIVIAZIONE,CARTELLE,1,PC348,,,,,,,,,,
PC349,ARCHIVIAZIONE,CARTELLE,1,PC349,,,,,,,,,,
PC350,ARCHIVIAZIONE,CARTELLE,1,PC350,,MP CARTELLA LEMBI TRASLUCIDA CHIUSURA ELASTIC · M3 stesso design 3 formati,,MP CARTELLA LEMBI TRASLUCIDA CHIUSURA ELASTIC,,,,,,
PC385,ARCHIVIAZIONE,CARTELLE,1,PC385,,,,,,,,,,
PC392,ARCHIVIAZIONE,CARTELLE,1,PC392,,,,,,,,,,
PC453,ARCHIVIAZIONE,CARTELLE,1,PC453,,,,,,,,,,
PC454,ARCHIVIAZIONE,CARTELLE,1,PC454,,,,,,,,,,
PC470,ARCHIVIAZIONE,CARTELLE,1,PC470,,MP CARTELLA PORTADOCUMENTI LUCIDA CHIUSURA ZIP · M3 stesso design 2 formati,,MP CARTELLA PORTADOCUMENTI LUCIDA CHIUSURA ZIP,,,,,,
PC471,ARCHIVIAZIONE,CARTELLE,1,PC471,,MP CARTELLA PORTADOCUMENTI LUCIDA CHIUSURA ZIP · M3 stesso design 2 formati,,MP CARTELLA PORTADOCUMENTI LUCIDA CHIUSURA ZIP,,,,,,
PC551,ARCHIVIAZIONE,CARTELLE,1,PC551,,,,,,,,,,
PC552,ARCHIVIAZIONE,CARTELLE,1,PC552,,MP CARTELLA LEMBI TRASLUCIDA CH. ELASTICO COL · M3 stesso design 2 formati,,MP CARTELLA LEMBI TRASLUCIDA CH. ELASTICO COL,,,,,,
PC553,ARCHIVIAZIONE,CARTELLE,1,PC553,,,,,,,,,,
PC554,ARCHIVIAZIONE,CARTELLE,1,PC554,,MP CARTELLA LEMBI TRASLUCIDA CH. ELASTICO COL · M3 stesso design 2 formati,,MP CARTELLA LEMBI TRASLUCIDA CH. ELASTICO COL,,,,,,
PC611,ARCHIVIAZIONE,CARTELLE,1,PC611,,MP CARTELLA SOFFIETTO DIVISORI CH. ELASTICO · M3 stesso design 2 formati,,MP CARTELLA SOFFIETTO DIVISORI CH. ELASTICO,,,,,,
PC613,ARCHIVIAZIONE,CARTELLE,1,PC613,,,,,,,,,,
PC614,ARCHIVIAZIONE,CARTELLE,1,PC614,,,,,,,,,,
PC616,ARCHIVIAZIONE,CARTELLE,1,PC616,,MP CARTELLA SOFFIETTO DIVISORI CH. ELASTICO · M3 stesso design 2 formati,,MP CARTELLA SOFFIETTO DIVISORI CH. ELASTICO,,,,,,
PC619,ARCHIVIAZIONE,CARTELLE,1,PC619,,,,,,,,,,
PC142,ARCHIVIAZIONE,CARTELLINE,1,PC142,,,,,,,,,,
PC146,ARCHIVIAZIONE,CARTELLINE,1,PC146,,,,,,,,,,
PC146B,ARCHIVIAZIONE,CARTELLINE,1,PC146B,,,,,,,,,,
PC202,ARCHIVIAZIONE,CARTELLINE,1,PC202,,MP CARTELLINA CON CLIP COL. ASS. · M3 stesso design 2 formati,,MP CARTELLINA CON CLIP COL. ASS.,,,,,,
PC203,ARCHIVIAZIONE,CARTELLINE,1,PC203,,MP CARTELLINA CON CLIP COL. ASS. · M3 stesso design 2 formati,,MP CARTELLINA CON CLIP COL. ASS.,,,,,,
PC204,ARCHIVIAZIONE,CARTELLINE,1,PC204,,,,,,,,,,
PC549,ARCHIVIAZIONE,CARTELLINE,1,PC549,,,,,,,,,,
PC550,ARCHIVIAZIONE,CARTELLINE,1,PC550,,,,,,,,,,
PC125,ARCHIVIAZIONE,PORTABLOCCO,2,PC125 PC125S,PC125S · W1 colore di punta BLU,,,,,PC125S,,,,
PC126,ARCHIVIAZIONE,PORTABLOCCO,2,PC126 PC126S,,,,,,,,,,
PC476,ARCHIVIAZIONE,PORTABLOCCO,2,PC476 PC476-1,,,,,,,,,,
PC912,ARCHIVIAZIONE,PORTABLOCCO,1,PC912,,MP PORTABLOCCO IN LEGNO CON CLIP METALLICA · M3 stesso design 2 formati,,MP PORTABLOCCO IN LEGNO CON CLIP METALLICA,,,,,,
PC913,ARCHIVIAZIONE,PORTABLOCCO,1,PC913,,MP PORTABLOCCO IN LEGNO CON MOLLA A GANCIO · M3 stesso design 2 formati,,MP PORTABLOCCO IN LEGNO CON MOLLA A GANCIO,,,,,,
PC915,ARCHIVIAZIONE,PORTABLOCCO,1,PC915,,MP PORTABLOCCO IN LEGNO CON CLIP METALLICA · M3 stesso design 2 formati,,MP PORTABLOCCO IN LEGNO CON CLIP METALLICA,,,,,,
PC916,ARCHIVIAZIONE,PORTABLOCCO,1,PC916,,MP PORTABLOCCO IN LEGNO CON MOLLA A GANCIO · M3 stesso design 2 formati,,MP PORTABLOCCO IN LEGNO CON MOLLA A GANCIO,,,,,,
PC919,ARCHIVIAZIONE,PORTABLOCCO,1,PC919,,,,,,,,,,
PC920,ARCHIVIAZIONE,PORTABLOCCO,1,PC920,,,,,,,,,,
PC311,ARCHIVIAZIONE,PORTALISTINI,17,PC311 PC311F PC311P PC312 PC312F PC312P PC313 PC313F PC313P PC314 PC314F PC315 PC315F PC316 PC316F PC317 PC317F,PC312F · W1 colore di punta BLU,,,,,PC312F,,,,
PC501,ARCHIVIAZIONE,PORTALISTINI,2,PC501 PC501F,,MP PORTALISTINI SPIRALATO BUSTE TRASPARENTI · M3 stesso design 3 formati,,MP PORTALISTINI SPIRALATO BUSTE TRASPARENTI,,,,,,
PC502,ARCHIVIAZIONE,PORTALISTINI,2,PC502 PC502F,,MP PORTALISTINI SPIRALATO BUSTE TRASPARENTI · M3 stesso design 3 formati,,MP PORTALISTINI SPIRALATO BUSTE TRASPARENTI,,,,,,
PC503,ARCHIVIAZIONE,PORTALISTINI,2,PC503 PC503F,,MP PORTALISTINI SPIRALATO BUSTE TRASPARENTI · M3 stesso design 3 formati,,MP PORTALISTINI SPIRALATO BUSTE TRASPARENTI,,,,,,
PORT PERS,ARCHIVIAZIONE,PORTALISTINI,7,PC311FIT PC312FIT PC313FIT PC314FIT PC315FIT PC316FIT PC317FIT,PC314FIT · W2 taglia media,,,,,PC314FIT,,,,
PORT PPL,ARCHIVIAZIONE,PORTALISTINI,7,PC311IT PC312IT PC313IT PC314IT PC315IT PC316IT PC317IT,PC314IT · W2 taglia media,,,,,PC314IT,,,,
PN199,ARCHIVIAZIONE,POUCHE,2,PN199A3-100 PN199A4-100,,,,,,,,,,
PN200,ARCHIVIAZIONE,POUCHE,2,PN200A3-100 PN200A4-100,,,,,,,,,,
PN201,ARCHIVIAZIONE,POUCHE,1,PN201-10,,,,,,,,,,
PC109IT,ARCHIVIAZIONE,RACCOGLITORI,4,PC109IT PC109IT-F PC109IT-P PC109IT-PL,,,,,,,,,,
PC110IT,ARCHIVIAZIONE,RACCOGLITORI,3,PC110IT PC110IT-P PC110IT-PL,PC110IT-P · W2 taglia media,,,,,PC110IT-P,,,,
PC461,ARCHIVIAZIONE,RACCOGLITORI,1,PC461-P,,,,,,,,,,
PC496,ARCHIVIAZIONE,RACCOGLITORI,1,PC496,,,,,,,,,,
PC811,ARCHIVIAZIONE,RACCOGLITORI,7,PC811 PC812 PC813 PC814 PC815 PC823 PC824,PC814 · W2 taglia media,,,,,PC814,,,,
PC882,ARCHIVIAZIONE,RACCOGLITORI,1,PC882F,,,,,,,,,,
PC883,ARCHIVIAZIONE,RACCOGLITORI,1,PC883F,,,,,,,,,,
PC884IT,ARCHIVIAZIONE,RACCOGLITORI,3,PC886IT PC888IT PC889IT,PC888IT · W2 taglia media,,,,,PC888IT,,,,
TRASP,ARCHIVIAZIONE,RACCOGLITORI,3,PC884IT PC885IT PC887IT,,,,,,,,,,
PC150IT-01,ARCHIVIAZIONE,REGISTRATORI,9,PC150IT-01 PC150IT-02 PC150IT-03 PC150IT-04 PC150IT-05 PC150IT-06 PC150IT-07 PC150IT-08 PC150IT-09,PC150IT-03 · W1 colore di punta BLU,,,,,PC150IT-03,,,,
PC180IT-01,ARCHIVIAZIONE,REGISTRATORI,9,PC180IT-01 PC180IT-02 PC180IT-03 PC180IT-04 PC180IT-05 PC180IT-06 PC180IT-07 PC180IT-08 PC180IT-09,PC180IT-03 · W1 colore di punta BLU,,,,,PC180IT-03,,,,
PC118,ARCHIVIAZIONE,SEPARATORI,2,PC118-12 PC118C,,,,,,,,,,
PC119,ARCHIVIAZIONE,SEPARATORI,7,PC119 PC119-12 PC119A PC119C PC119CP PC119G PC119P,PC119C · W2 taglia media,,,,,PC119C,,,,
PC120,ARCHIVIAZIONE,SEPARATORI,1,PC120,,,,,,,,,,
PC121,ARCHIVIAZIONE,SEPARATORI,1,PC121,,MP SEPARATORI CARTONCINO RACCOGLITORI ANELLI · M3 stesso design 2 formati,,MP SEPARATORI CARTONCINO RACCOGLITORI ANELLI,,,,,,
PC122,ARCHIVIAZIONE,SEPARATORI,1,PC122,,MP SEPARATORI CARTONCINO RACCOGLITORI ANELLI · M3 stesso design 2 formati,,MP SEPARATORI CARTONCINO RACCOGLITORI ANELLI,,,,,,
PC345,ARCHIVIAZIONE,VALIGETTE,2,PC345AF PC345F,,,,,,,,,,
PC452,ARCHIVIAZIONE,VALIGETTE,1,PC452,,,,,,,,,,
PC612,ARCHIVIAZIONE,VALIGETTE,1,PC612,,,,,,,,,,
PC005,SCUOLA,BUSTE,3,PC005-01 PC005-02 PC005-03,,,,,,,,,,
PE025,SCUOLA,CALCOLATRICI,2,PE025 PE025N,,,,,,,,,,
PE030,SCUOLA,CALCOLATRICI,1,PE030,,,,,,,,,,
PA117,SCUOLA,COMPASSI,2,PA117 PA117C,,,,,,,,,,
PA118,SCUOLA,COMPASSI,3,PA118-1 PA118-2 PA118-3,,,,,,,,,,
PA119,SCUOLA,COMPASSI,2,PA119-1 PA119-2,,,,,,,,,,
PA123,SCUOLA,COMPASSI,2,PA123B PA123D,PA123D · W1 colore di punta BLU,,,,,PA123D,,,,
PA124,SCUOLA,COMPASSI,2,PA124 PA124C,PA124C · W1 colore di punta BLU,,,,,PA124C,,,,
PA125,SCUOLA,COMPASSI,2,PA125 PA125C,PA125C · W1 colore di punta BLU,MP COMPASSO BALAUSTRONE + ACC + MINE RICARICA · M3 stesso design 2 formati,,MP COMPASSO BALAUSTRONE + ACC + MINE RICARICA,,,,,,
PA127,SCUOLA,COMPASSI,1,PA127,,MP COMPASSO BALAUSTRONE + ACC + MINE RICARICA · M3 stesso design 2 formati,,MP COMPASSO BALAUSTRONE + ACC + MINE RICARICA,,,,,,
PA136,SCUOLA,FLAUTI,2,PA136 PA136L,,,,,,,,,,
PL041,SCUOLA,GONIOMETRI,1,PL041,,,,,,,,,,
PL042,SCUOLA,GONIOMETRI,1,PL042,,,,,,,,,,
PA990,SCUOLA,KIT ELETTRICI,1,PA990,,MP KIT ELETTRICO CON MOTORE PER PROGETTI SCOLASTIC · M3 stesso design 2 formati,,MP KIT ELETTRICO CON MOTORE PER PROGETTI SCOLASTIC,,,,,,
PA991,SCUOLA,KIT ELETTRICI,1,PA991,,,,,,,,,,
PA992,SCUOLA,KIT ELETTRICI,1,PA992,,MP KIT ELETTRICO CON MOTORE PER PROGETTI SCOLASTIC · M3 stesso design 2 formati,,MP KIT ELETTRICO CON MOTORE PER PROGETTI SCOLASTIC,,,,,,
PA120,SCUOLA,PUNTERUOLI,1,PA120M,,,,,,,,,,
PA144,SCUOLA,RIGHELLI,4,PA144 PA144C PA144G PA144P,PA144C · W1 colore di punta BLU,MP SET DISEGNO GEOMETRICO 4PZ TRASPARENTE · M3 stesso design 2 formati,,MP SET DISEGNO GEOMETRICO 4PZ TRASPARENTE,,,,,,
PA147,SCUOLA,RIGHELLI,2,PA147 PA147P,,MP SET DISEGNO GEOMETRICO 4PZ TRASPARENTE · M3 stesso design 2 formati,,MP SET DISEGNO GEOMETRICO 4PZ TRASPARENTE,,,,,,
PA159,SCUOLA,RIGHELLI,2,PA159 PA159P,,,,MP RIGHELLO CON GUIDE FORME LETTERE,,,,,,
PL003,SCUOLA,RIGHELLI,3,PL003 PL003A PL003B,PL003A · W2 taglia media,,,,,PL003A,,,,
PL010,SCUOLA,RIGHELLI,1,PL010,,,,,,,,,,
PL011,SCUOLA,RIGHELLI,1,PL011,,,,,,,,,,
PL012,SCUOLA,RIGHELLI,1,PL012,,,,,,,,,,
PL013,SCUOLA,RIGHELLI,1,PL013,,,,,,,,,,
PL014,SCUOLA,RIGHELLI,1,PL014,,,,,,,,,,
PL019-3,SCUOLA,RIGHELLI,3,PL019-1 PL019-2 PL019-3,PL019-2 · W2 taglia media,,,,,PL019-2,,,,
PL020-1,SCUOLA,RIGHELLI,2,PL020-1 PL020-2,,,,,,,,,,
PL021,SCUOLA,RIGHELLI,5,PL021 PL022 PL023 PL024 PL025,PL023 · W2 taglia media,MP RIGHELLO TRASPARENTE · M3 stesso design 2 formati,,MP RIGHELLO TRASPARENTE,,,,,,
PL030,SCUOLA,RIGHELLI,1,PL030,,MP RIGHELLO TRASPARENTE · M3 stesso design 2 formati,,MP RIGHELLO TRASPARENTE,,,,,,
PL031,SCUOLA,RIGHELLI,1,PL031,,MP RIGHELLO CON GUIDE FORME LETTERE · M3 stesso design 2 formati,,MP RIGHELLO CON GUIDE FORME LETTERE,,,,,,
PL032,SCUOLA,RIGHELLI,1,PL032,,MP RIGHELLO CON GUIDE FORME LETTERE · M3 stesso design 2 formati,,MP RIGHELLO CON GUIDE FORME LETTERE,,,,,,
PL033,SCUOLA,RIGHELLI,1,PL033,,,,,,,,,,
PL051,SCUOLA,RIGHELLI,1,PL051IT,,,,,,,,,,
PL008,SCUOLA,SQUADRE,1,PL008,,,,,,,,,,
PL053IT,SCUOLA,SQUADRE,6,PL053IT PL054IT PL055IT PL056IT PL057IT PL058IT,PL056IT · W2 taglia media,,,,,PL056IT,,,,
PP151,CREATIVITà KIDS,ACQUERELLI,1,PP151,,MP ACQUERELLI SET COLORI + PENNELLO · M3 stesso design 4 formati,,,,,,,,
PP152,CREATIVITà KIDS,ACQUERELLI,1,PP152,,MP ACQUERELLI SET COLORI + PENNELLO · M3 stesso design 4 formati,,,,,,,,
PP153,CREATIVITà KIDS,ACQUERELLI,1,PP153,,MP ACQUERELLI SET COLORI + PENNELLO · M3 stesso design 4 formati,,,,,,,,
PP154-02,CREATIVITà KIDS,ACQUERELLI,2,PP154-01 PP154-02,,MP ACQUERELLI SET COLORI + PENNELLO · M3 stesso design 4 formati,,,,,,,,
PA1101,CREATIVITà KIDS,FORBICI,2,PA1101-1 PA1101-2,,,,,,,,,,
PT100,CREATIVITà KIDS,FORBICI,1,PT100,,,,,,,,,,
PT102,CREATIVITà KIDS,FORBICI,1,PT102,,MP ZIGZAG MISURE C/ASSORT · M3 stesso design 2 formati,,MP ZIGZAG MISURE C/ASSORT,,,,,,
PT103,CREATIVITà KIDS,FORBICI,1,PT103,,MP FORBICI SCUOLA C/ASSORT · M3 stesso design 2 formati,,MP FORBICI SCUOLA C/ASSORT,,,,,,
PT104,CREATIVITà KIDS,FORBICI,1,PT104,,MP ZIGZAG MISURE C/ASSORT · M3 stesso design 2 formati,,MP ZIGZAG MISURE C/ASSORT,,,,,,
PT105,CREATIVITà KIDS,FORBICI,1,PT105,,MP FORBICI SCUOLA C/ASSORT · M3 stesso design 2 formati,,MP FORBICI SCUOLA C/ASSORT,,,,,,
PT106,CREATIVITà KIDS,FORBICI,1,PT106,,,,,,,,,,
PT108,CREATIVITà KIDS,FORBICI,1,PT108,,,,,,,,,,
PT112,CREATIVITà KIDS,FORBICI,1,PT112,,,,,,,,,,
PT119,CREATIVITà KIDS,FORBICI,1,PT119,,,,,,,,,,
PT120,CREATIVITà KIDS,FORBICI,1,PT120,,,,,,,,,,
PT121,CREATIVITà KIDS,FORBICI,1,PT121,,,,,,,,,,
PT122,CREATIVITà KIDS,FORBICI,1,PT122,,,,,,,,,,
PT134,CREATIVITà KIDS,FORBICI,1,PT134,,,,,,,,,,
PT135,CREATIVITà KIDS,FORBICI,1,PT135,,,,,,,,,,
PT140,CREATIVITà KIDS,FORBICI,1,PT140,,,,,,,,,,
PT141,CREATIVITà KIDS,FORBICI,1,PT141,,,,,,,,,,
PT142,CREATIVITà KIDS,FORBICI,2,PT142-1 PT142-2,,,,,,,,,,
PP432,CREATIVITà KIDS,GREMBIULI,2,PP432-1 PP432-2,,,,,,,,,,
PP920,CREATIVITà KIDS,LETTERING,1,PP920,,,,,,,,,,
PP921,CREATIVITà KIDS,LETTERING,1,PP921,,,,,,,,,,
ACQUE,CREATIVITà KIDS,MATITE COLORATE,2,PP808 PP809,,,,,,,,,,
BICO,CREATIVITà KIDS,MATITE COLORATE,2,PP806 PP807,,,,,,,,,,
CANCELL,CREATIVITà KIDS,MATITE COLORATE,2,PP823 PP824,,MP MATITE COLORATE CANCELLABILI CONF. COLORI · M3 stesso design 2 formati,,MP MATITE COLORATE CANCELLABILI CONF. COLORI,,,,,,
PP802/04,CREATIVITà KIDS,MATITE COLORATE,3,PP802 PP803 PP804,PP803 · W2 taglia media,MP MATITE COLORATE CONF. COLORI · M3 stesso design 2 formati,,MP MATITE COLORATE CONF. COLORI,,,,,,
PP814,CREATIVITà KIDS,MATITE COLORATE,1,PP814,,MP MATITE COLORATE CONF. COLORI · M3 stesso design 2 formati,,MP MATITE COLORATE CONF. COLORI,,,,,,
PP825,CREATIVITà KIDS,MATITE COLORATE,1,PP825,,MP MATITE COLORATE CANCELLABILI CONF. COLORI · M3 stesso design 2 formati,,MP MATITE COLORATE CANCELLABILI CONF. COLORI,,,,,,
PP827,CREATIVITà KIDS,MATITE COLORATE,1,PP827,,,,,,,,,,
PP828,CREATIVITà KIDS,MATITE COLORATE,1,PP828,,,,,,,,,,
PP930,CREATIVITà KIDS,PASTELLI A CERA,2,PP930 PP930P,,MP PASTELLI A CERA TONDO CONF. COLORI · M3 stesso design 3 formati,,MP PASTELLI A CERA TONDO CONF. COLORI,,,,,,
PP931,CREATIVITà KIDS,PASTELLI A CERA,1,PP931,,MP PASTELLI A CERA TONDO CONF. COLORI · M3 stesso design 3 formati,,MP PASTELLI A CERA TONDO CONF. COLORI,,,,,,
PP932,CREATIVITà KIDS,PASTELLI A CERA,1,PP932,,MP PASTELLI A CERA TONDO CONF. COLORI · M3 stesso design 3 formati,,MP PASTELLI A CERA TONDO CONF. COLORI,,,,,,
PP938,CREATIVITà KIDS,PASTELLI A CERA,1,PP938,,MP PASTELLI A CERA CONF. COLORI · M3 stesso design 2 formati,,MP PASTELLI A CERA CONF. COLORI,,,,,,
PP939,CREATIVITà KIDS,PASTELLI A CERA,1,PP939,,MP PASTELLI A CERA CONF. COLORI · M3 stesso design 2 formati,,MP PASTELLI A CERA CONF. COLORI,,,,,,
PP942,CREATIVITà KIDS,PASTELLI A CERA,2,PP942-01 PP942-14,PP942-14 · W1 colore di punta BLU,,,,,PP942-14,,,,
PP943,CREATIVITà KIDS,PASTELLI A CERA,3,PP943-10 PP943-15 PP943-24,PP943-15 · W2 taglia media,,,,,PP943-15,,,,
PP156-24,CREATIVITà KIDS,PASTELLI MORBIDI,2,PP156-12 PP156-24,,,,,,,,,,
PP851,CREATIVITà KIDS,PENNARELLI,2,PP851 PP851P,,MP PENNARELLI CLASSICI PUNTA FINE CONF. COLORI · M3 stesso design 3 formati,,MP PENNARELLI CLASSICI PUNTA FINE CONF. COLORI,,,,,,
PP853,CREATIVITà KIDS,PENNARELLI,1,PP853,,MP PENNARELLI CLASSICI PUNTA FINE CONF. COLORI · M3 stesso design 3 formati,,MP PENNARELLI CLASSICI PUNTA FINE CONF. COLORI,,,,,,
PP854,CREATIVITà KIDS,PENNARELLI,1,PP854,,MP PENNARELLI CLASSICI PUNTA FINE CONF. COLORI · M3 stesso design 3 formati,,MP PENNARELLI CLASSICI PUNTA FINE CONF. COLORI,,,,,,
PP856,CREATIVITà KIDS,PENNARELLI,1,PP856,,,,,,,,,,
PP861,CREATIVITà KIDS,PENNARELLI,1,PP861,,,,,,,,,,
PP862,CREATIVITà KIDS,PENNARELLI,1,PP862,,,,,,,,,,
PP871,CREATIVITà KIDS,PENNARELLI,1,PP871,,MP PENNARELLI JUMBO CONF. COLORI · M3 stesso design 2 formati,,MP PENNARELLI JUMBO CONF. COLORI,,,,,,
PP872,CREATIVITà KIDS,PENNARELLI,1,PP872,,MP PENNARELLI JUMBO CONF. COLORI · M3 stesso design 2 formati,,MP PENNARELLI JUMBO CONF. COLORI,,,,,,
PP882,CREATIVITà KIDS,PENNARELLI,1,PP882,,,,,,,,,,
PP891,CREATIVITà KIDS,PENNARELLI,3,PP891 PP891-18 PP891-24,,,,,,,,,,
PP912,CREATIVITà KIDS,PENNARELLI,1,PP912,,,,,,,,,,
PP913,CREATIVITà KIDS,PENNARELLI,1,PP913,,,,,,,,,,
PP220,CREATIVITà KIDS,PENNELLI,1,PP220,,MP SET PENNELLI PER SCUOLA · M3 stesso design 2 formati,,MP SET PENNELLI PER SCUOLA,,,,,,
PP221,CREATIVITà KIDS,PENNELLI,1,PP221,,MP SET PENNELLI PER SCUOLA · M3 stesso design 2 formati,,MP SET PENNELLI PER SCUOLA,,,,,,
PP222,CREATIVITà KIDS,PENNELLI,1,PP222,,MP SET PENNELLI SCOLASTICI EASY GRIP · M3 stesso design 2 formati,,MP SET PENNELLI SCOLASTICI EASY GRIP,,,,,,
PP279,CREATIVITà KIDS,PENNELLI,2,PP279 PP279-1,,MP SET PENNELLI SCOLASTICI EASY GRIP · M3 stesso design 2 formati,,MP SET PENNELLI SCOLASTICI EASY GRIP,,,,,,
PY040,CREATIVITà KIDS,PLASTILINA,2,PY040-01 PY040-02,,MP PLASTILINA COL.ASS. · M3 stesso design 4 formati,,MP PLASTILINA COL.ASS.,,,,,,
PY041,CREATIVITà KIDS,PLASTILINA,2,PY041-01 PY041-02,,MP PLASTILINA PASTEL COL.ASS. · M3 stesso design 2 formati,,MP PLASTILINA PASTEL COL.ASS.,,,,,,
PY042,CREATIVITà KIDS,PLASTILINA,2,PY042-01 PY042-02,,MP PLASTILINA FLUO. COL.ASS. · M3 stesso design 2 formati,,MP PLASTILINA FLUO. COL.ASS.,,,,,,
PY043,CREATIVITà KIDS,PLASTILINA,1,PY043,,MP PLASTILINA COL.ASS. · M3 stesso design 4 formati,,MP PLASTILINA COL.ASS.,,,,,,
PY044,CREATIVITà KIDS,PLASTILINA,1,PY044,,MP PLASTILINA PASTEL COL.ASS. · M3 stesso design 2 formati,,MP PLASTILINA PASTEL COL.ASS.,,,,,,
PY045,CREATIVITà KIDS,PLASTILINA,1,PY045,,MP PLASTILINA FLUO. COL.ASS. · M3 stesso design 2 formati,,MP PLASTILINA FLUO. COL.ASS.,,,,,,
PY046,CREATIVITà KIDS,PLASTILINA,1,PY046,,MP PLASTILINA COL.ASS. · M3 stesso design 4 formati,,MP PLASTILINA COL.ASS.,,,,,,
PY047,CREATIVITà KIDS,PLASTILINA,1,PY047,,MP PLASTILINA COL.ASS. · M3 stesso design 4 formati,,MP PLASTILINA COL.ASS.,,,,,,
PY048,CREATIVITà KIDS,PLASTILINA,1,PY048,,,,,,,,,,
PY049,CREATIVITà KIDS,PLASTILINA,1,PY049,,,,,,,,,,
PY050,CREATIVITà KIDS,PLASTILINA,1,PY050,,,,,,,,,,
PY051,CREATIVITà KIDS,PLASTILINA,1,PY051,,,,,,,,,,
PY052,CREATIVITà KIDS,PLASTILINA,1,PY052,,,,,,,,,,
PP950,CREATIVITà KIDS,SALVADANAI,8,PP950-03 PP950-04 PP950-05 PP950-06 PP950-07 PP950-09 PP950-11 PP950-12,,,,,,,,,,
PY053-58,CREATIVITà KIDS,STAMPINI,6,PY053 PY054 PY055 PY056 PY057 PY058,,,,,,,,,,
PD034-37,CREATIVITà KIDS,STICKERS,14,PD034-37 PD034-38 PD034-39 PD034-40 PD034-41 PD034-42 PD034-43 PD034-44 PD034-45 PD034-46 PD034-48 PD034-49 PD034-50 PD034-51,,,,,,,,,,
PP162-05,CREATIVITà KIDS,TEMPERE,4,PP162-01 PP162-02 PP162-03 PP162-05,PP162-03 · W2 taglia media,,,,,PP162-03,,,,
PP204-12,CREATIVITà KIDS,TEMPERE,2,PP204-6 PP204-12,,,,,,,,,,
PP205,CREATIVITà KIDS,TEMPERE,1,PP205-6,,,,,,,,,,
PP206-6,CREATIVITà KIDS,TEMPERE,2,PP206-6 PP206-12,,,,,,,,,,
PP207-6,CREATIVITà KIDS,TEMPERE,2,PP207-6 PP207-12,,,,,,,,,,
PP610,CREATIVITà KIDS,TEMPERE,17,PP610 PP610-01 PP610-02 PP610-03 PP610-04 PP610-05 PP610-06 PP610-07 PP610-08 PP610-09 PP610-10 PP610-11 PP610-12 PP610-13 PP610-14 PP610-15 PP610-16,PP610-09 · W1 colore di punta BLU,,,,,PP610-09,PP610,,,
PP611,CREATIVITà KIDS,TEMPERE,16,PP611-01 PP611-02 PP611-03 PP611-04 PP611-05 PP611-06 PP611-07 PP611-08 PP611-09 PP611-10 PP611-11 PP611-12 PP611-13 PP611-14 PP611-15 PP611-16,PP611-09 · W1 colore di punta BLU,,,,,PP611-09,,,,
PP615,CREATIVITà KIDS,TEMPERE,11,PP615 PP615-01 PP615-02 PP615-03 PP615-04 PP615-05 PP615-06 PP615-07 PP615-08 PP615-09 PP615-10,PP615-07 · W1 colore di punta BLU,,,,,PP615-07,PP615,,,
PA540,DIY,ADESIVI,1,PA540,,,,,,,,,,
PM021,DIY,BASTONCINI,9,PM021 PM022 PM023 PM024 PM025 PM026 PM027 PM030 PM032,PM025 · W2 taglia media,,,,,PM025,,,,
PM028-1,DIY,BASTONCINI,11,PM028-1 PM028-2 PM028-3 PM028-4 PM028-5 PM028-6 PM028-7 PM028-8 PM028-9 PM029-01 PM029-02,PM028-6 · W2 taglia media,,,,,PM028-6,,,,
PN208-A4,DIY,BLOCCHI,2,PN208 PN208-A4,,,,,,,,,,
PN209-A4,DIY,BLOCCHI,2,PN209 PN209-A4,,,,,,,,,,
PN210,DIY,BLOCCHI,2,PN210 PN210-A4,,,,,,,,,,
PN222-24,DIY,CARTA CRESPA,25,PN222 PN222-01 PN222-02 PN222-03 PN222-04 PN222-05 PN222-06 PN222-07 PN222-08 PN222-09 PN222-10 PN222-11 PN222-12 PN222-13 PN222-14 PN222-15 PN222-16 PN222-17 PN222-18 PN222-19 PN222-20 PN222-21 PN222-22 PN222-23 PN222-24,PN222-17 · W1 colore di punta BLU,,,,,PN222-17,,,,
PN308,DIY,CARTA KRAFT,1,PN308,,,,PN308,,,,,,
PN309,DIY,CARTA KRAFT,1,PN309,,,,PN308,,,,,,
PN221-24,DIY,CARTA VELINA,25,PN221 PN221-01 PN221-02 PN221-03 PN221-04 PN221-05 PN221-06 PN221-07 PN221-08 PN221-09 PN221-10 PN221-11 PN221-12 PN221-13 PN221-14 PN221-15 PN221-16 PN221-17 PN221-18 PN221-19 PN221-20 PN221-21 PN221-22 PN221-23 PN221-24,PN221-14 · W1 colore di punta BLU,,,,,PN221-14,PN221,,,
PN226-01,DIY,CARTA VELINA,4,PN225-01 PN225-02 PN225-03 PN225-04,,,,,,,,,,
PN211N,DIY,CARTONCINI COLORATI,8,PN211 PN211-25 PN211-A3 PN211-A4 PN211B PN211B-A3 PN211B-A4 PN211N,,,,,,,,,,
PN253,DIY,CARTONCINI COLORATI,1,PN253,,,,PN253,,,,,,
PN254,DIY,CARTONCINI COLORATI,1,PN254,,,,PN253,,,,,,
PN255,DIY,CARTONCINI COLORATI,1,PN255,,,,PN253,,,,,,
PN256,DIY,CARTONCINI COLORATI,1,PN256,,,,PN253,,,,,,
PN257,DIY,CARTONCINI COLORATI,1,PN257,,,,PN253,,,,,,
PN261,DIY,CARTONCINI COLORATI,1,PN261,,,,PN261,,,,,,
PN262,DIY,CARTONCINI COLORATI,1,PN262,,,,PN261,,,,,,
PN263,DIY,CARTONCINI COLORATI,1,PN263,,,,PN261,,,,,,
PN264,DIY,CARTONCINI COLORATI,1,PN264,,,,PN261,,,,,,
PN458,DIY,CARTONCINI COLORATI,25,PN430 PN431 PN432 PN433 PN434 PN435 PN436 PN437 PN439 PN440 PN441 PN442 PN444 PN445 PN446 PN447 PN448 PN449 PN450 PN451 PN452 PN453 PN455 PN457 PN458,PN444 · W1 colore di punta BLU,MP CARTONCINO BIANCO DIAMANTE · M3 stesso design 2 formati,,MP CARTONCINO BIANCO DIAMANTE,,,,,,
PN491-50,DIY,CARTONCINI COLORATI,29,PN460-50 PN461-50 PN462-50 PN463-50 PN464-50 PN465-50 PN466-50 PN467-50 PN470-50 PN471-50 PN472-50 PN473-50 PN474-50 PN475-50 PN476-50 PN478-50 PN479-50 PN480-50 PN481-50 PN482-50 PN483-50 PN484-50 PN485-50 PN486-50 PN487-50 PN488-50 PN489-50 PN490-50 PN491-50,PN473-50 · W1 colore di punta BLU,MP CARTONCINO BIANCO DIAMANTE · M3 stesso design 2 formati,,MP CARTONCINO BIANCO DIAMANTE,,,,,,
PN216-A4,DIY,CARTONCINI SPECIALI,2,PN216 PN216-A4,,,,,,,,,,
PN747,DIY,CARTONE ESPANSO,6,PN730 PN731 PN732 PN736 PN737 PN738,,,,,,,,,,
PN206-07,DIY,CELLOPHANE,1,PN206,,,,,,,,,,
PM934,DIY,COLLA A CALDO,1,PM934,,MP PISTOLA COLLA A CALDO + RICARICHE · M3 stesso design 2 formati,,MP PISTOLA COLLA A CALDO + RICARICHE,,,,,,
PM935,DIY,COLLA A CALDO,1,PM935,,MP PISTOLA COLLA A CALDO + RICARICHE · M3 stesso design 2 formati,,MP PISTOLA COLLA A CALDO + RICARICHE,,,,,,
PP040,DIY,COLLA A CALDO,1,PP040,,,,,,,,,,
PP041,DIY,COLLA A CALDO,1,PP041,,,,,,,,,,
PP058,DIY,COLLA EXTRA FORTE,1,PP058,,MP COLLA EXTRA FORTE DOPPIA PUNTA · M3 stesso design 2 formati,,MP COLLA EXTRA FORTE DOPPIA PUNTA,,,,,,
PP059,DIY,COLLA EXTRA FORTE,1,PP059,,MP COLLA EXTRA FORTE DOPPIA PUNTA · M3 stesso design 2 formati,,MP COLLA EXTRA FORTE DOPPIA PUNTA,,,,,,
PP072,DIY,COLLA ISTANTANEA,1,PP072,,,,,,,,,,
PP073,DIY,COLLA ISTANTANEA,1,PP073,,MP COLLA LIQUIDA ISTANTANEA · M3 stesso design 2 formati,,MP COLLA LIQUIDA ISTANTANEA,,,,,,
PP075,DIY,COLLA ISTANTANEA,1,PP075,,MP COLLA LIQUIDA ISTANTANEA · M3 stesso design 2 formati,,MP COLLA LIQUIDA ISTANTANEA,,,,,,
PP076,DIY,COLLA ISTANTANEA,1,PP076,,,,,,,,,,
PP077,DIY,COLLA ISTANTANEA,1,PP077,,,,,,,,,,
PP078,DIY,COLLA ISTANTANEA,1,PP078,,,,,,,,,,
PP110,DIY,COLLA ISTANTANEA,1,PP110,,MP COLLA ISTANT EXTRA FORTE · M3 stesso design 2 formati,,MP COLLA ISTANT EXTRA FORTE,,,,,,
PP111,DIY,COLLA ISTANTANEA,1,PP111,,MP COLLA ISTANT EXTRA FORTE · M3 stesso design 2 formati,,MP COLLA ISTANT EXTRA FORTE,,,,,,
PP051,DIY,COLLA SILICONICA,1,PP051,,MP COLLA SILICONICA · M3 stesso design 4 formati,,MP COLLA SILICONICA,,,,,,
PP052,DIY,COLLA SILICONICA,1,PP052,,MP COLLA SILICONICA · M3 stesso design 4 formati,,MP COLLA SILICONICA,,,,,,
PP053,DIY,COLLA SILICONICA,1,PP053,,MP COLLA SILICONICA · M3 stesso design 4 formati,,MP COLLA SILICONICA,,,,,,
PP054,DIY,COLLA SILICONICA,1,PP054,,MP COLLA SILICONICA · M3 stesso design 4 formati,,MP COLLA SILICONICA,,,,,,
PP001C,DIY,COLLA STICK,3,PP001 PP001B PP001C,PP001B · W2 taglia media,MP COLLA STICK · M3 stesso design 5 formati,,MP COLLA STICK,,,,,,
PP002C,DIY,COLLA STICK,3,PP002 PP002B PP002C,PP002B · W2 taglia media,MP COLLA STICK · M3 stesso design 5 formati,,MP COLLA STICK,,,,,,
PP003,DIY,COLLA STICK,1,PP003,,MP COLLA STICK · M3 stesso design 5 formati,,MP COLLA STICK,,,,,,
PP004C,DIY,COLLA STICK,2,PP004 PP004C,,MP COLLA STICK · M3 stesso design 5 formati,,MP COLLA STICK,,,,,,
PP006-01,DIY,COLLA STICK,2,PP006 PP006-01,PP006-01 · W1 colore di punta BLU,,,,,PP006-01,,,,
PP007,DIY,COLLA STICK,1,PP007,,,,,,,,,,
PP009,DIY,COLLA STICK,1,PP009,,,,,,,,,,
PP050,DIY,COLLA STICK,1,PP050-S,,MP COLLA STICK · M3 stesso design 5 formati,,MP COLLA STICK,,,,,,
PP112,DIY,COLLA STICK,1,PP112,,,,,,,,,,
PP046,DIY,COLLA UNIVERSALE,1,PP046,,MP COLLA UNIVERSALE EXTRA FORTE · M3 stesso design 2 formati,,PP046,,,,,,
PP047,DIY,COLLA UNIVERSALE,1,PP047,,MP COLLA UNIVERSALE EXTRA FORTE · M3 stesso design 2 formati,,PP046,,,,,,
PP048,DIY,COLLA UNIVERSALE,1,PP048,,MP COLLA UNIVERSALE · M3 stesso design 2 formati,,PP048,,,,,,
PP049,DIY,COLLA UNIVERSALE,1,PP049,,MP COLLA UNIVERSALE · M3 stesso design 2 formati,,PP048,,,,,,
PP008,DIY,COLLA VINILICA,1,PP008,,MP COLLA VINILICA BIANCA · M3 stesso design 8 formati,,MP COLLA VINILICA BIANCA,,,,,,
PP065,DIY,COLLA VINILICA,1,PP065,,MP COLLA VINILICA BIANCA · M3 stesso design 8 formati,,MP COLLA VINILICA BIANCA,,,,,,
PP066,DIY,COLLA VINILICA,1,PP066,,MP COLLA VINILICA BIANCA · M3 stesso design 8 formati,,MP COLLA VINILICA BIANCA,,,,,,
PP067,DIY,COLLA VINILICA,1,PP067,,MP COLLA VINILICA BIANCA · M3 stesso design 8 formati,,MP COLLA VINILICA BIANCA,,,,,,
PP068,DIY,COLLA VINILICA,1,PP068,,MP COLLA VINILICA BIANCA · M3 stesso design 8 formati,,MP COLLA VINILICA BIANCA,,,,,,
PP085,DIY,COLLA VINILICA,1,PP085,,MP COLLA VINILICA BIANCA · M3 stesso design 8 formati,,MP COLLA VINILICA BIANCA,,,,,,
PP086,DIY,COLLA VINILICA,1,PP086,,MP COLLA VINILICA BIANCA · M3 stesso design 8 formati,,MP COLLA VINILICA BIANCA,,,,,,
PP088,DIY,COLLA VINILICA,1,PP088,,MP COLLA VINILICA BIANCA · M3 stesso design 8 formati,,MP COLLA VINILICA BIANCA,,,,,,
PN690-28,DIY,FELTRO,28,PN690-01 PN690-02 PN690-03 PN690-04 PN690-05 PN690-06 PN690-07 PN690-08 PN690-09 PN690-10 PN690-11 PN690-12 PN690-13 PN690-14 PN690-15 PN690-16 PN690-17 PN690-18 PN690-19 PN690-20 PN690-21 PN690-22 PN690-23 PN690-24 PN690-25 PN690-26 PN690-27 PN690-28,PN690-18 · W1 colore di punta BLU,,,,,PN690-18,,,,
PM094,DIY,FOGLI ADESIVI,1,PM094,,,,PM094,,,,,,
PM096,DIY,FOGLI ADESIVI,1,PM096,,,,PM094,,,,,,
PN219-A4,DIY,FOGLI ADESIVI,4,PN217 PN217-A4 PN219 PN219-A4,PN219 · W2 taglia media,,,,,PN219,,,,
PN220,DIY,FOGLI ADESIVI,1,PN220,,,,,,,,,,
PM095,DIY,FOGLI MAGNETICI,1,PM095,,,,PM095,,,,,,
PM097,DIY,FOGLI MAGNETICI,1,PM097,,,,PM095,,,,,,
PT109,DIY,FORBICI,1,PT109,,,,,,,,,,
PT110,DIY,FORBICI,1,PT110,,,,,,,,,,
PM144,DIY,GOMMA EVA,1,PM144,,,,PM144,,,,,,
PM145,DIY,GOMMA EVA,1,PM145,,,,PM144,,,,,,
PN228,DIY,GOMMA EVA,1,PN228-A4,,,,,,,,,,
PN563-5,DIY,GOMMA EVA,28,PN541 PN542 PN543 PN544 PN545 PN546 PN547 PN548 PN549 PN550 PN551 PN552 PN553 PN554 PN555 PN556 PN557 PN558 PN559 PN560 PN561 PN562 PN563 PN563-1 PN563-2 PN563-3 PN563-4 PN563-5,PN549 · W1 colore di punta BLU,,,,,PN549,,,,
PN595-18,DIY,GOMMA EVA,18,PN595-01 PN595-02 PN595-03 PN595-04 PN595-05 PN595-06 PN595-07 PN595-08 PN595-09 PN595-10 PN595-11 PN595-12 PN595-13 PN595-14 PN595-15 PN595-16 PN595-17 PN595-18,PN595-13 · W1 colore di punta BLU,,,,,PN595-13,,,,
PM142,DIY,GOMMA EVA - ADESIVI,1,PM142,,MP LETTERE IN EVA ADESIVI GLITTER · M3 stesso design 2 formati,,MP LETTERE IN EVA ADESIVI GLITTER,,,,,,
PM143,DIY,GOMMA EVA - ADESIVI,1,PM143,,MP LETTERE IN EVA ADESIVI GLITTER · M3 stesso design 2 formati,,MP LETTERE IN EVA ADESIVI GLITTER,,,,,,
PM150,DIY,GOMMA EVA - ADESIVI,1,PM150,,MP LETTERE ADESIVE IN EVA COL. ASS. · M3 stesso design 2 formati,,MP LETTERE ADESIVE IN EVA COL. ASS.,,,,,,
PM151,DIY,GOMMA EVA - ADESIVI,1,PM151,,MP NUMERI ADESIVI IN EVA COL. ASS. · M3 stesso design 2 formati,,MP NUMERI ADESIVI IN EVA COL. ASS.,,,,,,
PM152,DIY,GOMMA EVA - ADESIVI,1,PM152,,MP LETTERE ADESIVE IN EVA COL. ASS. · M3 stesso design 2 formati,,MP LETTERE ADESIVE IN EVA COL. ASS.,,,,,,
PM153,DIY,GOMMA EVA - ADESIVI,1,PM153,,MP NUMERI ADESIVI IN EVA COL. ASS. · M3 stesso design 2 formati,,MP NUMERI ADESIVI IN EVA COL. ASS.,,,,,,
PM154,DIY,GOMMA EVA - ADESIVI,1,PM154,,,,,,,,,,
PM155,DIY,GOMMA EVA - ADESIVI,1,PM155,,,,,,,,,,
PM156,DIY,GOMMA EVA - ADESIVI,1,PM156,,,,,,,,,,
PM183,DIY,GOMMA EVA - ADESIVI,1,PM183,,,,,,,,,,
PM186,DIY,GOMMA EVA - ADESIVI,1,PM186,,,,,,,,,,
PM539,DIY,LEGNO,1,PM539,,,,,,,,,,
PM540,DIY,LEGNO,1,PM540,,,,,,,,,,
PM091,DIY,NASTRO MAGNETICO,1,PM091,,,,,,,,,,
PM092,DIY,NASTRO MAGNETICO,1,PM092,,,,,,,,,,
PM001,DIY,OCCHI MOBILI,12,PM001 PM001C PM002 PM002C PM003 PM003C PM004 PM004C PM005 PM005C PM006 PM006C,PM004C · W1 colore di punta BLU,,,,,PM004C,,,,
PM936,DIY,PISTOLA ARIA CALDA,1,PM936,,,,,,,,,,
PM701,DIY,POLISTIROLO,12,PM701 PM702 PM703 PM704 PM705 PM706-2 PM707-2 PM708-2 PM709-2 PM710-2 PM711-2 PM717,PM707-2 · W2 taglia media,,,,,PM707-2,,,,
PM724,DIY,POLISTIROLO,3,PM724 PM725 PM726,PM725 · W2 taglia media,,,,,PM725,,,,
PM200,DIY,POMPOM,3,PM200 PM201 PM202,PM201 · W2 taglia media,,,,,PM201,,,,
PP060,DIY,PORTADOCUMENTI,1,PP060,,,,,,,,,,
PM933,DIY,PUNZONI,1,PM933,,,,,,,,,,
PA001,DIY,RIGHELLI,1,PA001,,MP RIGHELLO IN ALLUMINIO · M3 stesso design 2 formati,,MP RIGHELLO IN ALLUMINIO,,,,,,
PA002-04,DIY,RIGHELLI,4,PA002 PA003 PA003A PA004,PA003A · W2 taglia media,MP RIGHELLO IN ALLUMINIO · M3 stesso design 2 formati,,MP RIGHELLO IN ALLUMINIO,,,,,,
PA005-08,DIY,RIGHELLI,4,PA005 PA006 PA007 PA008,,,,,,,,,,
PD140-01,DIY,SCRAPBOOKING,4,PD140-01 PD140-02 PD140-03 PD140-04,,,,,,,,,,
PM803,DIY,SUGHERO,1,PM803,,,,PM803,,,,,,
PM804,DIY,SUGHERO,1,PM804,,,,PM803,,,,,,
PM805,DIY,SUGHERO,1,PM805,,,,PM803,,,,,,
PM791,DIY,TAVOLETTE IN LEGNO,1,PM801,,,,PM791,,,,,,
PM802A,DIY,TAVOLETTE IN LEGNO,2,PM802 PM802A,,,,PM791,,,,,,
PM806,DIY,TAVOLETTE IN LEGNO,1,PM806,,,,PM806,,,,,,
PM807,DIY,TAVOLETTE IN LEGNO,1,PM807,,,,PM806,,,,,,
PM808,DIY,TAVOLETTE IN LEGNO,1,PM808,,,,PM806,,,,,,
PP156-24,ARTIX,ACQUERELLI,1,PP155-01,,,,,,,,,,
PP171,ARTIX,ACQUERELLI,1,PP171,,,,,,,,,,
PP175,ARTIX,ACQUERELLI,1,PP175,,,,,,,,,,
PP190,ARTIX,ACQUERELLI,1,PP190,,,,,,,,,,
PP194,ARTIX,ACQUERELLI,1,PP194,,,,,,,,,,
PP264-36,ARTIX,ACQUERELLI,4,PP264-12 PP264-18 PP264-24 PP264-36,PP264-24 · W2 taglia media,,,,,PP264-24,,,,
PY03X,ARTIX,ARGILLA,8,PY035-1 PY035-2 PY036-1 PY036-2 PY037 PY038 PY039-1 PY039-2,PY037 · W2 taglia media,,,,,PY037,,,,
PB303,ARTIX,BLOCCO DISEGNO,1,PB303,,ARTIX BLOCCO DISEGNO ACQUERELLI SPIRALATO · M3 stesso design 2 formati,,ARTIX BLOCCO DISEGNO ACQUERELLI SPIRALATO,,,,,,
PB311,ARTIX,BLOCCO DISEGNO,1,PB311,,,,,,,,,,
PB321,ARTIX,BLOCCO DISEGNO,1,PB321,,,,,,,,,,
PB345,ARTIX,BLOCCO DISEGNO,1,PB345,,ARTIX BLOCCO DISEGNO COP. PP NERO LISC · M3 stesso design 2 formati,,ARTIX BLOCCO DISEGNO COP. PP NERO LISC,,,,,,
PB346,ARTIX,BLOCCO DISEGNO,1,PB346,,ARTIX BLOCCO DISEGNO COP. PP NERO LISC · M3 stesso design 2 formati,,ARTIX BLOCCO DISEGNO COP. PP NERO LISC,,,,,,
PB384,ARTIX,BLOCCO DISEGNO,1,PB384,,ARTIX BLOCCO DISEGNO ACQUERELLI SPIRALATO · M3 stesso design 2 formati,,ARTIX BLOCCO DISEGNO ACQUERELLI SPIRALATO,,,,,,
PB388,ARTIX,BLOCCO DISEGNO,1,PB388,,,,,,,,,,
PP481,ARTIX,CAVALLETTI,1,PP481,,ARTIX CAVALLETTO DA TAVOLO IN LEGNO · M3 stesso design 3 formati,,ARTIX CAVALLETTO DA TAVOLO IN LEGNO,,,,,,
PP482,ARTIX,CAVALLETTI,1,PP482,,ARTIX CAVALLETTO DA TAVOLO IN LEGNO · M3 stesso design 3 formati,,ARTIX CAVALLETTO DA TAVOLO IN LEGNO,,,,,,
PP483,ARTIX,CAVALLETTI,1,PP483,,ARTIX CAVALLETTO DA TAVOLO IN LEGNO · M3 stesso design 3 formati,,ARTIX CAVALLETTO DA TAVOLO IN LEGNO,,,,,,
PP494/98,ARTIX,CAVALLETTI,5,PP494 PP495 PP496 PP497 PP498,PP496 · W2 taglia media,,,,,PP496,,,,
PP714,ARTIX,CAVALLETTI,1,PP714,,,,,,,,,,
PP717,ARTIX,CAVALLETTI,1,PP717,,,,,,,,,,
PP721,ARTIX,CAVALLETTI,1,PP721,,,,,,,,,,
PP722,ARTIX,CAVALLETTI,1,PP722,,,,,,,,,,
PP723,ARTIX,CAVALLETTI,1,PP723,,,,,,,,,,
PP915,ARTIX,CHROMAX,120,PP915-1 PP915-2 PP915-3 PP915-4 PP915-5 PP915-6 PP915-7 PP915-8 PP915-9 PP915-10 PP915-11 PP915-12 PP915-13 PP915-14 PP915-15 PP915-16 PP915-17 PP915-18 PP915-19 PP915-20 PP915-21 PP915-22 PP915-23 PP915-24 PP915-25 PP915-26 PP915-27 PP915-28 PP915-29 PP915-30 PP915-31 PP915-32 PP915-33 PP915-34 PP915-35 PP915-36 PP915-37 PP915-38 PP915-39 PP915-40 PP915-41 PP915-42 PP915-43 PP915-44 PP915-45 PP915-46 PP915-47 PP915-48 PP915-49 PP915-50 PP915-51 PP915-52 PP915-53 PP915-54 PP915-55 PP915-56 PP915-57 PP915-58 PP915-59 PP915-60 PP915-61 PP915-62 PP915-63 PP915-64 PP915-65 PP915-66 PP915-67 PP915-68 PP915-69 PP915-70 PP915-71 PP915-72 PP915-73 PP915-74 PP915-75 PP915-76 PP915-77 PP915-78 PP915-79 PP915-80 PP915-81 PP915-82 PP915-83 PP915-84 PP915-85 PP915-86 PP915-87 PP915-88 PP915-89 PP915-90 PP915-91 PP915-92 PP915-93 PP915-94 PP915-95 PP915-96 PP915-97 PP915-98 PP915-99 PP915-100 PP915-101 PP915-102 PP915-103 PP915-104 PP915-105 PP915-106 PP915-107 PP915-108 PP915-109 PP915-110 PP915-111 PP915-112 PP915-113 PP915-114 PP915-115 PP915-116 PP915-117 PP915-118 PP915-119 PP915-120,PP915-44 · W1 colore di punta BLU,,120 codici: valuta hero/superspread (overrides) · M4,,,PP915-44,PP915-84,,,
PP674,ARTIX,COLLA VINILICA,1,PP674,,,,,,,,,,
PP679,ARTIX,FISSANTE,1,PP679,,,,,,,,,,
PG131,ARTIX,GOMME,1,PG131,,,,,,,,,,
PG134,ARTIX,GOMME,1,PG134,,,,,,,,,,
PP429,ARTIX,GREMBIULI,1,PP429,,,,,,,,,,
PP172,ARTIX,GUACHE,1,PP172,,,,,,,,,,
PP176,ARTIX,GUACHE,1,PP176,,,,,,,,,,
PP191,ARTIX,GUACHE,1,PP191,,,,,,,,,,
PP917,ARTIX,LETTERING,7,PP917-6 PP917-12 PP917-18 PP917-24 PP917-36 PP917-48 PP917-96,PP917-24 · W2 taglia media,,,,,PP917-24,,,,
PP261-03,ARTIX,MANICHINI,2,PP261-02 PP261-03,,,,,,,,,,
PP262D-01,ARTIX,MANICHINI,2,PP262D-01 PP262I-01,,,,,,,,,,
PP927,ARTIX,MARCATORE A DOPPIA PUNTA,3,PP927-12 PP927-24 PP927-36,PP927-24 · W2 taglia media,,,,,PP927-24,,,,
PP928,ARTIX,MARCATORE A DOPPIA PUNTA,3,PP928-01 PP928-02 PP928-03,,,,,,,,,,
PP433,ARTIX,MATITE,1,PP433,,,,,,,,,,
PP826,ARTIX,MATITE,9,PP826-2B PP826-2H PP826-3B PP826-4B PP826-6B PP826-7B PP826-B PP826-H PP826-HB,PP826-6B · W2 taglia media,,,,,PP826-6B,,,,
PP841,ARTIX,MATITE,1,PP841-1S,,,,,,,,,,
PP842,ARTIX,MATITE,1,PP842-01,,,,,,,,,,
PP622,ARTIX,OLIO DI LINO,1,PP622,,,,,,,,,,
PP672,ARTIX,PASTA MODELLANTE,1,PP672,,,,,,,,,,
PP675,ARTIX,PASTA MODELLANTE,1,PP675,,,,,,,,,,
PP157-36,ARTIX,PASTELLI,3,PP157-12 PP157-24 PP157-36,PP157-24 · W2 taglia media,,,,,PP157-24,,,,
PP260-24,ARTIX,PASTELLI AD OLIO,2,PP260-12 PP260-24,,,,,,,,,,
PP922,ARTIX,PENNARELLI ACRILICI,28,PP922-01 PP922-02 PP922-03 PP922-04 PP922-05 PP922-06 PP922-07 PP922-08 PP922-09 PP922-10 PP922-11 PP922-12 PP922-13 PP922-14 PP922-15 PP922-16 PP922-17 PP922-18 PP922-19 PP922-20 PP922-21 PP922-22 PP922-23 PP922-24 PP922-25 PP922-26 PP922-27 PP922-28,PP922-17 · W1 colore di punta BLU,,,,,PP922-17,,,,
PE345-005S,ARTIX,PENNARELLI CALIBRATI,12,PE345-1CS PE345-01S PE345-02S PE345-03S PE345-04S PE345-005S PE345-05S PE345-06S PE345-07S PE345-08S PE345-10S PE345-BRS,PE345-05S · W2 taglia media,,,,,PE345-05S,,,,
PE346-01,ARTIX,PENNARELLI CALIBRATI,4,PE346-01 PE346-02 PE346-03 PE346-04,PE346-03 · W2 taglia media,,,,,PE346-03,,,,
PP219,ARTIX,PENNELLI,1,PP219,,,,,,,,,,
PP225,ARTIX,PENNELLI,1,PP225,,,,PP225,,,,,,
PP226,ARTIX,PENNELLI,1,PP226,,,,PP225,,,,,,
PP227,ARTIX,PENNELLI,1,PP227,,,,PP225,,,,,,
PP228,ARTIX,PENNELLI,1,PP228,,,,PP225,,,,,,
PP230,ARTIX,PENNELLI,1,PP230,,,,PP230,,,,,,
PP231,ARTIX,PENNELLI,1,PP231,,,,PP230,,,,,,
PP232,ARTIX,PENNELLI,1,PP232,,ARTIX SET PENNELLI PROF PIATTI/TONDI 3PZ · M3 stesso design 2 formati,,ARTIX SET PENNELLI PROF PIATTI/TONDI 3PZ,,,,,,
PP233,ARTIX,PENNELLI,1,PP233,,ARTIX SET PENNELLI PROF PIATTI/TONDI 3PZ · M3 stesso design 2 formati,,ARTIX SET PENNELLI PROF PIATTI/TONDI 3PZ,,,,,,
PP234,ARTIX,PENNELLI,1,PP234,,,,PP234,,,,,,
PP235,ARTIX,PENNELLI,1,PP235,,,,PP234,,,,,,
PP249,ARTIX,PENNELLI,1,PP249,,,,PP249,,,,,,
PP250,ARTIX,PENNELLI,1,PP250,,,,PP249,,,,,,
PP251-C,ARTIX,PENNELLI,2,PP251 PP251-C,,,,PP251-C,,,,,,
PP252,ARTIX,PENNELLI,1,PP252,,,,PP251-C,,,,,,
PP253,ARTIX,PENNELLI,1,PP253,,,,PP251-C,,,,,,
PP255-05,ARTIX,PENNELLI,5,PP255-01 PP255-02 PP255-03 PP255-04 PP255-05,PP255-03 · W2 taglia media,,,,,PP255-03,,,,
PP256-06,ARTIX,PENNELLI,6,PP256-01 PP256-02 PP256-03 PP256-04 PP256-05 PP256-06,PP256-04 · W2 taglia media,,,,,PP256-04,,,,
PP280,ARTIX,PENNELLI,1,PP280,,,,PP280,,,,,,
PP281,ARTIX,PENNELLI,1,PP281,,,,PP280,,,,,,
PP282,ARTIX,PENNELLI,1,PP282,,,,PP280,,,,,,
PP283,ARTIX,PENNELLI,1,PP283,,,,PP280,,,,,,
PP284,ARTIX,PENNELLI,1,PP284,,ARTIX PENNELLI PROF PIATTI/TONDI 3PZ ASSORT · M3 stesso design 2 formati,,PP285,,,,,,
PP285,ARTIX,PENNELLI,1,PP285,,ARTIX PENNELLI PROF PIATTI/TONDI 3PZ ASSORT · M3 stesso design 2 formati,,PP285,,,,,,
PP286,ARTIX,PENNELLI,1,PP286,,ARTIX PENNELLI PROF 3PZ ASSORT · M3 stesso design 2 formati,,PP285,,,,,,
PP287,ARTIX,PENNELLI,1,PP287,,ARTIX PENNELLI PROF 3PZ ASSORT · M3 stesso design 2 formati,,PP285,,,,,,
PP288-09,ARTIX,PENNELLI,9,PP288-01 PP288-02 PP288-03 PP288-04 PP288-05 PP288-06 PP288-07 PP288-08 PP288-09,PP288-05 · W2 taglia media,,,,,PP288-05,,,,
PP290-06,ARTIX,PENNELLI,6,PP290-01 PP290-02 PP290-03 PP290-04 PP290-05 PP290-06,PP290-04 · W2 taglia media,,,,,PP290-04,,,,
PP291-05,ARTIX,PENNELLI,3,PP291-01 PP291-03 PP291-05,PP291-03 · W2 taglia media,,,,,PP291-03,,,,
PP296-11,ARTIX,PENNELLI,11,PP296-01 PP296-02 PP296-03 PP296-04 PP296-05 PP296-06 PP296-07 PP296-08 PP296-09 PP296-10 PP296-11,PP296-06 · W2 taglia media,,,,,PP296-06,,,,
PP297-11,ARTIX,PENNELLI,11,PP297-01 PP297-02 PP297-03 PP297-04 PP297-05 PP297-06 PP297-07 PP297-08 PP297-09 PP297-10 PP297-11,PP297-06 · W2 taglia media,,,,,PP297-06,,,,
PP340-07,ARTIX,PENNELLI,18,PP298-01 PP298-02 PP298-03 PP298-04 PP298-05 PP298-06 PP298-07 PP298-08 PP298-09 PP298-10 PP298-11 PP340-01 PP340-02 PP340-03 PP340-04 PP340-05 PP340-06 PP340-07,,,,,,,,,,
PP341-03,ARTIX,PENNELLI,3,PP341-01 PP341-02 PP341-03,,,,,,,,,,
PP342-05,ARTIX,PENNELLI,5,PP342-01 PP342-02 PP342-03 PP342-04 PP342-05,,,,,,,,,,
PP343-05,ARTIX,PENNELLI,5,PP343-01 PP343-02 PP343-03 PP343-04 PP343-05,,,,,,,,,,
PP345-13,ARTIX,PENNELLI,13,PP345-01 PP345-02 PP345-03 PP345-04 PP345-05 PP345-06 PP345-07 PP345-08 PP345-09 PP345-10 PP345-11 PP345-12 PP345-13,PP345-07 · W2 taglia media,,,,,PP345-07,,,,
PP347-14,ARTIX,PENNELLI,14,PP347-01 PP347-02 PP347-03 PP347-04 PP347-05 PP347-06 PP347-07 PP347-08 PP347-09 PP347-10 PP347-11 PP347-12 PP347-13 PP347-14,PP347-08 · W2 taglia media,,,,,PP347-08,,,,
PP386,ARTIX,PENNELLI,3,PP386-01 PP386-02 PP386-03,PP386-02 · W2 taglia media,,,,,PP386-02,,,,
PP387,ARTIX,PENNELLI,3,PP387-01 PP387-02 PP387-03,,ARTIX SET PENNELLI PROF 20.5CM 4PZ ASSORT · M3 stesso design 2 formati,,ARTIX SET PENNELLI PROF 20.5CM 4PZ ASSORT,,,,,,
PP388,ARTIX,PENNELLI,2,PP388-01 PP388-02,,,,,,,,,,
PP389,ARTIX,PENNELLI,3,PP389-01 PP389-02 PP389-03,PP389-02 · W2 taglia media,ARTIX SET PENNELLI PROF 20.5CM 4PZ ASSORT · M3 stesso design 2 formati,,ARTIX SET PENNELLI PROF 20.5CM 4PZ ASSORT,,,,,,
PP390,ARTIX,PENNELLI,2,PP390-01 PP390-02,,,,,,,,,,
PP391,ARTIX,PENNELLI,2,PP391-01 PP391-02,,,,,,,,,,
PP392,ARTIX,PENNELLI,2,PP392-01 PP392-02,,ARTIX SET PENNELLI PROF 19.5CM 3PZ ASSORT AZZURRO · M3 stesso design 2 formati,,ARTIX SET PENNELLI PROF 19.5CM 3PZ ASSORT AZZURRO,,,,,,
PP393,ARTIX,PENNELLI,2,PP393-01 PP393-02,,,,PP393,,,,,,
PP394,ARTIX,PENNELLI,2,PP394-01 PP394-02,,,,PP393,,,,,,
PP395,ARTIX,PENNELLI,2,PP395-01 PP395-02,,,,,,,,,,
PP396,ARTIX,PENNELLI,2,PP396-01 PP396-02,,,,,,,,,,
PP397,ARTIX,PENNELLI,2,PP397-01 PP397-02,,,,,,,,,,
PP398,ARTIX,PENNELLI,2,PP398-01 PP398-02,,,,,,,,,,
PP399,ARTIX,PENNELLI,3,PP399-01 PP399-02 PP399-03,,ARTIX SET PENNELLI PROF 19.5CM 3PZ ASSORT AZZURRO · M3 stesso design 2 formati,,ARTIX SET PENNELLI PROF 19.5CM 3PZ ASSORT AZZURRO,,,,,,
PP173,ARTIX,PITTURA ACRILICA,1,PP173,,,,,,,,,,
PP177,ARTIX,PITTURA ACRILICA,1,PP177,,,,,,,,,,
PP192,ARTIX,PITTURA ACRILICA,1,PP192,,,,,,,,,,
PP195,ARTIX,PITTURA ACRILICA,1,PP195,,,,,,,,,,
PP631,ARTIX,PITTURA ACRILICA,30,PP631-01 PP631-02 PP631-03 PP631-04 PP631-05 PP631-06 PP631-07 PP631-08 PP631-09 PP631-10 PP631-11 PP631-12 PP631-13 PP631-14 PP631-15 PP631-16 PP631-17 PP631-18 PP631-19 PP631-20 PP631-21 PP631-22 PP631-23 PP631-24 PP631-31 PP631-32 PP631-33 PP631-34 PP631-35 PP631-36,PP631-14 · W1 colore di punta BLU,,30 codici: valuta hero/superspread (overrides) · M4,,,PP631-14,,,,
PP632,ARTIX,PITTURA ACRILICA,6,PP632-1 PP632-2 PP632-3 PP632-4 PP632-5 PP632-6,PP632-6 · W1 colore di punta BLU,,,,,PP632-6,,,,
PP633,ARTIX,PITTURA ACRILICA,6,PP633-1 PP633-2 PP633-3 PP633-4 PP633-5 PP633-6,PP633-5 · W1 colore di punta BLU,ARTIX PITTURA ACRILICA ORO METAL · M3 stesso design 2 formati,,ARTIX PITTURA ACRILICA ORO METAL,,,,,,
PP634,ARTIX,PITTURA ACRILICA,4,PP634-01 PP634-02 PP634-10 PP634-24,,,,,,,,,,
PP636,ARTIX,PITTURA ACRILICA,2,PP636-01 PP636-02,,ARTIX PITTURA ACRILICA ORO METAL · M3 stesso design 2 formati,,ARTIX PITTURA ACRILICA ORO METAL,,,,,,
PP639,ARTIX,PITTURA ACRILICA,41,PP639-01 PP639-02 PP639-03 PP639-04 PP639-05 PP639-06 PP639-07 PP639-08 PP639-09 PP639-10 PP639-11 PP639-12 PP639-13 PP639-14 PP639-15 PP639-16 PP639-17 PP639-18 PP639-19 PP639-20 PP639-21 PP639-22 PP639-23 PP639-24 PP639-25 PP639-26 PP639-27 PP639-28 PP639-29 PP639-30 PP639-31 PP639-32 PP639-33 PP639-34 PP639-35 PP639-36 PP639-37 PP639-38 PP639-39 PP639-41 PP639-42,PP639-14 · W1 colore di punta BLU,,41 codici: valuta hero/superspread (overrides) · M4,,,PP639-14,,,,
PP174,ARTIX,PITTURA AD OLIO,1,PP174,,,,,,,,,,
PP178,ARTIX,PITTURA AD OLIO,1,PP178,,,,,,,,,,
PP193,ARTIX,PITTURA AD OLIO,1,PP193,,,,,,,,,,
PP645,ARTIX,PITTURA AD OLIO,48,PP645-01 PP645-02 PP645-03 PP645-04 PP645-05 PP645-06 PP645-07 PP645-08 PP645-09 PP645-10 PP645-11 PP645-12 PP645-13 PP645-14 PP645-15 PP645-16 PP645-17 PP645-18 PP645-19 PP645-20 PP645-21 PP645-22 PP645-23 PP645-24 PP645-25 PP645-26 PP645-27 PP645-29 PP645-30 PP645-31 PP645-32 PP645-33 PP645-34 PP645-35 PP645-37 PP645-38 PP645-39 PP645-40 PP645-41 PP645-42 PP645-43 PP645-44 PP645-45 PP645-46 PP645-47 PP645-48 PP645-49 PP645-50,PP645-18 · W1 colore di punta BLU,,48 codici: valuta hero/superspread (overrides) · M4,,,PP645-18,,,,
PP661,ARTIX,PITTURA CERAMICA,12,PP661-01 PP661-02 PP661-03 PP661-04 PP661-05 PP661-06 PP661-07 PP661-08 PP661-09 PP661-10 PP661-11 PP661-12,PP661-06 · W1 colore di punta BLU,,,,,PP661-06,,,,
PP663,ARTIX,PITTURA GESSO,31,PP663-01 PP663-02 PP663-03 PP663-04 PP663-05 PP663-06 PP663-07 PP663-08 PP663-09 PP663-11 PP663-12 PP663-13 PP663-14 PP663-15 PP663-16 PP663-17 PP663-18 PP663-19 PP663-20 PP663-21 PP663-22 PP663-23 PP663-24 PP663-25 PP663-26 PP663-27 PP663-28 PP663-29 PP663-30 PP663-31 PP663-32,PP663-14 · W1 colore di punta BLU,,31 codici: valuta hero/superspread (overrides) · M4,,,PP663-14,PP663-28,,,
PP179,ARTIX,PITTURA PER TESSUTI,1,PP179,,,,,,,,,,
PP651,ARTIX,PITTURA PER TESSUTI,27,PP651-01 PP651-02 PP651-03 PP651-04 PP651-05 PP651-06 PP651-07 PP651-08 PP651-09 PP651-10 PP651-11 PP651-12 PP651-13 PP651-14 PP651-15 PP651-16 PP651-17 PP651-18 PP651-19 PP651-20 PP651-21 PP651-22 PP651-23 PP651-24 PP651-25 PP651-26 PP651-27,PP651-15 · W1 colore di punta BLU,,,,,PP651-15,,,,
PP652-,ARTIX,PITTURA PER TESSUTI,3,PP652-1 PP652-2 PP652-3,,,,,,,,,,
PP671,ARTIX,PRIMER,1,PP671,,,,PP671,,,,,,
PP676,ARTIX,PRIMER,1,PP676,,,,PP671,,,,,,
PP412,ARTIX,SECCHI,1,PP412,,,,,,,,,,
PP254,ARTIX,SFUMINI,1,PP254,,,,,,,,,,
PP218,ARTIX,SPATOLE,1,PP218,,,,,,,,,,
PY001,ARTIX,SPATOLE,1,PY001,,,,,,,,,,
PY002,ARTIX,SPATOLE,1,PY002,,,,,,,,,,
PY007,ARTIX,SPATOLE,1,PY007,,,,,,,,,,
PY008,ARTIX,SPATOLE,1,PY008,,,,,,,,,,
PP275,ARTIX,STENCIL,2,PP275 PP275-C,,ARTIX PENNELLI PROF STENCIL 3PZ ASSORT · M3 stesso design 3 formati,,ARTIX PENNELLI PROF STENCIL 3PZ ASSORT,,,,,,
PP276,ARTIX,STENCIL,1,PP276,,ARTIX PENNELLI PROF STENCIL 3PZ ASSORT · M3 stesso design 3 formati,,ARTIX PENNELLI PROF STENCIL 3PZ ASSORT,,,,,,
PP277,ARTIX,STENCIL,1,PP277,,ARTIX PENNELLI PROF STENCIL 3PZ ASSORT · M3 stesso design 3 formati,,ARTIX PENNELLI PROF STENCIL 3PZ ASSORT,,,,,,
PP278-03,ARTIX,STENCIL,4,PP278-01 PP278-01C PP278-02 PP278-03,PP278-02 · W2 taglia media,,,,,PP278-02,,,,
PY003,ARTIX,STRUMENTI PER MODELLARE,1,PY003,,,,,,,,,,
PY006,ARTIX,STRUMENTI PER MODELLARE,1,PY006,,,,,,,,,,
PP214,ARTIX,TAVOLOZZE,3,PP214 PP214G PP214M,PP214G · W2 taglia media,,,,,PP214G,,,,
PP401,ARTIX,TAVOLOZZE,2,PP401 PP401R,,ARTIX COPRI TAVOLOZZA MONOUSO CON 5PZ · M3 stesso design 2 formati,,ARTIX COPRI TAVOLOZZA MONOUSO CON 5PZ,,,,,,
PP402,ARTIX,TAVOLOZZE,2,PP402 PP402R,,ARTIX COPRI TAVOLOZZA MONOUSO CON 5PZ · M3 stesso design 2 formati,,ARTIX COPRI TAVOLOZZA MONOUSO CON 5PZ,,,,,,
PP403,ARTIX,TAVOLOZZE,1,PP403,,,,,,,,,,
PP404,ARTIX,TAVOLOZZE,1,PP404,,,,,,,,,,
PP405,ARTIX,TAVOLOZZE,1,PP405,,,,,,,,,,
PP413,ARTIX,TAVOLOZZE,1,PP413,,ARTIX TAVOLOZZA RETTANGOLARE · M3 stesso design 4 formati,,ARTIX TAVOLOZZA RETTANGOLARE,,,,,,
PP414,ARTIX,TAVOLOZZE,1,PP414,,,,,,,,,,
PP415,ARTIX,TAVOLOZZE,1,PP415,,,,,,,,,,
PP416,ARTIX,TAVOLOZZE,1,PP416,,ARTIX TAVOLOZZA RETTANGOLARE · M3 stesso design 4 formati,,ARTIX TAVOLOZZA RETTANGOLARE,,,,,,
PP417,ARTIX,TAVOLOZZE,1,PP417,,ARTIX TAVOLOZZA RETTANGOLARE · M3 stesso design 4 formati,,ARTIX TAVOLOZZA RETTANGOLARE,,,,,,
PP418,ARTIX,TAVOLOZZE,1,PP418,,,,,,,,,,
PP419,ARTIX,TAVOLOZZE,1,PP419,,ARTIX TAVOLOZZA RETTANGOLARE · M3 stesso design 4 formati,,ARTIX TAVOLOZZA RETTANGOLARE,,,,,,
PP421,ARTIX,TAVOLOZZE,1,PP421,,,,,,,,,,
PP425,ARTIX,TAVOLOZZE,1,PP425,,ARTIX TAVOLOZZA IN LEGNO OVALE · M3 stesso design 2 formati,,ARTIX TAVOLOZZA IN LEGNO OVALE,,,,,,
PP426,ARTIX,TAVOLOZZE,1,PP426,,ARTIX TAVOLOZZA IN LEGNO OVALE · M3 stesso design 2 formati,,ARTIX TAVOLOZZA IN LEGNO OVALE,,,,,,
PP93,ARTIX,TELE,5,PP93-66 PP93-88 PP93-1010 PP93-1515 PP93-1824,PP93-1010 · W2 taglia media,,,,,PP93-1010,,,,
PP94,ARTIX,TELE,5,PP94-66 PP94-88 PP94-1010 PP94-1515 PP94-1824,PP94-1010 · W2 taglia media,,,,,PP94-1010,,,,
PP95,ARTIX,TELE,11,PP95-1824 PP95-2020 PP95-2025 PP95-2030 PP95-2050 PP95-2430 PP95-3030 PP95-3040 PP95-4040 PP95-4050 PP95-5050,PP95-2430 · W2 taglia media,,,,,PP95-2430,,,,
PP96,ARTIX,TELE,3,PP96-2030 PP96-3040 PP96-4050,,,,,,,,,,
PP97,ARTIX,TELE,7,PP97-2020 PP97-2525 PP97-3030 PP97-3535 PP97-4040 PP97-4545 PP97-5050,PP97-3535 · W2 taglia media,,,,,PP97-3535,,,,
PP98,ARTIX,TELE,23,PP98-1616 PP98-1824 PP98-2020 PP98-2025 PP98-2030 PP98-2050 PP98-2430 PP98-3030 PP98-3040 PP98-3060 PP98-4040 PP98-4050 PP98-4060 PP98-4080 PP98-5050 PP98-5060 PP98-5070 PP98-6060 PP98-6080 PP98-6090 PP98-50100 PP98-100100 PP98-100120,PP98-4050 · W2 taglia media,,,,,PP98-4050,,,,
PP99,ARTIX,TELE,22,PP99-1824 PP99-2020 PP99-2025 PP99-2030 PP99-2050 PP99-2430 PP99-3030 PP99-3040 PP99-3060 PP99-4040 PP99-4050 PP99-4060 PP99-4080 PP99-5050 PP99-5060 PP99-5070 PP99-6060 PP99-6080 PP99-6090 PP99-50100 PP99-100100 PP99-100120,PP99-4060 · W2 taglia media,,,,,PP99-4060,,,,
PP621,ARTIX,TREMENTINA,1,PP621,,,,,,,,,,
PP215,ARTIX,TUBI,1,PP215,,,,,,,,,,
PP217,ARTIX,TUBI,1,PP217,,,,,,,,,,
PP409,ARTIX,TUBI,1,PP409,,,,,,,,,,
PP410,ARTIX,TUBI,1,PP410,,,,,,,,,,
PP673,ARTIX,VERNICE LUCIDA,1,PP673,,,,,,,,,,
PB1054IT,CERVANTES,MAXIQUADERNO CARTONATO,3,PB1054IT-1R PB1054IT-4M PB1054IT-5M,PB1054IT-4M · W2 taglia media,,,,,PB1054IT-4M,,,,
PB1055IT,CERVANTES,MAXIQUADERNO CARTONATO,3,PB1055IT-1R PB1055IT-4M PB1055IT-5M,PB1055IT-4M · W2 taglia media,,,,,PB1055IT-4M,,,,
MAXIQUADERNO COLORE TOTALE,CERVANTES,MAXIQUADERNO COLORE TOTALE,9,PB1001IT PB1002IT PB1003IT PB1004IT PB1005IT PB1006IT PB1007IT PB1008IT PB1019IT,PB1005IT · W2 taglia media,,,,,PB1005IT,,,,
PB1000,CERVANTES,MAXIQUADERNO COLORE TOTALE,1,PB1000IT,,,,,,,,,,
PB1056IT,CERVANTES,MAXIQUADERNO PPL,9,PB1056IT-0A PB1056IT-0B PB1056IT-0C PB1056IT-0Q PB1056IT-1R PB1056IT-4F PB1056IT-4M PB1056IT-5M PB1056IT-10,PB1056IT-1R · W2 taglia media,,,,,PB1056IT-1R,,,,
PB1050IT,CERVANTES,MAXIQUADERNO SPIRALATO,12,PB1050IT-1R PB1050IT-4M PB1050IT-5M PB1051IT-1R PB1051IT-4M PB1051IT-5M PB1052IT-1R PB1052IT-4M PB1052IT-5M PB1053IT-1R PB1053IT-4M PB1053IT-5M,PB1052IT-1R · W2 taglia media,,,,,PB1052IT-1R,,,,
PB420IT-01,CERVANTES,MAXIQUADERNO SPIRALATO CON DIVISORI PPL,3,PB420IT-01 PB420IT-02 PB420IT-03,,,,,,,,,,
PB1057IT,CERVANTES,MAXIQUADERNO SPIRALATO PPL,4,PB1057IT-1R PB1057IT-4M PB1057IT-5M PB1057IT-BI,PB1057IT-5M · W2 taglia media,,,,,PB1057IT-5M,,,,
PROTOCOLLO,CERVANTES,PROTOCOLLO,7,PB370IT-0C PB370IT-0Q PB370IT-1R PB370IT-4F PB370IT-4M PB370IT-5M PB370IT-UB,PB370IT-4F · W2 taglia media,,,,,PB370IT-4F,,,,
QUADERNO A5 COLORE TOTALE,CERVANTES,QUADERNO A5 COLORE TOTALE,5,PB1009IT PB1010IT PB1012IT PB1014IT PB1015IT,PB1012IT · W2 taglia media,,,,,PB1012IT,,,,
PB1062IT,CERVANTES,QUADERNO A5 SPIRALATO PPL,3,PB1062IT-1R PB1062IT-4M PB1062IT-5M,PB1062IT-4M · W2 taglia media,,,,,PB1062IT-4M,,,,
PB363,CERVANTES,QUADERNO MUSICA,1,PB363,,,,,,,,,,
CE1061IT,CERVANTES,RICAMBI RINFORZATI 100G,17,CE1061IT-0A CE1061IT-0B CE1061IT-0C CE1061IT-0Q CE1061IT-1R CE1061IT-4F CE1061IT-4M CE1061IT-5M CE1061IT-10 CE1064IT-0A CE1064IT-0B CE1064IT-0C CE1064IT-0Q CE1064IT-1R CE1064IT-4M CE1064IT-5M CE1064IT-10,CE1061IT-10 · W2 taglia media,,,,,CE1061IT-10,,,,
RICAMBI RINFORZATI 80G,CERVANTES,RICAMBI RINFORZATI 80G,10,PB1021IT PB1022IT PB1023IT PB1024IT PB1025IT PB1026IT PB1027IT PB1058IT PB1059IT PB1060IT,PB1026IT · W2 taglia media,,,,,PB1026IT,,,,
PB568-1IT,CERVANTES,RUBRICHE,2,PB568-1IT PB568-2IT,,,,,,,,,,
S051,BE BASIC,ACQUERELLI,1,S051,,,,,,,,,,
S031,BE BASIC,ASTUCCI,1,S031,,,,,,,,,,
S032,BE BASIC,ASTUCCI,1,S032,,,,,,,,,,
S033,BE BASIC,BUSTE,1,S033,,,,,,,,,,
S034,BE BASIC,BUSTE,1,S034,,,,,,,,,,
S047,BE BASIC,BUSTE,1,S047,,BEBASIC BUSTA 50PZ · M3 stesso design 2 formati,,BEBASIC BUSTA 50PZ,,,,,,
S048,BE BASIC,BUSTE,1,S048,,BEBASIC BUSTA 50PZ · M3 stesso design 2 formati,,BEBASIC BUSTA 50PZ,,,,,,
S059,BE BASIC,CALCOLATRICI,1,S059,,,,,,,,,,
S060,BE BASIC,CALCOLATRICI,1,S060,,,,,,,,,,
S061,BE BASIC,CALCOLATRICI,1,S061,,,,,,,,,,
S054,BE BASIC,CARTA PER STAMPANTE,1,S054,,,,,,,,,,
S037,BE BASIC,COLLE,1,S037,,BEBASIC COLLA STICK · M3 stesso design 2 formati,,S037,,,,,,
S038,BE BASIC,COLLE,1,S038,,BEBASIC COLLA STICK · M3 stesso design 2 formati,,S037,,,,,,
S002,BE BASIC,CORRETTORI A NASTRO,1,S002,,,,,,,,,,
S049,BE BASIC,CORRETTORI A NASTRO,1,S049,,,,,,,,,,
S063,BE BASIC,CORRETTORI A NASTRO,4,S063 S063-1 S063-2 S063-3,S063-2 · W2 taglia media,BEBASIC CORRETTORE A NASTRO 5MMX12M 3PZ · M3 stesso design 2 formati,,BEBASIC CORRETTORE A NASTRO 5MMX12M 3PZ,,,,,,
S064,BE BASIC,CORRETTORI A NASTRO,1,S064,,BEBASIC CORRETTORE A NASTRO 5MMX12M 3PZ · M3 stesso design 2 formati,,BEBASIC CORRETTORE A NASTRO 5MMX12M 3PZ,,,,,,
S005,BE BASIC,EVIDENZIATORI,1,S005,,BEBASIC EVIDENZIATORI A PENNA 6PZ · M3 stesso design 2 formati,,BEBASIC EVIDENZIATORI A PENNA 6PZ,,,,,,
S020,BE BASIC,EVIDENZIATORI,1,S020,,,,,,,,,,
S068,BE BASIC,EVIDENZIATORI,1,S068,,BEBASIC EVIDENZIATORI A PENNA 6PZ · M3 stesso design 2 formati,,BEBASIC EVIDENZIATORI A PENNA 6PZ,,,,,,
S017,BE BASIC,FERMACARTE,1,S017,,,,,,,,,,
S026,BE BASIC,FORBICI,1,S026,,,,,,,,,,
S004,BE BASIC,GOMME,1,S004,,,,,,,,,,
S012,BE BASIC,MARCATORI INDELEBILI,2,S012-01 S012-02,,,,,,,,,,
S046,BE BASIC,MARCATORI INDELEBILI,2,S046-01 S046-02,,,,,,,,,,
S055,BE BASIC,MARCATORI INDELEBILI,3,S055-01 S055-02 S055-03,,,,,,,,,,
S056,BE BASIC,MARCATORI INDELEBILI,2,S056-01 S056-02,,,,,,,,,,
S003,BE BASIC,MATITE,1,S003,,,,,,,,,,
S039-40,BE BASIC,MATITE COLORATE,2,S039 S040,,,,,,,,,,
S066,BE BASIC,MATITE COLORATE,1,S066,,,,,,,,,,
S030,BE BASIC,NOTE,1,S030,,,,,,,,,,
S062,BE BASIC,NOTE,1,S062,,,,,,,,,,
S027,BE BASIC,NOTE ADESIVE,1,S027,,,,,,,,,,
S028,BE BASIC,NOTE ADESIVE,1,S028,,,,,,,,,,
S041-42,BE BASIC,PASTELLI A CERA,2,S041 S042,,,,,,,,,,
S013,BE BASIC,PENNARELLI PER LAVAGNA,2,S013-01 S013-02,,,,,,,,,,
S006,BE BASIC,PENNE A INCHIOSTRO LIQUIDO,1,S006,,,,,,,,,,
S001,BE BASIC,PENNE A SFERA,1,S001,,,,,,,,,,
S065,BE BASIC,PENNE A SFERA,1,S065,,,,,,,,,,
S019,BE BASIC,PENNE CANCELLABILI,1,S019,,,,,,,,,,
S043,BE BASIC,PENNELLI,1,S043,,BEBASIC SET DI PENNELLI PZ · M3 stesso design 2 formati,,BEBASIC SET DI PENNELLI PZ,,,,,,
S044,BE BASIC,PENNELLI,1,S044,,BEBASIC SET DI PENNELLI PZ · M3 stesso design 2 formati,,BEBASIC SET DI PENNELLI PZ,,,,,,
S071,BE BASIC,PENNELLI,1,S071,,,,,,,,,,
S025,BE BASIC,PERFORATORI,1,S025,,,,,,,,,,
S023,BE BASIC,PINZATRICI,1,S023,,,,,,,,,,
S024,BE BASIC,PINZATRICI,1,S024,,,,,,,,,,
S050,BE BASIC,PITTURA ACRILICA,12,S050-01 S050-02 S050-03 S050-04 S050-05 S050-06 S050-07 S050-08 S050-09 S050-10 S050-11 S050-12,S050-04 · W1 colore di punta BLU,,,,,S050-04,,,,
S053,BE BASIC,PITTURA ACRILICA,1,S053,,,,,,,,,,
S008,BE BASIC,PORTAMINE,1,S008,,BEBASIC PORTAMINE+RICARICA MINE HB 0.7 M · M3 stesso design 2 formati,,BEBASIC PORTAMINE+RICARICA MINE HB 0.7 M,,,,,,
S009,BE BASIC,PORTAMINE,1,S009,,BEBASIC PORTAMINE+RICARICA MINE HB 0.7 M · M3 stesso design 2 formati,,BEBASIC PORTAMINE+RICARICA MINE HB 0.7 M,,,,,,
S010,BE BASIC,PORTAMINE,1,S010,,,,,,,,,,
S011,BE BASIC,PORTAMINE,1,S011,,,,,,,,,,
S018,BE BASIC,PUNTI METALLICI,1,S018,,,,,,,,,,
S029,BE BASIC,SEGNAPAGINE,1,S029,,,,,,,,,,
S007,BE BASIC,TEMPERAMATITE,1,S007,,,,,,,,,,
S021,BE BASIC,TEMPERAMATITE,1,S021,,,,,,,,,,
S022,BE BASIC,TEMPERAMATITE,1,S022,,,,,,,,,,
S052,BE BASIC,TEMPERE,1,S052,,,,,,,,,,
MO248,ZAINI E ASTUCCI,ASTUCCIO,5,MO248IT-01 MO248IT-02 MO248IT-03 MO248IT-04 MO248IT-05,,,,,,,,,,
PA261,ZAINI E ASTUCCI,ASTUCCIO,1,PA261,,SAMPACK ASTUCCIO RETTANGOLARE SIMILPELLE CO · M3 stesso design 2 formati,,SAMPACK ASTUCCIO RETTANGOLARE SIMILPELLE CO,,,,,,
PA262,ZAINI E ASTUCCI,ASTUCCIO,1,PA262,,,,,,,PA262,,,
PA263,ZAINI E ASTUCCI,ASTUCCIO,1,PA263,,,,,,,,,,
PA265,ZAINI E ASTUCCI,ASTUCCIO,1,PA265,,SAMPACK ASTUCCIO RETTANGOLARE SIMILPELLE CO · M3 stesso design 2 formati,,SAMPACK ASTUCCIO RETTANGOLARE SIMILPELLE CO,,,,,,
PA273,ZAINI E ASTUCCI,ASTUCCIO,1,PA273,,,,,,,,,,
PA751,ZAINI E ASTUCCI,ASTUCCIO,1,PA751,,,,,,,,,,
SA034,ZAINI E ASTUCCI,ASTUCCIO,2,SA034-1 SA034-2,,,,,,,,,,
SA035,ZAINI E ASTUCCI,ASTUCCIO,1,SA035,,,,,,,,,,
SA036,ZAINI E ASTUCCI,ASTUCCIO,1,SA036,,SAMPACK ASTUCCIO PORTAMATITE CON 3ZIP 22X10X10CM · M3 stesso design 4 formati,,SAMPACK ASTUCCIO PORTAMATITE CON 3ZIP 22X10X10CM,,,,,,
SA039,ZAINI E ASTUCCI,ASTUCCIO,1,SA039,,SAMPACK ASTUCCIO PORTAMATITE CON 3ZIP 22X10X10CM · M3 stesso design 4 formati,,SAMPACK ASTUCCIO PORTAMATITE CON 3ZIP 22X10X10CM,,,,,,
SA040,ZAINI E ASTUCCI,ASTUCCIO,1,SA040,,SAMPACK ASTUCCIO PORTAMATITE CON 3ZIP 22X10X10CM · M3 stesso design 4 formati,,SAMPACK ASTUCCIO PORTAMATITE CON 3ZIP 22X10X10CM,,,,,,
SA041,ZAINI E ASTUCCI,ASTUCCIO,1,SA041,,SAMPACK ASTUCCIO PORTAMATITE CON 3ZIP 22X10X10CM · M3 stesso design 4 formati,,SAMPACK ASTUCCIO PORTAMATITE CON 3ZIP 22X10X10CM,,,,,,
SA043,ZAINI E ASTUCCI,ASTUCCIO,1,SA043,,SAMPACK ASTUCCIO TRASPARENTE CON 2ZIP 23X6X9CM · M3 stesso design 2 formati,,SAMPACK ASTUCCIO TRASPARENTE CON 2ZIP 23X6X9CM,,,,,,
SA044,ZAINI E ASTUCCI,ASTUCCIO,1,SA044,,SAMPACK ASTUCCIO TRASPARENTE CON 2ZIP 23X6X9CM · M3 stesso design 2 formati,,SAMPACK ASTUCCIO TRASPARENTE CON 2ZIP 23X6X9CM,,,,,,
SA045,ZAINI E ASTUCCI,ASTUCCIO,2,SA045-1 SA045-2,,,,,,,,,,
SA047,ZAINI E ASTUCCI,ASTUCCIO,1,SA047,,,,,,,,,,
SA050,ZAINI E ASTUCCI,ASTUCCIO,1,SA050,,SAMPACK ASTUCCIO PORTAMATITE CON 4ZIP 22X10X10CM · M3 stesso design 2 formati,,SAMPACK ASTUCCIO PORTAMATITE CON 4ZIP 22X10X10CM,,,,,,
SA051,ZAINI E ASTUCCI,ASTUCCIO,1,SA051,,SAMPACK ASTUCCIO PORTAMATITE CON 4ZIP 22X10X10CM · M3 stesso design 2 formati,,SAMPACK ASTUCCIO PORTAMATITE CON 4ZIP 22X10X10CM,,,,,,
MO509,ZAINI E ASTUCCI,BORSA PORTA MERENDA,4,MO509-2 MO509-3 MO509-5 MO509-6,,,,,,,,,,
SA510,ZAINI E ASTUCCI,BORSA PORTA MERENDA,4,SA510-1 SA510-2 SA510-6 SA510-7,,,,,,,,,,
SA317,ZAINI E ASTUCCI,TROLLEY,2,SA317-1 SA317-7,,,,,,,,,,
MO001,ZAINI E ASTUCCI,ZAINO,1,MO001,,,,,,,,,,
MO013,ZAINI E ASTUCCI,ZAINO,1,MO013,,,,,,,,,,
MO506,ZAINI E ASTUCCI,ZAINO,4,MO506-2 MO506-3 MO506-5 MO506-6,,,,,,,,,,
MO507,ZAINI E ASTUCCI,ZAINO,4,MO507-2 MO507-3 MO507-5 MO507-6,,,,,,,,,,
MO508,ZAINI E ASTUCCI,ZAINO,4,MO508-1 MO508-2 MO508-3 MO508-4,MO508-3 · W2 taglia media,,,,,MO508-3,,,,
SA318,ZAINI E ASTUCCI,ZAINO,3,SA318-1 SA318-2 SA318-6,,,,,,,,,,
SA319,ZAINI E ASTUCCI,ZAINO,5,SA319-1 SA319-3 SA319-4 SA319-5 SA319-6,SA319-4 · W1 colore di punta BLU,,,,,SA319-4,,,,
SA320,ZAINI E ASTUCCI,ZAINO,1,SA320-2,,,,,,,,,,
SA321,ZAINI E ASTUCCI,ZAINO,4,SA321-1 SA321-2 SA321-6 SA321-7,,,,,,,,,,
PB364,QUADERNI,ALBUM MUSICA,1,PB364IT,,,,,,,,,,
PB365,QUADERNI,ALBUM MUSICA,1,PB365IT,,,,,,,,,,
ESSENTIAL,QUADERNI,MAXIQUADERNO FANTASY,10,PB205IT-0A PB205IT-0B PB205IT-0C PB205IT-0Q PB205IT-1F PB205IT-1R PB205IT-4F PB205IT-4M PB205IT-5M PB205IT-10,PB205IT-1R · W2 taglia media,,,,,PB205IT-1R,,,,
KU57024,SANRIO,ACQUERELLI,1,KU57024,,,,,,,,,,
HK57011,SANRIO,ASTUCCI,1,HK57011,,,,,,,,,,
KU57011,SANRIO,ASTUCCI,1,KU57011,,,,,,,,,,
HK57020,SANRIO,EVIDENZIATORI,1,HK57020,,,,,,,,,,
KU57020,SANRIO,EVIDENZIATORI,1,KU57020,,,,,,,,,,
HK57009,SANRIO,KIT DI CARTOLERIA,1,HK57009,,,,,,,,,,
KU57009,SANRIO,KIT DI CARTOLERIA,1,KU57009,,,,,,,,,,
HK57025,SANRIO,MATITE COLORATE,1,HK57025,,HELLO KITTY SET MATITE COLORATE CONF. COLORI · M3 stesso design 2 formati,,HELLO KITTY SET MATITE COLORATE CONF. COLORI,,,,,,
KU57025,SANRIO,MATITE COLORATE,1,KU57025,,HELLO KITTY SET MATITE COLORATE CONF. COLORI · M3 stesso design 2 formati,,HELLO KITTY SET MATITE COLORATE CONF. COLORI,,,,,,
HK57024,SANRIO,PENNARELLI,1,HK57024,,,,,,,,,,
HK57008,SANRIO,PENNE A INCHIOSTRO INVISIBILE,1,HK57008,,,,,,,,,,
KU57008,SANRIO,PENNE A INCHIOSTRO INVISIBILE,1,KU57008,,,,,,,,,,
HK57003,SANRIO,PENNE A INCHIOSTRO LIQUIDO,1,HK57003,,,,,,,,,,
KU57003,SANRIO,PENNE A INCHIOSTRO LIQUIDO,1,KU57003,,,,,,,,,,
HK57005,SANRIO,PENNE A SFERA,1,HK57005,,,,,,,,,,
HK57006,SANRIO,PENNE A SFERA,1,HK57006,,,,,,,,,,
KU57005,SANRIO,PENNE A SFERA,1,KU57005,,,,,,,,,,
KU57006,SANRIO,PENNE A SFERA,1,KU57006,,,,,,,,,,
HK57001,SANRIO,PENNE CANCELLABILI,1,HK57001,,,,,,,,,,
HK57002,SANRIO,PENNE CANCELLABILI,1,HK57002,,,,,,,,,,
HK57004,SANRIO,PENNE CANCELLABILI,1,HK57004,,,,,,,,,,
HK57007,SANRIO,PENNE CANCELLABILI,1,HK57007,,,,,,,,,,
KU57001,SANRIO,PENNE CANCELLABILI,1,KU57001,,,,,,,,,,
KU57002,SANRIO,PENNE CANCELLABILI,1,KU57002,,,,,,,,,,
KU57004,SANRIO,PENNE CANCELLABILI,1,KU57004,,,,,,,,,,
KU57007,SANRIO,PENNE CANCELLABILI,1,KU57007,,,,,,,,,,
HK57013,SANRIO,WASHI TAPE,1,HK57013,,,,,,,,,,
HK57014,SANRIO,WASHI TAPE,1,HK57014,,,,,,,,,,
KU57013,SANRIO,WASHI TAPE,1,KU57013,,,,,,,,,,
KU57014,SANRIO,WASHI TAPE,1,KU57014,,,,,,,,,,
KU40004,SANRIO,ZAINO,1,KU40004,,KUROMI ZAINO SCOLASTICO 2ZIP · M3 stesso design 2 formati,,KUROMI ZAINO SCOLASTICO 2ZIP,,,,,,
KU40005,SANRIO,ZAINO,1,KU40005,,KUROMI ZAINO SCOLASTICO 2ZIP · M3 stesso design 2 formati,,KUROMI ZAINO SCOLASTICO 2ZIP,,,,,,
PF041IT-12,COPRIMAXI,COPRIMAXI,12,PF041IT-01 PF041IT-02 PF041IT-03 PF041IT-04 PF041IT-05 PF041IT-06 PF041IT-07 PF041IT-08 PF041IT-09 PF041IT-10 PF041IT-11 PF041IT-12,PF041IT-03 · W1 colore di punta BLU,,,,,PF041IT-03,,,,
PF042IT-10,COPRIMAXI,COPRIMAXI,10,PF042IT-01 PF042IT-02 PF042IT-03 PF042IT-04 PF042IT-05 PF042IT-06 PF042IT-07 PF042IT-08 PF042IT-09 PF042IT-10,PF042IT-06 · W2 taglia media,,,,,PF042IT-06,,,,
PF043,COPRIMAXI,COPRIMAXI,1,PF043IT,,,,,,,,,,
BD23023,Bigdream,KIT,1,BD23023,,,,,,,,,,
PB978,MODULISTICA,BLOCCHI,1,PB978IT,,,,,,,,,,
PB972,MODULISTICA,BUONI,1,PB972IT,,BUONI DI CONSEGNA COPIE MODULI MP · M3 stesso design 2 formati,,BUONI DI CONSEGNA COPIE MODULI MP,,,,,,
PB973,MODULISTICA,BUONI,1,PB973IT,,BUONI DI CONSEGNA COPIE MODULI MP · M3 stesso design 2 formati,,BUONI DI CONSEGNA COPIE MODULI MP,,,,,,
PN529IT,MODULISTICA,CARTA TERMINCA,6,PN529IT PN529IT PN531IT PN531IT PN534IT PN534IT,PN531IT · W2 taglia media,,,,,PN531IT,,,,
PB976,MODULISTICA,COMANDE,1,PB976IT,,COMANDE COPIE MODULI MP · M3 stesso design 2 formati,,COMANDE COPIE MODULI MP,,,,,,
PB977,MODULISTICA,COMANDE,1,PB977IT,,COMANDE COPIE MODULI MP · M3 stesso design 2 formati,,COMANDE COPIE MODULI MP,,,,,,
PB974,MODULISTICA,DDT,1,PB974IT,,,,,,,,,,
PB970,MODULISTICA,REGISTRI,1,PB970IT,,,,,,,,,,
PB971,MODULISTICA,RICEVUTE,1,PB971IT,,,,,,,,,,
PB975,MODULISTICA,RICEVUTE,1,PB975IT,,,,,,,,,,
PB979,MODULISTICA,RICEVUTE,1,PB979IT,,,,,,,,,,
PB980,MODULISTICA,RICEVUTE,1,PB980IT,,,,,,,,,,
MP BLOCCO A7 70FF/60G,BLOCCHI,BLOCCHI,8,PB184IT PB185IT PB186IT-01 PB186IT-02 PB186IT-03 PB187IT-01 PB187IT-02 PB187IT-03,PB186IT-03 · W2 taglia media,,,,,PB186IT-03,,,,
MP BLOCCO SPIRALATO A7 60FF/80G,BLOCCHI,BLOCCHI SPIRALATI,8,PB188IT PB189IT PB190IT-01 PB190IT-02 PB190IT-03 PB191IT-01 PB191IT-02 PB191IT-03,PB190IT-03 · W2 taglia media,,,,,PB190IT-03,,,,
"PB1028IT
PB1029IT",BLOCCHI DA DISEGNO,CARTA LUCIDA,2,PB1028IT PB1029IT,,,,,,,,,,
"PB1030IT
PB1031IT",BLOCCHI DA DISEGNO,CARTA MILLIMETRATA,2,PB1030IT PB1031IT,,,,,,,,,,
PB1032,BLOCCHI DA DISEGNO,M2,1,PB1032IT,,,,,,,,,,
PB1033,BLOCCHI DA DISEGNO,M2,1,PB1033IT,,,,,,,,,,
PB1034,BLOCCHI DA DISEGNO,M2,1,PB1034IT,,,,,,,,,,
PB1035,BLOCCHI DA DISEGNO,M4,1,PB1035IT,,BLOCCO DISEGNO M4 20FF LISCIO ARTIX · M3 stesso design 2 formati,,BLOCCO DISEGNO M4 20FF LISCIO ARTIX,,,,,,
PB1036,BLOCCHI DA DISEGNO,M4,1,PB1036IT,,BLOCCO DISEGNO M4 20FF RUVIDO ARTIX · M3 stesso design 2 formati,,BLOCCO DISEGNO M4 20FF RUVIDO ARTIX,,,,,,
PB1037,BLOCCHI DA DISEGNO,M4,1,PB1037IT,,BLOCCO DISEGNO M4 20FF RIQ.LISC ARTIX · M3 stesso design 2 formati,,BLOCCO DISEGNO M4 20FF RIQ.LISC ARTIX,,,,,,
PB1039,BLOCCHI DA DISEGNO,M4,1,PB1039IT,,BLOCCO DISEGNO M4 20FF LISCIO ARTIX · M3 stesso design 2 formati,,BLOCCO DISEGNO M4 20FF LISCIO ARTIX,,,,,,
PB1040,BLOCCHI DA DISEGNO,M4,1,PB1040IT,,BLOCCO DISEGNO M4 20FF RUVIDO ARTIX · M3 stesso design 2 formati,,BLOCCO DISEGNO M4 20FF RUVIDO ARTIX,,,,,,
PB1041,BLOCCHI DA DISEGNO,M4,1,PB1041IT,,BLOCCO DISEGNO M4 20FF RIQ.LISC ARTIX · M3 stesso design 2 formati,,BLOCCO DISEGNO M4 20FF RIQ.LISC ARTIX,,,,,,
PB1038,BLOCCHI DA DISEGNO,MC,1,PB1038IT,,,,,,,,,,
PG018IT,ACCESSORI,ELASTICI,9,PG006IT PG006IT-F PG007IT PG008IT PG009IT PG011IT PG014IT PG015IT PG018IT,PG009IT · W2 taglia media,,,,,PG009IT,,,,
PA010,ACCESSORI,NASTRO TESSILE,1,PA010,,,,,,,,,,
PA337,ACCESSORI,PORTACHIAVI,1,PA337-1,,,,,,,,,,
EX167,ESPOSITORE,CESTONE,1,EX167-100IT,,,,,,,,,,
EXM009,ESPOSITORE,LIBRERIA,1,EXM009XIT,,,,,,,,,,
PF043,COPRILIBRO,COPRILIBRO,1,PF043,,,,,,,,,,
PF044,COPRILIBRO,COPRILIBRO,1,PF044,,,,,,,,,,
PP501,BELLE ARTI,BULINI,1,PP501IT,,,,,,,,,,
PP500,BELLE ARTI,RASCHIETTO,1,PP500IT,,,,,,,,,,
MP TEMPERAMATITE DOPPIO FORO CON SERBATOIO CO,,,,,,,,,,,,,,
MP BUSTA 20PZ,,,,,,,,MP BUSTA 20PZ,PS007 PS004,,,,,
MP BUSTA 10PZ C/ASSORT,,,,,,,,MP BUSTA 20PZ,,,,,,
MP CESTINO METALLICO NERO,,,,,,,,,PA920C,,,,,
PA920C,,,,,,,,PA919C,,,,,,
PA919C,,,,,,,,PA919C,,,,,,
MP RIGHELLO CON GUIDE FORME LETTERE,,,,,,,,MP RIGHELLO CON GUIDE FORME LETTERE,,,,,,
ARTIX BLOCCO DISEGNO COP. PP NERO LISC,,,,,,,,,PB346,,,,,
MP SET PENNELLI PER SCUOLA,,,,,,,,,PP220,,,,,
MP SET PENNELLI SCOLASTICI EASY GRIP,,,,,,,,,PP279 PP279-1,,,,,
ARTIX PENNELLI PROF 3PZ ASSORT,,,,,,,,,,,,,,
ARTIX PENNELLI PROF PIATTI/TONDI 3PZ ASSORT,,,,,,,,,,,PP284,,,
MP CARTONCINO BIANCO DIAMANTE,,,,,,,,,,,PN430,,,
MP CORRETTORE A PENNA 4PZ,,,,,,,,,,,PA431,,,
MP MINI CORRETTORE A NASTRO X,,,,,,,,,,PA467-1,PA467-2,,,
PE552AM,,,,,,,,,,,,,,
PE552A,,,,,,,,,,,,,,
PE551AM,,,,,,,,,,,,,,
MP CORRETTORE A NASTRO X,,,,,,,,MP CORRETTORE A NASTRO X,,,,,,
MP MINI CORRETTORE A PENNA 4PZ,,,,,,,,,,,PA435,,,
